application_id,producer_id,application_date,requested_amount,term_months,interest_rate,collateral_value,purpose,state,rainfall,temperature,drought_index,crop_price,selic,inflation,usd_brl,commodity_index,true_default_probability
APP0000001,PRD000001,2026-06-05,11902.09,12,12.78,20017.19,custeio,GO,212.8,24.8,0.061,79.58,16.47,8.03,6.961,81.3,0.4479
APP0000002,PRD000001,2023-11-28,30438.19,18,8.65,46077.27,industrializacao,GO,93.4,18.8,0.132,82.2,11.34,4.18,4.877,101.75,0.3004
APP0000003,PRD000001,2022-12-31,86265.01,12,17.64,69549.32,investimento,GO,142.2,31.6,0.172,86.92,11.08,4.15,5.026,98.95,0.3711
APP0000004,PRD000002,2023-12-05,43781.3,18,7.68,71474.73,custeio,PR,110.8,19.8,0.02,168.56,11.37,4.23,4.853,101.44,0.4037
APP0000005,PRD000002,2025-02-20,57426.17,6,17.44,68196.94,industrializacao,PR,119.0,28.3,0.522,153.27,14.99,6.26,6.101,85.95,0.6996
APP0000006,PRD000003,2026-03-29,34458.94,18,9.08,28704.0,custeio,GO,144.1,30.5,0.169,88.01,16.55,7.88,7.004,81.6,0.6019
APP0000007,PRD000003,2025-10-15,149718.04,12,7.04,183532.03,investimento,GO,133.0,19.5,0.257,92.08,16.74,7.72,7.0,80.46,0.5689
APP0000008,PRD000003,2023-07-06,56423.37,18,8.92,54679.69,industrializacao,GO,76.1,26.5,0.283,79.42,11.39,4.11,4.951,102.57,0.4079
APP0000009,PRD000004,2023-02-19,7235.31,24,11.97,11685.39,investimento,PI,168.5,29.6,0.157,176.91,11.2,3.98,4.998,100.89,0.3421
APP0000010,PRD000004,2026-06-24,18363.83,6,6.68,24697.97,investimento,PI,145.6,23.9,0.115,187.45,16.47,8.03,6.961,81.3,0.5891
APP0000011,PRD000004,2025-11-28,9990.17,6,6.9,10236.24,custeio,PI,148.0,32.3,0.041,156.31,16.6,7.75,6.959,81.73,0.6032
APP0000012,PRD000005,2025-02-23,13787.0,18,10.65,12160.3,comercializacao,RS,65.2,32.3,0.335,75.36,14.99,6.26,6.101,85.95,0.4164
APP0000013,PRD000005,2024-04-03,21244.01,18,12.91,36018.61,industrializacao,RS,41.7,21.6,0.671,66.52,11.32,4.4,4.805,100.32,0.2745
APP0000014,PRD000005,2022-04-30,44188.6,24,12.7,41336.04,investimento,RS,194.1,22.1,0.188,89.97,10.71,4.56,5.06,99.87,0.2408
APP0000015,PRD000005,2024-10-06,64699.44,18,12.73,65181.03,comercializacao,RS,145.7,19.7,0.248,86.35,12.65,5.14,5.398,92.17,0.2798
APP0000016,PRD000006,2026-06-02,77302.4,12,12.27,74631.61,custeio,SP,128.1,18.6,0.032,71.77,16.47,8.03,6.961,81.3,0.4656
APP0000017,PRD000006,2022-06-19,76859.72,18,6.79,132128.73,custeio,SP,123.4,21.4,0.129,62.48,10.82,4.51,5.065,99.4,0.2523
APP0000018,PRD000006,2023-09-21,28937.12,12,7.34,25571.89,custeio,SP,108.4,29.3,0.269,68.04,11.49,4.14,4.898,102.79,0.3448
APP0000019,PRD000007,2026-11-14,26460.36,18,10.41,16949.11,industrializacao,PR,80.6,30.2,0.073,157.11,16.32,7.8,6.864,85.41,0.6153
APP0000020,PRD000007,2025-10-28,16528.05,36,12.54,17514.46,industrializacao,PR,218.0,23.8,0.132,170.37,16.74,7.72,7.0,80.46,0.5714
APP0000021,PRD000007,2022-10-23,36177.38,12,11.37,60728.89,comercializacao,PR,173.6,32.4,0.093,182.74,11.13,4.34,5.037,97.77,0.2995
APP0000022,PRD000008,2022-11-03,53603.32,36,17.83,77425.77,comercializacao,TO,78.3,27.5,0.224,136.96,11.17,4.25,4.99,99.15,0.1391
APP0000023,PRD000008,2023-03-05,5000,36,15.79,3635.17,custeio,TO,131.5,20.4,0.194,121.97,11.34,4.05,4.953,99.59,0.1805
APP0000024,PRD000008,2022-10-21,157081.01,18,13.68,105367.02,custeio,TO,158.6,32.2,0.212,125.45,11.13,4.34,5.037,97.77,0.1786
APP0000025,PRD000008,2024-11-30,22585.65,12,8.85,28532.34,investimento,TO,188.9,30.7,0.161,135.32,13.13,5.44,5.596,90.86,0.1735
APP0000026,PRD000009,2024-04-07,37349.86,24,8.53,30507.3,industrializacao,RS,41.7,21.6,0.671,66.52,11.32,4.4,4.805,100.32,0.7036
APP0000027,PRD000009,2024-01-14,40779.94,12,10.86,66686.84,comercializacao,RS,103.3,19.2,0.498,73.47,11.38,4.15,4.823,100.55,0.5926
APP0000028,PRD000009,2022-10-19,50657.62,24,10.9,70374.25,custeio,RS,102.5,34.0,0.248,91.1,11.13,4.34,5.037,97.77,0.5291
APP0000029,PRD000009,2026-11-15,16654.8,6,13.92,13501.36,investimento,RS,81.7,30.2,0.088,93.63,16.32,7.8,6.864,85.41,0.7402
APP0000030,PRD000010,2025-03-02,27203.71,36,17.48,46016.98,industrializacao,BA,90.6,30.7,0.538,96.08,15.36,6.47,6.304,83.95,0.6384
APP0000031,PRD000010,2026-02-09,31299.21,36,7.37,30167.38,investimento,BA,123.1,21.1,0.218,110.61,16.55,7.87,6.969,81.38,0.6726
APP0000032,PRD000011,2025-08-30,39382.83,18,9.57,29402.74,industrializacao,SP,206.2,30.9,0.238,60.52,16.68,7.68,6.994,80.38,0.7664
APP0000033,PRD000011,2026-07-14,29884.5,6,13.07,27291.89,industrializacao,SP,171.3,31.1,0.3,63.08,16.33,7.98,6.914,82.48,0.7267
APP0000034,PRD000011,2022-08-27,16435.89,36,11.55,13545.7,custeio,SP,178.0,20.4,0.129,71.21,10.97,4.34,5.033,99.26,0.5117
APP0000035,PRD000012,2025-09-27,102299.31,36,16.97,149614.54,comercializacao,PR,66.3,32.1,0.142,167.18,16.79,7.7,7.0,79.08,0.5515
APP0000036,PRD000012,2025-02-17,129554.09,12,8.22,204019.83,custeio,PR,119.0,28.3,0.522,153.27,14.99,6.26,6.101,85.95,0.6228
APP0000037,PRD000013,2026-06-13,18256.88,6,12.8,14750.09,comercializacao,PI,145.6,23.9,0.115,187.45,16.47,8.03,6.961,81.3,0.5421
APP0000038,PRD000013,2026-04-08,43875.37,24,12.46,52961.89,comercializacao,PI,120.1,30.5,0.089,173.73,16.55,7.95,7.038,80.49,0.4757
APP0000039,PRD000014,2025-11-20,110888.54,18,14.17,114086.25,industrializacao,GO,128.2,18.4,0.163,80.38,16.6,7.75,6.959,81.73,0.699
APP0000040,PRD000014,2026-03-18,30709.71,36,16.33,39573.23,custeio,GO,144.1,30.5,0.169,88.01,16.55,7.88,7.004,81.6,0.7259
APP0000041,PRD000015,2023-03-07,119223.21,6,6.76,92881.85,comercializacao,MT,63.7,27.8,0.05,124.39,11.34,4.05,4.953,99.59,0.1661
APP0000042,PRD000015,2025-09-21,14229.56,24,9.69,23356.8,custeio,MT,125.1,22.3,0.189,117.18,16.79,7.7,7.0,79.08,0.2729
APP0000043,PRD000016,2022-01-11,36298.34,6,8.17,23887.93,investimento,MS,71.3,27.3,0.29,203.82,10.46,4.45,5.045,98.92,0.4939
APP0000044,PRD000016,2022-08-30,105925.53,12,7.12,140563.68,custeio,MS,181.0,21.6,0.118,198.86,10.97,4.34,5.033,99.26,0.4222
APP0000045,PRD000017,2022-08-19,30334.68,12,6.98,40679.1,investimento,SP,178.0,20.4,0.129,71.21,10.97,4.34,5.033,99.26,0.481
APP0000046,PRD000018,2023-05-25,12094.48,12,6.93,15556.65,comercializacao,PI,66.5,24.2,0.284,176.44,11.32,3.99,4.959,101.0,0.4296
APP0000047,PRD000018,2023-03-03,42026.66,24,13.98,58760.52,custeio,PI,107.6,18.3,0.264,180.73,11.34,4.05,4.953,99.59,0.418
APP0000048,PRD000018,2023-08-01,22281.46,6,15.58,31631.88,investimento,PI,167.0,25.5,0.092,181.96,11.42,4.09,4.906,103.9,0.3448
APP0000049,PRD000018,2023-11-22,116534.18,18,17.79,90914.57,investimento,PI,81.5,27.8,0.209,177.89,11.34,4.18,4.877,101.75,0.4585
APP0000050,PRD000019,2025-12-05,26046.59,6,15.82,38631.78,investimento,GO,79.2,29.4,0.038,84.81,16.61,7.74,6.957,81.85,0.6242
APP0000051,PRD000019,2025-05-06,13876.77,36,12.21,8610.62,industrializacao,GO,78.0,20.3,0.647,81.36,16.25,7.09,6.729,81.39,0.801
APP0000052,PRD000020,2024-05-18,136802.12,36,10.72,132470.17,investimento,TO,101.6,27.0,0.338,104.99,11.35,4.3,4.766,101.07,0.5302
APP0000053,PRD000020,2026-09-30,100937.74,18,13.56,118619.27,comercializacao,TO,73.4,20.6,0.223,135.53,16.34,7.89,6.904,83.16,0.6376
APP0000054,PRD000021,2024-06-26,18327.77,6,11.24,13855.52,custeio,MS,132.6,33.2,0.672,145.82,11.35,4.33,4.729,101.06,0.5469
APP0000055,PRD000022,2023-10-17,151078.45,6,9.05,219426.05,investimento,RS,162.3,30.1,0.061,97.82,11.35,4.2,4.922,102.76,0.3623
APP0000056,PRD000022,2025-06-15,5021.66,24,12.99,7643.44,industrializacao,RS,141.9,31.4,0.328,80.37,16.84,7.51,6.986,80.33,0.6384
APP0000057,PRD000022,2024-01-30,28480.04,18,10.78,31618.66,investimento,RS,103.3,19.2,0.498,73.47,11.38,4.15,4.823,100.55,0.5104
APP0000058,PRD000023,2022-10-08,67316.41,24,6.53,43954.14,custeio,TO,158.6,32.2,0.212,125.45,11.13,4.34,5.037,97.77,0.3317
APP0000059,PRD000024,2022-02-24,179045.08,24,12.87,128993.5,custeio,PR,202.7,30.0,0.171,156.98,10.54,4.52,5.093,99.9,0.5477
APP0000060,PRD000024,2024-11-23,29564.87,36,6.85,43275.61,custeio,PR,135.2,26.7,0.136,181.55,13.13,5.44,5.596,90.86,0.5069
APP0000061,PRD000025,2022-06-22,33333.79,24,14.7,33286.03,comercializacao,PR,174.2,25.9,0.171,171.75,10.82,4.51,5.065,99.4,0.2069
APP0000062,PRD000025,2024-01-10,35822.85,24,8.51,51759.64,industrializacao,PR,114.3,23.1,0.312,137.67,11.38,4.15,4.823,100.55,0.2087
APP0000063,PRD000025,2026-10-27,38556.09,24,14.59,50716.39,investimento,PR,167.5,30.9,0.274,180.1,16.29,7.86,6.879,84.46,0.3105
APP0000064,PRD000025,2022-09-04,41199.8,12,13.48,32461.38,industrializacao,PR,84.9,27.6,0.187,159.83,11.12,4.39,5.008,98.34,0.1915
APP0000065,PRD000026,2026-09-13,31523.41,12,7.41,41049.05,investimento,MS,112.4,33.7,0.181,173.86,16.34,7.89,6.904,83.16,0.6044
APP0000066,PRD000026,2022-02-08,28802.39,18,17.6,38946.74,custeio,MS,166.4,27.8,0.017,172.87,10.54,4.52,5.093,99.9,0.342
APP0000067,PRD000026,2025-04-20,34997.6,18,6.93,52455.35,investimento,MS,118.1,28.3,0.542,167.89,15.89,6.77,6.48,81.98,0.6844
APP0000068,PRD000027,2026-08-08,122414.76,18,13.1,119728.54,custeio,PR,118.7,26.2,0.298,165.42,16.48,7.96,6.926,83.04,0.6297
APP0000069,PRD000028,2026-05-26,19842.17,36,12.27,31140.27,industrializacao,MS,122.0,19.7,0.28,175.36,16.46,8.05,6.992,80.92,0.562
APP0000070,PRD000028,2024-12-19,46794.49,36,11.55,34830.71,comercializacao,MS,64.6,28.3,0.126,181.44,13.83,5.67,5.708,89.04,0.5003
APP0000071,PRD000028,2024-02-22,23503.18,24,12.02,21609.03,investimento,MS,40.8,23.9,0.554,171.47,11.51,4.24,4.804,101.19,0.5421
APP0000072,PRD000029,2026-02-18,62001.91,36,13.34,80567.56,industrializacao,PR,116.8,33.7,0.148,172.05,16.55,7.87,6.969,81.38,0.7066
APP0000073,PRD000029,2026-07-11,71379.04,24,16.25,124692.42,investimento,PR,91.9,25.5,0.117,174.51,16.33,7.98,6.914,82.48,0.6774
APP0000074,PRD000030,2026-08-06,14496.0,12,14.1,20165.63,comercializacao,PR,118.7,26.2,0.298,165.42,16.48,7.96,6.926,83.04,0.6937
APP0000075,PRD000030,2025-01-22,11484.23,36,13.07,15096.81,industrializacao,PR,83.9,33.1,0.504,134.71,14.32,6.06,5.846,87.46,0.7078
APP0000076,PRD000030,2022-10-28,33591.34,36,12.29,43842.64,custeio,PR,173.6,32.4,0.093,182.74,11.13,4.34,5.037,97.77,0.4733
APP0000077,PRD000030,2024-03-28,79012.96,12,8.35,58808.67,comercializacao,PR,88.5,27.1,0.463,143.46,11.47,4.33,4.765,101.33,0.6682
APP0000078,PRD000031,2025-03-15,5000,36,8.48,7871.22,custeio,PR,118.3,25.8,0.49,135.18,15.36,6.47,6.304,83.95,0.6529
APP0000079,PRD000031,2024-08-27,138067.97,12,16.18,145841.18,industrializacao,PR,134.2,23.4,0.2,155.63,11.97,4.69,5.047,96.01,0.485
APP0000080,PRD000032,2022-11-20,37417.55,36,9.61,29874.89,investimento,TO,78.3,27.5,0.224,136.96,11.17,4.25,4.99,99.15,0.3709
APP0000081,PRD000033,2026-01-27,82554.97,24,14.14,54488.79,comercializacao,SP,133.3,23.2,0.111,71.25,16.52,7.83,6.952,81.49,0.4093
APP0000082,PRD000033,2023-06-14,41159.81,24,7.01,69128.08,investimento,SP,172.5,18.6,0.018,70.92,11.43,4.08,4.974,101.38,0.1583
APP0000083,PRD000033,2024-09-25,65715.89,18,14.81,67349.0,industrializacao,SP,152.7,24.3,0.001,62.4,12.34,4.97,5.245,93.58,0.2177
APP0000084,PRD000033,2025-04-04,53515.57,18,13.86,88927.94,comercializacao,SP,69.0,34.0,0.532,60.39,15.89,6.77,6.48,81.98,0.397
APP0000085,PRD000034,2024-02-25,45691.8,36,11.44,41980.42,investimento,MG,55.4,21.5,0.483,63.38,11.51,4.24,4.804,101.19,0.6328
APP0000086,PRD000034,2022-11-10,39854.62,12,8.34,68553.98,investimento,MG,66.4,28.6,0.018,72.17,11.17,4.25,4.99,99.15,0.3807
APP0000087,PRD000034,2026-08-18,46479.28,36,7.94,55916.41,investimento,MG,189.9,23.5,0.218,76.25,16.48,7.96,6.926,83.04,0.6928
APP0000088,PRD000034,2024-12-26,51515.6,6,16.62,39406.92,industrializacao,MG,157.0,18.7,0.295,72.55,13.83,5.67,5.708,89.04,0.6569
APP0000089,PRD000035,2025-05-17,43511.28,36,16.08,30763.27,custeio,SP,138.2,19.1,0.684,55.55,16.25,7.09,6.729,81.39,0.5611
APP0000090,PRD000035,2026-01-24,13100.45,36,13.86,10426.57,investimento,SP,133.3,23.2,0.111,71.25,16.52,7.83,6.952,81.49,0.4285
APP0000091,PRD000035,2026-01-03,30771.57,24,14.78,51491.02,investimento,SP,133.3,23.2,0.111,71.25,16.52,7.83,6.952,81.49,0.3455
APP0000092,PRD000035,2023-10-20,39549.64,18,15.47,56967.23,comercializacao,SP,115.2,18.8,0.252,69.98,11.35,4.2,4.922,102.76,0.2125
APP0000093,PRD000036,2026-03-17,26435.14,6,13.59,29467.28,investimento,MG,177.0,28.2,0.043,82.36,16.55,7.88,7.004,81.6,0.5953
APP0000094,PRD000036,2025-11-28,42373.84,6,11.91,63069.34,custeio,MG,141.5,28.1,0.111,77.44,16.6,7.75,6.959,81.73,0.5624
APP0000095,PRD000036,2026-05-01,39037.16,36,12.69,58696.66,custeio,MG,91.0,30.8,0.265,77.11,16.46,8.05,6.992,80.92,0.5809
APP0000096,PRD000037,2024-08-03,62027.73,18,7.42,57378.39,custeio,SP,95.7,22.2,0.267,70.62,11.97,4.69,5.047,96.01,0.5327
APP0000097,PRD000037,2025-06-28,17771.26,24,17.39,22304.67,investimento,SP,91.0,31.4,0.617,53.12,16.84,7.51,6.986,80.33,0.7773
APP0000098,PRD000037,2024-03-21,66080.7,18,17.2,69873.4,custeio,SP,76.5,23.5,0.678,49.8,11.47,4.33,4.765,101.33,0.663
APP0000099,PRD000037,2023-06-19,10400.98,12,7.17,14820.81,comercializacao,SP,172.5,18.6,0.018,70.92,11.43,4.08,4.974,101.38,0.4474
APP0000100,PRD000038,2025-11-28,34178.63,6,9.11,44952.0,industrializacao,MT,160.1,19.8,0.227,113.63,16.6,7.75,6.959,81.73,0.6006
APP0000101,PRD000038,2023-03-01,31450.53,12,7.65,40732.29,custeio,MT,63.7,27.8,0.05,124.39,11.34,4.05,4.953,99.59,0.3331
APP0000102,PRD000039,2022-02-20,52599.33,18,15.78,50414.15,comercializacao,GO,130.1,22.5,0.142,94.14,10.54,4.52,5.093,99.9,0.5067
APP0000103,PRD000040,2022-04-07,23044.42,24,14.35,21402.87,industrializacao,MT,144.7,22.9,0.225,120.16,10.71,4.56,5.06,99.87,0.197
APP0000104,PRD000040,2024-06-02,36184.76,24,9.51,22334.18,comercializacao,MT,55.1,30.9,0.384,108.78,11.35,4.33,4.729,101.06,0.271
APP0000105,PRD000041,2024-05-17,97028.52,24,10.41,162130.42,comercializacao,PI,139.0,33.9,0.473,155.59,11.35,4.3,4.766,101.07,0.5246
APP0000106,PRD000041,2026-04-22,26399.73,36,15.76,16755.11,comercializacao,PI,120.1,30.5,0.089,173.73,16.55,7.95,7.038,80.49,0.6989
APP0000107,PRD000041,2026-11-29,30107.06,12,15.36,30221.73,custeio,PI,182.2,33.6,0.009,169.92,16.32,7.8,6.864,85.41,0.6367
APP0000108,PRD000042,2023-04-14,101904.8,12,7.86,79749.37,industrializacao,SP,132.4,33.2,0.092,68.0,11.38,4.0,4.932,99.91,0.2975
APP0000109,PRD000042,2024-09-06,60234.32,24,8.04,58981.83,custeio,SP,152.7,24.3,0.001,62.4,12.34,4.97,5.245,93.58,0.3328
APP0000110,PRD000042,2023-07-30,49955.69,18,16.97,81035.33,comercializacao,SP,80.2,29.6,0.085,63.77,11.39,4.11,4.951,102.57,0.2551
APP0000111,PRD000043,2022-05-03,38434.85,36,12.44,41328.88,investimento,BA,103.2,29.2,0.144,118.73,10.73,4.53,5.077,99.68,0.242
APP0000112,PRD000043,2023-02-06,67616.26,36,16.65,69647.31,custeio,BA,146.8,23.8,0.13,115.79,11.2,3.98,4.998,100.89,0.2113
APP0000113,PRD000043,2026-07-01,25341.24,24,15.61,41136.19,industrializacao,BA,193.8,27.7,0.276,121.54,16.33,7.98,6.914,82.48,0.3736
APP0000114,PRD000043,2022-06-05,21068.32,12,7.11,26009.14,industrializacao,BA,168.5,18.5,0.149,120.97,10.82,4.51,5.065,99.4,0.2214
APP0000115,PRD000044,2023-04-12,26473.73,24,16.46,32794.28,comercializacao,MS,111.9,30.7,0.284,182.73,11.38,4.0,4.932,99.91,0.4534
APP0000116,PRD000044,2026-08-05,48756.93,18,17.4,39483.07,investimento,MS,62.0,31.3,0.258,175.39,16.48,7.96,6.926,83.04,0.6815
APP0000117,PRD000044,2023-06-03,16901.8,18,7.04,23848.18,comercializacao,MS,121.0,31.9,0.045,181.33,11.43,4.08,4.974,101.38,0.4181
APP0000118,PRD000045,2023-08-08,49801.71,12,16.5,80410.44,investimento,MG,200.0,23.5,0.006,78.37,11.42,4.09,4.906,103.9,0.3515
APP0000119,PRD000045,2025-12-31,45159.99,24,14.34,60737.84,custeio,MG,115.5,23.2,0.11,82.97,16.61,7.74,6.957,81.85,0.5809
APP0000120,PRD000045,2024-07-12,24998.99,12,9.29,23803.13,investimento,MG,183.7,22.3,0.235,78.78,11.7,4.51,4.809,97.34,0.4513
APP0000121,PRD000046,2022-12-14,41021.31,12,15.93,68804.51,custeio,PR,184.7,22.1,0.003,174.42,11.08,4.15,5.026,98.95,0.3851
APP0000122,PRD000046,2026-06-29,121816.01,24,17.57,193936.19,investimento,PR,65.0,32.0,0.278,151.52,16.47,8.03,6.961,81.3,0.6209
APP0000123,PRD000046,2026-06-12,96146.48,36,12.28,74397.34,investimento,PR,65.0,32.0,0.278,151.52,16.47,8.03,6.961,81.3,0.6944
APP0000124,PRD000046,2023-09-18,71652.71,24,11.57,86426.62,custeio,PR,88.1,25.4,0.27,153.05,11.49,4.14,4.898,102.79,0.4724
APP0000125,PRD000047,2023-12-09,13075.26,18,9.51,14552.72,investimento,PR,110.8,19.8,0.02,168.56,11.37,4.23,4.853,101.44,0.5091
APP0000126,PRD000047,2026-08-06,39160.3,6,11.96,52609.88,custeio,PR,118.7,26.2,0.298,165.42,16.48,7.96,6.926,83.04,0.6892
APP0000127,PRD000047,2025-08-26,210721.75,18,9.27,277079.65,industrializacao,PR,195.7,22.0,0.034,182.92,16.68,7.68,6.994,80.38,0.632
APP0000128,PRD000047,2023-06-08,95344.36,24,17.86,117581.77,custeio,PR,73.4,29.1,0.02,165.8,11.43,4.08,4.974,101.38,0.4738
APP0000129,PRD000048,2023-10-07,33299.32,24,7.7,53535.14,comercializacao,SP,115.2,18.8,0.252,69.98,11.35,4.2,4.922,102.76,0.2723
APP0000130,PRD000048,2024-02-11,5249.38,36,12.72,9219.0,investimento,SP,53.6,26.2,0.456,47.37,11.51,4.24,4.804,101.19,0.3466
APP0000131,PRD000048,2023-07-03,19265.5,36,13.96,25254.59,investimento,SP,80.2,29.6,0.085,63.77,11.39,4.11,4.951,102.57,0.2717
APP0000132,PRD000049,2022-11-06,56266.84,24,17.08,44368.63,investimento,TO,78.3,27.5,0.224,136.96,11.17,4.25,4.99,99.15,0.4388
APP0000133,PRD000050,2024-11-24,69974.74,12,8.43,52155.81,custeio,TO,188.9,30.7,0.161,135.32,13.13,5.44,5.596,90.86,0.5553
APP0000134,PRD000050,2023-01-15,27541.36,6,7.02,17509.71,industrializacao,TO,67.5,19.2,0.118,144.18,11.2,4.06,4.981,99.95,0.5124
APP0000135,PRD000051,2022-09-07,23214.87,6,9.82,39482.06,comercializacao,GO,193.1,19.0,0.297,85.26,11.12,4.39,5.008,98.34,0.166
APP0000136,PRD000051,2023-10-16,64421.63,6,13.28,97028.03,comercializacao,GO,211.1,20.0,0.284,79.17,11.35,4.2,4.922,102.76,0.1659
APP0000137,PRD000051,2024-05-12,191591.74,36,13.88,159784.62,comercializacao,GO,127.1,20.8,0.311,73.7,11.35,4.3,4.766,101.07,0.2763
APP0000138,PRD000051,2026-09-01,47482.47,6,8.78,72539.62,industrializacao,GO,155.0,19.1,0.227,81.18,16.34,7.89,6.904,83.16,0.311
APP0000139,PRD000052,2023-11-06,33102.61,6,16.88,21691.9,industrializacao,MG,120.7,32.0,0.288,81.17,11.34,4.18,4.877,101.75,0.1981
APP0000140,PRD000052,2024-05-14,25776.4,24,17.04,24717.22,custeio,MG,45.9,31.9,0.66,68.37,11.35,4.3,4.766,101.07,0.2599
APP0000141,PRD000052,2023-04-06,32612.55,24,13.56,55665.51,industrializacao,MG,98.7,27.8,0.268,84.79,11.38,4.0,4.932,99.91,0.1444
APP0000142,PRD000053,2024-12-06,46621.96,36,15.24,52024.32,comercializacao,MT,139.8,27.1,0.192,109.5,13.83,5.67,5.708,89.04,0.2289
APP0000143,PRD000054,2024-02-13,40490.41,36,11.16,43166.71,custeio,BA,51.4,33.1,0.573,81.44,11.51,4.24,4.804,101.19,0.2507
APP0000144,PRD000054,2024-12-17,19069.22,36,12.48,25978.66,industrializacao,BA,72.3,25.7,0.075,110.92,13.83,5.67,5.708,89.04,0.1802
APP0000145,PRD000055,2024-01-30,75177.05,18,11.72,52100.8,industrializacao,BA,58.9,18.3,0.402,87.37,11.38,4.15,4.823,100.55,0.4704
APP0000146,PRD000056,2022-09-17,26516.71,18,11.73,46565.22,investimento,SP,171.6,20.4,0.015,65.59,11.12,4.39,5.008,98.34,0.4707
APP0000147,PRD000056,2024-02-18,39088.15,36,10.74,29982.18,industrializacao,SP,53.6,26.2,0.456,47.37,11.51,4.24,4.804,101.19,0.6888
APP0000148,PRD000057,2022-08-30,32871.39,6,14.22,25165.14,investimento,MS,181.0,21.6,0.118,198.86,10.97,4.34,5.033,99.26,0.5433
APP0000149,PRD000057,2025-10-10,114581.46,12,9.72,152423.36,investimento,MS,82.0,23.1,0.116,191.34,16.74,7.72,7.0,80.46,0.6782
APP0000150,PRD000057,2022-11-30,20919.01,24,7.11,30302.43,comercializacao,MS,204.4,19.0,0.227,183.73,11.17,4.25,4.99,99.15,0.4768
APP0000151,PRD000058,2023-06-30,45725.27,18,12.09,73252.34,investimento,BA,73.1,24.7,0.034,113.51,11.43,4.08,4.974,101.38,0.2283
APP0000152,PRD000058,2022-01-06,63033.7,18,12.21,37824.82,custeio,BA,200.2,19.2,0.125,102.64,10.46,4.45,5.045,98.92,0.2743
APP0000153,PRD000058,2022-05-10,45813.42,18,11.22,79750.49,investimento,BA,103.2,29.2,0.144,118.73,10.73,4.53,5.077,99.68,0.2254
APP0000154,PRD000059,2023-07-25,89335.47,12,12.29,152178.58,comercializacao,SP,80.2,29.6,0.085,63.77,11.39,4.11,4.951,102.57,0.4966
APP0000155,PRD000059,2022-01-11,11182.71,36,8.6,15953.44,investimento,SP,83.7,21.6,0.235,71.0,10.46,4.45,5.045,98.92,0.5451
APP0000156,PRD000060,2022-10-07,136486.27,18,6.57,92686.91,custeio,TO,158.6,32.2,0.212,125.45,11.13,4.34,5.037,97.77,0.3284
APP0000157,PRD000061,2022-08-26,95838.76,6,17.78,133055.32,industrializacao,SP,178.0,20.4,0.129,71.21,10.97,4.34,5.033,99.26,0.2067
APP0000158,PRD000062,2026-03-11,5000,24,7.11,6417.07,custeio,MT,208.4,21.4,0.202,117.06,16.55,7.88,7.004,81.6,0.6245
APP0000159,PRD000063,2025-04-30,84411.12,6,16.59,108789.3,comercializacao,MT,140.9,22.3,0.564,97.96,15.89,6.77,6.48,81.98,0.6345
APP0000160,PRD000063,2026-07-19,97567.4,36,11.89,127980.88,industrializacao,MT,109.3,27.0,0.229,109.34,16.33,7.98,6.914,82.48,0.5399
APP0000161,PRD000063,2023-12-07,18384.38,24,15.31,20151.18,investimento,MT,189.9,31.3,0.218,110.17,11.37,4.23,4.853,101.44,0.3972
APP0000162,PRD000063,2024-08-29,20068.47,36,7.45,33755.89,custeio,MT,142.7,25.6,0.27,132.8,11.97,4.69,5.047,96.01,0.3606
APP0000163,PRD000064,2023-06-13,27667.67,36,14.14,29990.04,custeio,PR,73.4,29.1,0.02,165.8,11.43,4.08,4.974,101.38,0.2499
APP0000164,PRD000065,2023-08-31,67728.04,18,12.53,112264.02,investimento,MG,200.0,23.5,0.006,78.37,11.42,4.09,4.906,103.9,0.292
APP0000165,PRD000065,2024-04-10,25641.92,24,8.73,32245.85,comercializacao,MG,65.5,20.4,0.424,59.87,11.32,4.4,4.805,100.32,0.4339
APP0000166,PRD000065,2023-09-06,119484.04,36,9.99,97051.16,industrializacao,MG,92.9,20.3,0.023,83.53,11.49,4.14,4.898,102.79,0.3557
APP0000167,PRD000065,2026-06-22,39435.97,6,11.62,44688.85,custeio,MG,93.7,33.9,0.049,71.01,16.47,8.03,6.961,81.3,0.5215
APP0000168,PRD000066,2023-12-23,12414.79,6,13.33,15506.2,comercializacao,MG,70.4,29.4,0.007,79.37,11.37,4.23,4.853,101.44,0.205
APP0000169,PRD000066,2022-08-08,36932.21,36,17.84,23005.66,comercializacao,MG,217.1,28.0,0.147,72.12,10.97,4.34,5.033,99.26,0.2617
APP0000170,PRD000066,2025-12-13,58315.64,12,10.12,99364.05,custeio,MG,115.5,23.2,0.11,82.97,16.61,7.74,6.957,81.85,0.327
APP0000171,PRD000067,2022-06-19,48051.99,18,15.53,80732.98,custeio,GO,213.2,23.8,0.232,91.8,10.82,4.51,5.065,99.4,0.1921
APP0000172,PRD000068,2022-11-20,48467.09,18,7.78,41561.43,investimento,TO,78.3,27.5,0.224,136.96,11.17,4.25,4.99,99.15,0.2856
APP0000173,PRD000069,2026-06-23,71460.74,18,11.56,119247.69,industrializacao,RS,132.7,28.5,0.25,96.51,16.47,8.03,6.961,81.3,0.5441
APP0000174,PRD000069,2026-09-06,34721.29,12,16.21,40152.9,comercializacao,RS,180.7,27.5,0.254,83.85,16.34,7.89,6.904,83.16,0.6059
APP0000175,PRD000069,2025-10-12,30061.79,12,14.16,47950.97,industrializacao,RS,75.0,22.1,0.264,83.3,16.74,7.72,7.0,80.46,0.5761
APP0000176,PRD000070,2023-09-15,67470.56,6,9.69,50688.46,investimento,MG,92.9,20.3,0.023,83.53,11.49,4.14,4.898,102.79,0.4213
APP0000177,PRD000070,2025-06-06,113314.73,6,7.33,108767.44,custeio,MG,65.3,24.4,0.706,59.99,16.84,7.51,6.986,80.33,0.7733
APP0000178,PRD000071,2025-06-14,44081.47,36,10.63,66649.34,comercializacao,RS,141.9,31.4,0.328,80.37,16.84,7.51,6.986,80.33,0.6666
APP0000179,PRD000071,2022-10-28,13113.04,6,7.18,23033.12,custeio,RS,102.5,34.0,0.248,91.1,11.13,4.34,5.037,97.77,0.3887
APP0000180,PRD000071,2025-08-12,38963.2,24,14.75,45703.86,investimento,RS,89.3,23.0,0.053,90.05,16.68,7.68,6.994,80.38,0.6247
APP0000181,PRD000072,2026-01-07,71960.27,12,13.06,68129.91,comercializacao,GO,210.3,33.5,0.292,81.92,16.52,7.83,6.952,81.49,0.4718
APP0000182,PRD000072,2026-11-01,35585.09,12,10.34,21694.8,comercializacao,GO,154.6,22.0,0.105,82.69,16.32,7.8,6.864,85.41,0.4552
APP0000183,PRD000073,2024-02-17,27042.6,24,8.61,19657.85,investimento,GO,91.7,25.6,0.537,85.19,11.51,4.24,4.804,101.19,0.6689
APP0000184,PRD000073,2023-01-18,61002.14,12,9.02,52802.65,custeio,GO,71.7,28.9,0.245,86.88,11.2,4.06,4.981,99.95,0.4973
APP0000185,PRD000074,2025-03-16,26050.11,18,9.31,35549.23,industrializacao,PR,118.3,25.8,0.49,135.18,15.36,6.47,6.304,83.95,0.3601
APP0000186,PRD000075,2023-05-13,15457.85,24,9.03,11798.94,comercializacao,BA,85.5,30.8,0.042,120.65,11.32,3.99,4.959,101.0,0.2892
APP0000187,PRD000075,2025-10-21,84906.6,36,12.9,151000.09,investimento,BA,136.5,21.4,0.052,114.68,16.74,7.72,7.0,80.46,0.3602
APP0000188,PRD000075,2022-06-29,6525.51,24,10.08,7010.29,investimento,BA,168.5,18.5,0.149,120.97,10.82,4.51,5.065,99.4,0.2717
APP0000189,PRD000076,2026-06-21,33186.65,12,7.39,38308.43,custeio,TO,161.8,26.3,0.187,120.6,16.47,8.03,6.961,81.3,0.6142
APP0000190,PRD000076,2022-01-03,7959.8,6,8.58,8896.98,custeio,TO,205.0,28.5,0.03,129.37,10.46,4.45,5.045,98.92,0.3636
APP0000191,PRD000077,2022-05-19,5000,6,12.51,8459.16,comercializacao,BA,103.2,29.2,0.144,118.73,10.73,4.53,5.077,99.68,0.2116
APP0000192,PRD000077,2025-03-04,14116.78,36,10.77,17791.18,comercializacao,BA,90.6,30.7,0.538,96.08,15.36,6.47,6.304,83.95,0.4525
APP0000193,PRD000078,2022-12-09,49466.72,36,12.44,71756.21,comercializacao,GO,142.2,31.6,0.172,86.92,11.08,4.15,5.026,98.95,0.3897
APP0000194,PRD000078,2023-04-30,32067.17,36,16.37,21825.0,investimento,GO,122.4,18.1,0.097,81.36,11.38,4.0,4.932,99.91,0.4411
APP0000195,PRD000078,2024-11-07,106681.24,12,15.74,99355.78,comercializacao,GO,115.8,21.6,0.126,79.89,13.13,5.44,5.596,90.86,0.4865
APP0000196,PRD000078,2026-11-10,37158.75,24,8.37,24701.99,comercializacao,GO,154.6,22.0,0.105,82.69,16.32,7.8,6.864,85.41,0.6318
APP0000197,PRD000079,2022-10-05,47290.08,18,7.52,44192.27,investimento,MS,202.5,28.9,0.084,173.71,11.13,4.34,5.037,97.77,0.279
APP0000198,PRD000079,2026-02-06,37736.58,24,17.7,65958.64,investimento,MS,159.6,22.3,0.112,182.18,16.55,7.87,6.969,81.38,0.347
APP0000199,PRD000080,2025-10-10,9179.64,6,7.97,12492.14,comercializacao,MG,141.1,18.2,0.03,82.08,16.74,7.72,7.0,80.46,0.2883
APP0000200,PRD000081,2023-03-25,63338.25,24,12.23,102644.94,custeio,MG,158.3,33.6,0.243,72.38,11.34,4.05,4.953,99.59,0.4297
APP0000201,PRD000081,2023-02-02,28653.86,18,11.05,17291.54,custeio,MG,214.6,24.1,0.163,70.7,11.2,3.98,4.998,100.89,0.5154
APP0000202,PRD000082,2026-01-04,61259.05,24,11.75,62914.93,custeio,RS,139.7,26.6,0.293,83.96,16.52,7.83,6.952,81.49,0.4551
APP0000203,PRD000082,2025-06-05,38519.84,6,14.36,53238.79,custeio,RS,141.9,31.4,0.328,80.37,16.84,7.51,6.986,80.33,0.4773
APP0000204,PRD000082,2024-05-01,138700.34,6,11.9,146154.67,investimento,RS,69.9,33.4,0.757,70.89,11.35,4.3,4.766,101.07,0.414
APP0000205,PRD000083,2022-09-02,39265.92,36,10.95,31202.38,investimento,MT,94.8,32.4,0.084,127.9,11.12,4.39,5.008,98.34,0.4184
APP0000206,PRD000083,2022-08-31,32479.66,6,10.72,41204.22,industrializacao,MT,198.4,30.3,0.295,132.96,10.97,4.34,5.033,99.26,0.4136
APP0000207,PRD000084,2024-02-24,19876.3,12,7.47,24141.24,comercializacao,MS,40.8,23.9,0.554,171.47,11.51,4.24,4.804,101.19,0.3779
APP0000208,PRD000085,2023-09-13,60107.57,18,9.96,38674.01,industrializacao,TO,115.7,28.3,0.135,136.88,11.49,4.14,4.898,102.79,0.3175
APP0000209,PRD000086,2025-11-03,11411.14,12,13.03,11554.33,industrializacao,MG,141.5,28.1,0.111,77.44,16.6,7.75,6.959,81.73,0.3783
APP0000210,PRD000086,2022-09-23,78723.09,24,16.64,58331.08,investimento,MG,82.4,20.0,0.228,85.99,11.12,4.39,5.008,98.34,0.2651
APP0000211,PRD000087,2023-03-20,117314.25,18,17.32,148492.43,investimento,RS,179.1,24.9,0.272,86.13,11.34,4.05,4.953,99.59,0.3777
APP0000212,PRD000087,2026-10-08,42606.81,6,12.64,50769.88,custeio,RS,150.1,29.2,0.157,96.01,16.29,7.86,6.879,84.46,0.5289
APP0000213,PRD000087,2026-02-24,48262.81,12,14.83,81512.4,industrializacao,RS,119.9,20.8,0.132,97.64,16.55,7.87,6.969,81.38,0.4725
APP0000214,PRD000088,2023-03-28,19523.49,12,16.7,28586.26,comercializacao,PI,107.6,18.3,0.264,180.73,11.34,4.05,4.953,99.59,0.2536
APP0000215,PRD000088,2024-08-01,29861.35,36,9.21,26714.77,custeio,PI,161.9,26.0,0.219,183.02,11.97,4.69,5.047,96.01,0.292
APP0000216,PRD000088,2026-07-15,48145.07,18,16.26,59449.65,comercializacao,PI,76.5,18.3,0.15,165.37,16.33,7.98,6.914,82.48,0.4028
APP0000217,PRD000089,2024-01-28,22360.9,18,12.24,34777.44,comercializacao,BA,58.9,18.3,0.402,87.37,11.38,4.15,4.823,100.55,0.4129
APP0000218,PRD000089,2025-07-25,27392.5,12,11.52,34985.19,comercializacao,BA,66.4,21.2,0.09,119.07,16.76,7.58,6.979,80.98,0.5469
APP0000219,PRD000089,2024-03-15,20493.01,36,10.9,32138.61,comercializacao,BA,103.4,32.7,0.591,92.79,11.47,4.33,4.765,101.33,0.4615
APP0000220,PRD000090,2023-08-08,24728.96,6,13.09,42295.22,comercializacao,SP,137.1,24.6,0.279,68.19,11.42,4.09,4.906,103.9,0.4825
APP0000221,PRD000090,2024-11-06,15369.09,24,13.35,15180.29,industrializacao,SP,203.9,33.0,0.005,70.84,13.13,5.44,5.596,90.86,0.5647
APP0000222,PRD000090,2024-03-24,22227.92,6,16.31,19725.83,comercializacao,SP,76.5,23.5,0.678,49.8,11.47,4.33,4.765,101.33,0.7143
APP0000223,PRD000091,2023-06-29,22070.21,18,7.11,30925.6,investimento,PI,119.8,22.6,0.262,161.14,11.43,4.08,4.974,101.38,0.1763
APP0000224,PRD000092,2026-06-12,67613.95,18,16.69,57890.33,industrializacao,MG,93.7,33.9,0.049,71.01,16.47,8.03,6.961,81.3,0.6693
APP0000225,PRD000092,2025-03-06,25583.1,24,9.1,44853.84,custeio,MG,52.1,18.6,0.503,69.43,15.36,6.47,6.304,83.95,0.6597
APP0000226,PRD000093,2024-12-29,76310.83,24,17.31,121055.07,investimento,MG,157.0,18.7,0.295,72.55,13.83,5.67,5.708,89.04,0.2465
APP0000227,PRD000094,2022-06-12,24329.07,6,17.04,30858.45,investimento,TO,176.6,20.0,0.221,140.41,10.82,4.51,5.065,99.4,0.5026
APP0000228,PRD000095,2026-02-22,94755.69,36,15.67,86390.08,industrializacao,MG,141.0,34.0,0.046,83.33,16.55,7.87,6.969,81.38,0.7392
APP0000229,PRD000095,2022-04-10,18770.91,12,16.5,32295.55,industrializacao,MG,202.0,31.0,0.112,76.56,10.71,4.56,5.06,99.87,0.4638
APP0000230,PRD000095,2026-06-20,15624.92,12,9.06,17713.21,industrializacao,MG,93.7,33.9,0.049,71.01,16.47,8.03,6.961,81.3,0.7042
APP0000231,PRD000096,2023-01-21,26269.51,6,17.14,35599.38,investimento,BA,134.8,23.6,0.088,120.61,11.2,4.06,4.981,99.95,0.4196
APP0000232,PRD000096,2022-05-09,22068.55,6,6.92,37625.33,investimento,BA,103.2,29.2,0.144,118.73,10.73,4.53,5.077,99.68,0.4313
APP0000233,PRD000096,2026-02-02,17343.99,18,11.83,28028.2,industrializacao,BA,123.1,21.1,0.218,110.61,16.55,7.87,6.969,81.38,0.6391
APP0000234,PRD000096,2023-04-10,78172.16,6,12.19,62332.46,custeio,BA,141.0,31.8,0.188,115.72,11.38,4.0,4.932,99.91,0.51
APP0000235,PRD000097,2023-12-20,65890.51,24,8.52,96530.59,investimento,MS,213.1,28.1,0.102,179.28,11.37,4.23,4.853,101.44,0.4006
APP0000236,PRD000097,2025-03-24,313496.72,12,10.46,458634.35,comercializacao,MS,53.7,31.3,0.448,142.0,15.36,6.47,6.304,83.95,0.6629
APP0000237,PRD000097,2026-08-22,177015.08,12,16.96,137723.1,industrializacao,MS,62.0,31.3,0.258,175.39,16.48,7.96,6.926,83.04,0.6712
APP0000238,PRD000098,2024-12-05,43124.59,18,10.68,50387.53,investimento,RS,130.1,27.5,0.019,100.38,13.83,5.67,5.708,89.04,0.5498
APP0000239,PRD000098,2026-05-21,28852.66,24,11.41,34875.11,industrializacao,RS,86.8,19.6,0.058,85.02,16.46,8.05,6.992,80.92,0.6282
APP0000240,PRD000099,2022-07-07,126233.78,24,7.02,104133.41,custeio,SP,113.8,27.6,0.178,70.63,10.92,4.41,5.063,99.17,0.3979
APP0000241,PRD000099,2026-04-15,36652.62,12,10.88,26331.4,investimento,SP,182.6,27.5,0.142,66.68,16.55,7.95,7.038,80.49,0.5786
APP0000242,PRD000099,2025-08-13,72218.01,36,14.29,98111.35,custeio,SP,206.2,30.9,0.238,60.52,16.68,7.68,6.994,80.38,0.5602
APP0000243,PRD000099,2026-09-21,370691.99,18,12.64,337301.83,investimento,SP,105.6,21.0,0.028,61.19,16.34,7.89,6.904,83.16,0.5327
APP0000244,PRD000100,2022-09-26,7229.94,6,13.8,10882.92,investimento,MG,82.4,20.0,0.228,85.99,11.12,4.39,5.008,98.34,0.49
APP0000245,PRD000100,2025-10-04,112700.09,12,8.55,197227.99,industrializacao,MG,141.1,18.2,0.03,82.08,16.74,7.72,7.0,80.46,0.5949
APP0000246,PRD000100,2025-06-19,100824.84,18,14.05,169412.13,industrializacao,MG,65.3,24.4,0.706,59.99,16.84,7.51,6.986,80.33,0.7704
APP0000247,PRD000101,2024-12-24,13206.27,24,9.67,21040.33,comercializacao,MT,139.8,27.1,0.192,109.5,13.83,5.67,5.708,89.04,0.2959
APP0000248,PRD000102,2026-05-01,11120.11,12,6.66,15479.08,industrializacao,TO,88.5,24.8,0.255,124.13,16.46,8.05,6.992,80.92,0.2922
APP0000249,PRD000102,2022-04-28,36929.9,24,9.14,58859.11,comercializacao,TO,77.1,20.5,0.282,142.33,10.71,4.56,5.06,99.87,0.1622
APP0000250,PRD000102,2024-03-01,20378.46,12,17.27,28359.19,industrializacao,TO,54.5,18.3,0.627,108.18,11.47,4.33,4.765,101.33,0.2528
APP0000251,PRD000103,2022-05-28,51782.96,18,6.69,89067.43,industrializacao,BA,103.2,29.2,0.144,118.73,10.73,4.53,5.077,99.68,0.3424
APP0000252,PRD000103,2025-04-25,21113.62,18,15.76,14193.37,investimento,BA,42.5,25.0,0.644,85.11,15.89,6.77,6.48,81.98,0.7357
APP0000253,PRD000103,2022-02-07,19969.39,12,14.17,13685.92,industrializacao,BA,108.3,22.2,0.279,122.27,10.54,4.52,5.093,99.9,0.4246
APP0000254,PRD000104,2022-10-06,51289.43,18,7.34,43193.0,industrializacao,SP,195.0,28.9,0.275,68.61,11.13,4.34,5.037,97.77,0.5417
APP0000255,PRD000105,2024-04-11,34971.79,24,12.14,41289.35,investimento,BA,65.6,25.6,0.657,105.16,11.32,4.4,4.805,100.32,0.661
APP0000256,PRD000105,2024-03-08,46495.13,18,14.5,81673.42,industrializacao,BA,103.4,32.7,0.591,92.79,11.47,4.33,4.765,101.33,0.6008
APP0000257,PRD000105,2023-12-23,13432.44,12,17.32,19099.93,comercializacao,BA,109.0,30.1,0.091,106.88,11.37,4.23,4.853,101.44,0.481
APP0000258,PRD000105,2023-02-20,63070.91,12,6.86,76630.72,comercializacao,BA,146.8,23.8,0.13,115.79,11.2,3.98,4.998,100.89,0.4852
APP0000259,PRD000106,2023-04-23,35233.15,18,12.97,40423.48,industrializacao,MG,98.7,27.8,0.268,84.79,11.38,4.0,4.932,99.91,0.4008
APP0000260,PRD000106,2022-01-15,28352.09,24,10.02,35545.2,industrializacao,MG,158.1,30.6,0.241,81.2,10.46,4.45,5.045,98.92,0.3806
APP0000261,PRD000107,2023-09-02,46359.13,18,16.68,32768.13,industrializacao,SP,108.4,29.3,0.269,68.04,11.49,4.14,4.898,102.79,0.4009
APP0000262,PRD000107,2023-12-13,22062.51,6,11.18,22583.27,industrializacao,SP,179.2,29.3,0.198,72.02,11.37,4.23,4.853,101.44,0.3361
APP0000263,PRD000107,2023-02-12,33177.04,36,13.98,25374.59,investimento,SP,134.0,31.6,0.047,69.62,11.2,3.98,4.998,100.89,0.3364
APP0000264,PRD000107,2023-10-20,9679.65,36,11.86,5900.22,custeio,SP,115.2,18.8,0.252,69.98,11.35,4.2,4.922,102.76,0.4037
APP0000265,PRD000108,2024-04-26,55130.0,12,17.86,89530.59,comercializacao,RS,41.7,21.6,0.671,66.52,11.32,4.4,4.805,100.32,0.4982
APP0000266,PRD000108,2025-06-06,5491.71,24,14.06,4929.45,comercializacao,RS,141.9,31.4,0.328,80.37,16.84,7.51,6.986,80.33,0.6926
APP0000267,PRD000108,2026-11-27,59049.19,18,15.53,91529.11,custeio,RS,81.7,30.2,0.088,93.63,16.32,7.8,6.864,85.41,0.5505
APP0000268,PRD000108,2025-05-20,59573.72,12,16.09,103282.96,industrializacao,RS,119.6,19.1,0.515,77.72,16.25,7.09,6.729,81.39,0.6543
APP0000269,PRD000109,2024-04-19,18330.87,36,8.47,15937.49,industrializacao,GO,106.6,31.0,0.742,59.79,11.32,4.4,4.805,100.32,0.3128
APP0000270,PRD000109,2022-09-20,47891.83,12,17.87,67183.11,comercializacao,GO,193.1,19.0,0.297,85.26,11.12,4.39,5.008,98.34,0.1812
APP0000271,PRD000109,2022-07-24,24735.04,6,17.97,37406.77,custeio,GO,96.4,23.8,0.06,95.72,10.92,4.41,5.063,99.17,0.1566
APP0000272,PRD000110,2022-08-24,34843.09,36,10.5,32908.55,industrializacao,SP,178.0,20.4,0.129,71.21,10.97,4.34,5.033,99.26,0.5483
APP0000273,PRD000110,2024-01-29,11816.9,12,16.38,8872.05,custeio,SP,58.1,31.9,0.416,47.41,11.38,4.15,4.823,100.55,0.7106
APP0000274,PRD000111,2026-10-04,10505.56,36,7.13,6648.58,comercializacao,BA,158.6,19.0,0.189,123.33,16.29,7.86,6.879,84.46,0.3681
APP0000275,PRD000111,2022-08-07,65902.39,24,16.44,81357.69,investimento,BA,136.7,30.8,0.007,108.3,10.97,4.34,5.033,99.26,0.1516
APP0000276,PRD000111,2023-11-09,49208.37,24,17.58,62320.07,custeio,BA,202.9,33.5,0.24,113.37,11.34,4.18,4.877,101.75,0.1765
APP0000277,PRD000111,2025-03-20,541231.76,18,14.62,683608.49,comercializacao,BA,90.6,30.7,0.538,96.08,15.36,6.47,6.304,83.95,0.3767
APP0000278,PRD000112,2022-05-29,15825.05,18,7.05,13382.36,investimento,BA,103.2,29.2,0.144,118.73,10.73,4.53,5.077,99.68,0.52
APP0000279,PRD000113,2022-11-19,15488.42,18,11.76,12696.38,custeio,GO,70.7,19.2,0.028,88.5,11.17,4.25,4.99,99.15,0.5279
APP0000280,PRD000113,2025-09-20,30924.97,36,15.03,43596.68,custeio,GO,114.0,33.9,0.056,84.69,16.79,7.7,7.0,79.08,0.6299
APP0000281,PRD000113,2022-03-08,75182.07,18,14.67,126052.04,comercializacao,GO,177.2,31.2,0.262,89.05,10.67,4.59,5.055,98.83,0.4579
APP0000282,PRD000113,2024-02-21,31024.7,6,11.86,25626.04,investimento,GO,91.7,25.6,0.537,85.19,11.51,4.24,4.804,101.19,0.6771
APP0000283,PRD000114,2025-01-03,109898.84,18,11.35,110559.17,comercializacao,RS,106.6,32.3,0.634,75.25,14.32,6.06,5.846,87.46,0.6188
APP0000284,PRD000114,2022-10-01,37531.2,12,6.61,23250.21,custeio,RS,102.5,34.0,0.248,91.1,11.13,4.34,5.037,97.77,0.3975
APP0000285,PRD000115,2023-04-16,28994.28,6,14.21,32280.25,custeio,PI,195.2,24.9,0.031,187.76,11.38,4.0,4.932,99.91,0.3835
APP0000286,PRD000116,2026-10-19,23204.89,36,13.51,34832.5,custeio,PI,125.3,29.2,0.297,170.99,16.29,7.86,6.879,84.46,0.3005
APP0000287,PRD000116,2022-12-22,22386.69,6,7.4,37703.97,comercializacao,PI,135.8,32.1,0.075,161.39,11.08,4.15,5.026,98.95,0.1218
APP0000288,PRD000116,2026-07-30,35518.88,12,9.61,60434.66,custeio,PI,76.5,18.3,0.15,165.37,16.33,7.98,6.914,82.48,0.2532
APP0000289,PRD000116,2022-09-18,40208.6,36,15.81,62588.54,custeio,PI,212.5,31.7,0.158,159.05,11.12,4.39,5.008,98.34,0.1578
APP0000290,PRD000117,2024-07-19,46916.82,6,16.63,31443.07,industrializacao,SP,126.8,25.4,0.265,66.92,11.7,4.51,4.809,97.34,0.5056
APP0000291,PRD000118,2025-09-14,96597.46,6,16.06,113168.22,industrializacao,BA,189.8,23.1,0.073,113.03,16.79,7.7,7.0,79.08,0.3916
APP0000292,PRD000118,2023-10-20,77705.22,36,15.55,102638.05,comercializacao,BA,96.1,28.3,0.047,117.88,11.35,4.2,4.922,102.76,0.1892
APP0000293,PRD000118,2022-04-13,23548.74,12,12.67,40141.13,industrializacao,BA,62.3,19.4,0.07,121.87,10.71,4.56,5.06,99.87,0.1716
APP0000294,PRD000119,2023-01-04,11178.22,36,15.49,11311.14,comercializacao,BA,134.8,23.6,0.088,120.61,11.2,4.06,4.981,99.95,0.2877
APP0000295,PRD000120,2024-11-04,52141.83,12,12.08,70529.19,custeio,BA,196.6,18.6,0.18,111.81,13.13,5.44,5.596,90.86,0.2703
APP0000296,PRD000120,2026-06-15,22140.31,6,17.76,16451.82,custeio,BA,66.4,22.4,0.084,116.88,16.47,8.03,6.961,81.3,0.4098
APP0000297,PRD000120,2023-04-28,52897.97,36,7.07,89905.23,custeio,BA,141.0,31.8,0.188,115.72,11.38,4.0,4.932,99.91,0.2014
APP0000298,PRD000121,2026-10-18,26982.15,12,13.38,27603.44,comercializacao,TO,136.9,30.9,0.132,142.31,16.29,7.86,6.879,84.46,0.5087
APP0000299,PRD000121,2025-11-23,22128.36,6,12.18,17861.93,industrializacao,TO,94.3,29.7,0.232,119.25,16.6,7.75,6.959,81.73,0.5688
APP0000300,PRD000121,2023-05-27,17969.98,12,6.75,29265.66,custeio,TO,122.3,21.0,0.2,143.7,11.32,3.99,4.959,101.0,0.2991
APP0000301,PRD000121,2025-10-22,9869.55,36,16.61,10451.86,investimento,TO,212.6,24.8,0.183,139.68,16.74,7.72,7.0,80.46,0.5442
APP0000302,PRD000122,2025-11-18,38852.14,18,9.89,43956.63,custeio,BA,71.3,28.7,0.257,105.43,16.6,7.75,6.959,81.73,0.7433
APP0000303,PRD000123,2024-10-25,92342.07,36,13.17,92038.48,custeio,BA,175.9,22.1,0.035,113.85,12.65,5.14,5.398,92.17,0.6151
APP0000304,PRD000123,2024-02-06,46677.29,36,14.37,32004.08,comercializacao,BA,51.4,33.1,0.573,81.44,11.51,4.24,4.804,101.19,0.7199
APP0000305,PRD000123,2023-01-24,74336.42,18,13.68,125221.82,investimento,BA,134.8,23.6,0.088,120.61,11.2,4.06,4.981,99.95,0.4675
APP0000306,PRD000124,2024-04-28,23171.55,24,11.95,36002.76,comercializacao,MT,85.8,22.1,0.388,97.09,11.32,4.4,4.805,100.32,0.5624
APP0000307,PRD000124,2024-05-06,13926.94,36,7.46,21885.15,comercializacao,MT,97.6,29.4,0.535,107.72,11.35,4.3,4.766,101.07,0.5691
APP0000308,PRD000124,2022-11-19,18567.07,6,10.21,30405.85,industrializacao,MT,124.6,30.1,0.086,131.64,11.17,4.25,4.99,99.15,0.4418
APP0000309,PRD000125,2022-03-28,18019.83,36,11.13,20237.53,investimento,PI,141.1,25.5,0.013,156.4,10.67,4.59,5.055,98.83,0.4482
APP0000310,PRD000125,2025-08-15,17612.23,18,14.14,30728.88,industrializacao,PI,137.6,30.2,0.193,159.63,16.68,7.68,6.994,80.38,0.6491
APP0000311,PRD000126,2025-06-30,38398.26,36,10.41,32002.57,investimento,RS,141.9,31.4,0.328,80.37,16.84,7.51,6.986,80.33,0.5469
APP0000312,PRD000126,2025-09-02,51723.01,6,9.64,64204.77,investimento,RS,101.7,21.2,0.105,94.01,16.79,7.7,7.0,79.08,0.4504
APP0000313,PRD000126,2022-05-12,28301.32,6,14.68,35263.21,industrializacao,RS,198.5,25.8,0.087,91.74,10.73,4.53,5.077,99.68,0.2595
APP0000314,PRD000127,2024-04-02,54520.15,18,9.51,67860.17,comercializacao,SP,54.4,28.9,0.663,58.02,11.32,4.4,4.805,100.32,0.3979
APP0000315,PRD000127,2025-10-11,113066.48,36,12.03,180713.02,industrializacao,SP,64.8,31.7,0.238,65.08,16.74,7.72,7.0,80.46,0.3957
APP0000316,PRD000127,2025-07-30,5000,24,15.11,7650.42,industrializacao,SP,74.7,20.8,0.242,66.57,16.76,7.58,6.979,80.98,0.4329
APP0000317,PRD000127,2025-09-10,11771.68,24,15.8,9592.21,custeio,SP,85.7,31.0,0.16,65.69,16.79,7.7,7.0,79.08,0.4507
APP0000318,PRD000128,2023-08-06,19556.76,12,15.65,14380.51,custeio,GO,71.1,31.9,0.279,90.24,11.42,4.09,4.906,103.9,0.3731
APP0000319,PRD000129,2024-08-22,89263.78,24,13.26,117192.07,custeio,PR,134.2,23.4,0.2,155.63,11.97,4.69,5.047,96.01,0.3519
APP0000320,PRD000130,2024-11-18,49321.2,36,6.73,42574.46,industrializacao,GO,115.8,21.6,0.126,79.89,13.13,5.44,5.596,90.86,0.3694
APP0000321,PRD000130,2022-02-12,130466.41,6,7.22,132736.87,investimento,GO,130.1,22.5,0.142,94.14,10.54,4.52,5.093,99.9,0.3353
APP0000322,PRD000131,2023-01-22,47507.68,12,9.61,79031.64,custeio,BA,134.8,23.6,0.088,120.61,11.2,4.06,4.981,99.95,0.3998
APP0000323,PRD000131,2023-12-29,39617.65,24,16.19,53053.32,custeio,BA,109.0,30.1,0.091,106.88,11.37,4.23,4.853,101.44,0.4461
APP0000324,PRD000131,2022-05-03,31445.0,24,8.39,36126.1,investimento,BA,103.2,29.2,0.144,118.73,10.73,4.53,5.077,99.68,0.4969
APP0000325,PRD000131,2025-02-12,134241.87,24,14.24,222749.78,industrializacao,BA,123.1,33.2,0.456,79.77,14.99,6.26,6.101,85.95,0.6803
APP0000326,PRD000132,2024-11-01,28177.93,36,17.0,42268.33,investimento,RS,216.2,31.1,0.067,87.1,13.13,5.44,5.596,90.86,0.3019
APP0000327,PRD000133,2024-07-20,13926.23,18,17.6,10171.61,investimento,BA,135.1,23.2,0.166,118.11,11.7,4.51,4.809,97.34,0.3013
APP0000328,PRD000133,2022-11-14,106541.93,12,16.85,155580.57,investimento,BA,155.7,25.3,0.142,105.85,11.17,4.25,4.99,99.15,0.2186
APP0000329,PRD000133,2024-08-02,120345.21,6,12.58,119194.73,custeio,BA,75.2,28.9,0.178,117.45,11.97,4.69,5.047,96.01,0.3114
APP0000330,PRD000133,2024-04-11,120568.28,24,7.59,78627.22,comercializacao,BA,65.6,25.6,0.657,105.16,11.32,4.4,4.805,100.32,0.4202
APP0000331,PRD000134,2022-01-13,45084.35,18,9.34,31111.47,industrializacao,MG,158.1,30.6,0.241,81.2,10.46,4.45,5.045,98.92,0.2071
APP0000332,PRD000134,2024-10-27,54873.12,36,11.32,89107.06,comercializacao,MG,86.7,25.5,0.254,74.21,12.65,5.14,5.398,92.17,0.1755
APP0000333,PRD000135,2025-09-15,35845.38,6,17.89,56861.18,industrializacao,RS,101.7,21.2,0.105,94.01,16.79,7.7,7.0,79.08,0.7046
APP0000334,PRD000135,2026-08-11,29009.23,12,13.53,29725.24,investimento,RS,66.7,18.9,0.295,90.96,16.48,7.96,6.926,83.04,0.7423
APP0000335,PRD000135,2023-10-25,32770.83,36,13.32,54705.36,comercializacao,RS,162.3,30.1,0.061,97.82,11.35,4.2,4.922,102.76,0.4746
APP0000336,PRD000136,2025-07-10,80302.91,18,16.7,104008.16,industrializacao,PI,68.3,24.9,0.165,169.72,16.76,7.58,6.979,80.98,0.5719
APP0000337,PRD000136,2023-07-04,44531.74,36,11.24,58261.71,custeio,PI,119.0,26.7,0.056,161.31,11.39,4.11,4.951,102.57,0.3143
APP0000338,PRD000136,2026-04-15,29038.07,24,6.75,17556.9,industrializacao,PI,120.1,30.5,0.089,173.73,16.55,7.95,7.038,80.49,0.599
APP0000339,PRD000136,2023-09-21,60387.81,36,10.55,81002.3,industrializacao,PI,213.6,26.5,0.275,155.5,11.49,4.14,4.898,102.79,0.3887
APP0000340,PRD000137,2022-06-04,49001.28,18,7.79,56569.63,industrializacao,SP,123.4,21.4,0.129,62.48,10.82,4.51,5.065,99.4,0.2571
APP0000341,PRD000137,2024-11-28,91804.53,24,14.93,114179.29,industrializacao,SP,203.9,33.0,0.005,70.84,13.13,5.44,5.596,90.86,0.2646
APP0000342,PRD000137,2023-08-23,81922.54,18,9.84,50124.44,industrializacao,SP,137.1,24.6,0.279,68.19,11.42,4.09,4.906,103.9,0.3078
APP0000343,PRD000138,2023-11-01,12649.06,36,13.42,8518.48,investimento,PR,130.5,31.5,0.18,160.83,11.34,4.18,4.877,101.75,0.4184
APP0000344,PRD000139,2024-12-30,74139.37,6,15.36,44532.09,investimento,MT,139.8,27.1,0.192,109.5,13.83,5.67,5.708,89.04,0.5844
APP0000345,PRD000139,2026-11-27,46037.24,24,10.01,72635.91,industrializacao,MT,103.8,19.2,0.048,126.75,16.32,7.8,6.864,85.41,0.5509
APP0000346,PRD000139,2023-06-21,216211.21,6,12.86,237657.82,custeio,MT,92.0,20.1,0.019,109.96,11.43,4.08,4.974,101.38,0.4218
APP0000347,PRD000140,2024-07-04,87660.97,24,7.67,146071.7,comercializacao,MG,183.7,22.3,0.235,78.78,11.7,4.51,4.809,97.34,0.233
APP0000348,PRD000140,2025-08-14,99593.96,6,12.92,151453.03,industrializacao,MG,201.9,32.0,0.023,75.03,16.68,7.68,6.994,80.38,0.3592
APP0000349,PRD000141,2024-06-03,33722.86,24,17.01,57150.79,industrializacao,TO,88.0,21.9,0.415,104.12,11.35,4.33,4.729,101.06,0.3327
APP0000350,PRD000141,2022-11-28,26143.11,6,6.86,35482.16,comercializacao,TO,78.3,27.5,0.224,136.96,11.17,4.25,4.99,99.15,0.2946
APP0000351,PRD000141,2023-04-18,23261.54,18,8.01,30574.21,industrializacao,TO,120.6,26.3,0.083,136.21,11.38,4.0,4.932,99.91,0.2612
APP0000352,PRD000142,2025-02-18,91285.14,18,8.4,157740.56,investimento,GO,90.3,31.3,0.5,68.7,14.99,6.26,6.101,85.95,0.6821
APP0000353,PRD000142,2023-12-06,47613.92,24,8.07,81844.84,investimento,GO,79.9,33.5,0.152,88.85,11.37,4.23,4.853,101.44,0.4448
APP0000354,PRD000142,2026-10-18,11844.65,18,9.21,20352.0,comercializacao,GO,215.5,33.6,0.294,85.57,16.29,7.86,6.879,84.46,0.6786
APP0000355,PRD000142,2023-06-14,36210.52,24,9.99,34265.6,comercializacao,GO,202.9,29.4,0.173,82.03,11.43,4.08,4.974,101.38,0.5461
APP0000356,PRD000143,2025-05-15,32723.83,12,12.65,31907.3,custeio,SP,138.2,19.1,0.684,55.55,16.25,7.09,6.729,81.39,0.8103
APP0000357,PRD000143,2026-02-01,28777.01,36,7.15,42855.49,investimento,SP,151.4,18.3,0.199,64.29,16.55,7.87,6.969,81.38,0.6797
APP0000358,PRD000144,2026-01-08,59992.11,12,13.78,69349.52,comercializacao,MG,181.4,24.9,0.154,80.86,16.52,7.83,6.952,81.49,0.4203
APP0000359,PRD000145,2025-06-18,26629.01,18,12.87,21440.69,comercializacao,MS,76.1,19.3,0.486,147.9,16.84,7.51,6.986,80.33,0.448
APP0000360,PRD000145,2022-12-15,53132.9,18,7.67,39253.92,industrializacao,MS,131.3,33.6,0.202,179.57,11.08,4.15,5.026,98.95,0.1805
APP0000361,PRD000146,2025-06-13,28638.39,6,10.68,37778.15,industrializacao,TO,39.8,24.0,0.613,106.93,16.84,7.51,6.986,80.33,0.7582
APP0000362,PRD000146,2023-04-17,99233.2,18,15.38,94973.69,comercializacao,TO,120.6,26.3,0.083,136.21,11.38,4.0,4.932,99.91,0.4603
APP0000363,PRD000146,2022-08-18,10441.7,36,11.78,9522.3,investimento,TO,138.8,21.8,0.129,134.9,10.97,4.34,5.033,99.26,0.5004
APP0000364,PRD000147,2023-11-14,17098.76,6,9.06,12820.21,custeio,PI,81.5,27.8,0.209,177.89,11.34,4.18,4.877,101.75,0.5785
APP0000365,PRD000148,2026-08-18,411862.84,12,11.41,265619.19,investimento,PR,118.7,26.2,0.298,165.42,16.48,7.96,6.926,83.04,0.652
APP0000366,PRD000148,2026-06-15,13637.75,12,6.61,21720.19,comercializacao,PR,65.0,32.0,0.278,151.52,16.47,8.03,6.961,81.3,0.5671
APP0000367,PRD000149,2022-09-08,32585.21,18,16.06,27868.44,investimento,TO,106.8,20.2,0.292,129.58,11.12,4.39,5.008,98.34,0.5491
APP0000368,PRD000149,2026-05-26,36979.28,36,16.43,37995.79,investimento,TO,88.5,24.8,0.255,124.13,16.46,8.05,6.992,80.92,0.7015
APP0000369,PRD000150,2024-10-13,12250.4,24,17.24,16060.13,custeio,MS,107.3,19.0,0.265,187.21,12.65,5.14,5.398,92.17,0.3987
APP0000370,PRD000150,2026-07-25,25694.37,36,9.45,27012.1,comercializacao,MS,163.7,21.7,0.267,199.14,16.33,7.98,6.914,82.48,0.5867
APP0000371,PRD000150,2023-12-01,8196.85,36,15.59,11700.12,comercializacao,MS,213.1,28.1,0.102,179.28,11.37,4.23,4.853,101.44,0.3073
APP0000372,PRD000150,2022-02-04,38409.54,18,8.38,55506.63,industrializacao,MS,166.4,27.8,0.017,172.87,10.54,4.52,5.093,99.9,0.2674
APP0000373,PRD000151,2023-08-12,19113.59,18,14.97,23271.17,industrializacao,SP,137.1,24.6,0.279,68.19,11.42,4.09,4.906,103.9,0.3953
APP0000374,PRD000151,2025-04-08,29320.44,18,15.97,48900.62,comercializacao,SP,69.0,34.0,0.532,60.39,15.89,6.77,6.48,81.98,0.6359
APP0000375,PRD000151,2024-11-27,299241.91,6,8.56,205204.7,industrializacao,SP,203.9,33.0,0.005,70.84,13.13,5.44,5.596,90.86,0.4573
APP0000376,PRD000152,2026-08-07,12639.79,12,13.85,21345.63,custeio,GO,108.0,19.2,0.213,90.42,16.48,7.96,6.926,83.04,0.6007
APP0000377,PRD000153,2026-03-18,42525.29,18,17.14,66894.93,investimento,TO,80.2,32.5,0.153,134.73,16.55,7.88,7.004,81.6,0.3998
APP0000378,PRD000153,2024-05-21,34897.81,36,17.94,62064.05,investimento,TO,101.6,27.0,0.338,104.99,11.35,4.3,4.766,101.07,0.3134
APP0000379,PRD000153,2023-03-06,38511.65,24,16.26,28378.94,investimento,TO,131.5,20.4,0.194,121.97,11.34,4.05,4.953,99.59,0.3253
APP0000380,PRD000154,2026-09-05,39081.44,18,13.13,65070.97,investimento,PI,107.1,20.3,0.291,168.62,16.34,7.89,6.904,83.16,0.5096
APP0000381,PRD000154,2025-03-27,14640.69,36,16.41,25028.76,investimento,PI,77.2,18.3,0.731,140.34,15.36,6.47,6.304,83.95,0.5727
APP0000382,PRD000154,2026-08-13,56165.88,18,15.06,69991.29,industrializacao,PI,91.1,20.8,0.057,161.08,16.48,7.96,6.926,83.04,0.4962
APP0000383,PRD000154,2025-10-01,27301.29,24,6.73,40768.9,investimento,PI,144.4,25.2,0.058,164.98,16.74,7.72,7.0,80.46,0.4904
APP0000384,PRD000155,2026-10-23,49235.4,24,10.03,67727.33,custeio,RS,150.1,29.2,0.157,96.01,16.29,7.86,6.879,84.46,0.5574
APP0000385,PRD000155,2022-03-28,50390.45,18,16.0,78464.04,custeio,RS,200.8,30.1,0.216,98.17,10.67,4.59,5.055,98.83,0.3388
APP0000386,PRD000156,2023-08-04,5120.45,18,8.94,5905.14,comercializacao,PR,176.0,18.7,0.004,156.29,11.42,4.09,4.906,103.9,0.3556
APP0000387,PRD000157,2023-02-26,27516.45,24,7.41,39300.33,industrializacao,RS,130.4,25.4,0.259,82.87,11.2,3.98,4.998,100.89,0.2511
APP0000388,PRD000157,2025-03-09,21155.05,36,7.19,12873.64,comercializacao,RS,107.8,23.0,0.611,71.17,15.36,6.47,6.304,83.95,0.584
APP0000389,PRD000157,2025-07-20,113287.13,12,7.49,113420.21,industrializacao,RS,172.1,29.0,0.241,89.15,16.76,7.58,6.979,80.98,0.4677
APP0000390,PRD000157,2025-03-09,18773.74,6,7.66,17801.5,custeio,RS,107.8,23.0,0.611,71.17,15.36,6.47,6.304,83.95,0.5507
APP0000391,PRD000158,2024-08-23,35067.2,12,12.76,38790.95,industrializacao,MG,119.0,20.9,0.16,73.35,11.97,4.69,5.047,96.01,0.2121
APP0000392,PRD000158,2024-04-19,20177.05,24,15.78,18314.9,industrializacao,MG,65.5,20.4,0.424,59.87,11.32,4.4,4.805,100.32,0.2882
APP0000393,PRD000159,2022-03-13,152281.08,24,17.53,150453.06,comercializacao,PI,141.1,25.5,0.013,156.4,10.67,4.59,5.055,98.83,0.137
APP0000394,PRD000160,2024-04-18,29774.52,12,14.2,37403.81,investimento,MS,120.3,27.2,0.623,161.97,11.32,4.4,4.805,100.32,0.3634
APP0000395,PRD000160,2024-09-23,30009.12,36,16.53,27487.05,comercializacao,MS,201.3,21.2,0.243,174.72,12.34,4.97,5.245,93.58,0.2959
APP0000396,PRD000160,2026-03-27,47370.89,12,17.16,61128.03,custeio,MS,101.0,21.1,0.269,182.34,16.55,7.88,7.004,81.6,0.4281
APP0000397,PRD000161,2024-10-11,23373.76,36,13.71,33435.38,investimento,MG,86.7,25.5,0.254,74.21,12.65,5.14,5.398,92.17,0.3525
APP0000398,PRD000161,2026-04-13,38310.59,18,15.18,39104.62,investimento,MG,104.1,21.5,0.013,70.62,16.55,7.95,7.038,80.49,0.5203
APP0000399,PRD000161,2026-08-30,71506.23,24,8.06,85031.77,investimento,MG,189.9,23.5,0.218,76.25,16.48,7.96,6.926,83.04,0.5229
APP0000400,PRD000161,2024-05-20,25902.53,36,15.24,43551.87,investimento,MG,45.9,31.9,0.66,68.37,11.35,4.3,4.766,101.07,0.4011
APP0000401,PRD000162,2024-06-26,50276.85,36,9.06,44286.05,industrializacao,MS,132.6,33.2,0.672,145.82,11.35,4.33,4.729,101.06,0.2749
APP0000402,PRD000162,2024-07-09,92238.6,36,16.0,152010.8,investimento,MS,118.2,30.4,0.142,176.03,11.7,4.51,4.809,97.34,0.1475
APP0000403,PRD000162,2025-01-21,20141.31,18,15.56,35526.57,custeio,MS,85.5,24.1,0.438,143.66,14.32,6.06,5.846,87.46,0.2547
APP0000404,PRD000162,2025-09-03,24318.48,6,14.83,24982.85,custeio,MS,171.6,25.7,0.013,195.97,16.79,7.7,7.0,79.08,0.2515
APP0000405,PRD000163,2026-04-02,63769.26,36,16.15,59084.37,investimento,MG,104.1,21.5,0.013,70.62,16.55,7.95,7.038,80.49,0.584
APP0000406,PRD000163,2026-05-19,16418.6,6,7.18,19361.89,custeio,MG,91.0,30.8,0.265,77.11,16.46,8.05,6.992,80.92,0.5834
APP0000407,PRD000163,2025-07-23,39886.55,24,17.8,65360.5,investimento,MG,83.3,28.2,0.03,76.28,16.76,7.58,6.979,80.98,0.5004
APP0000408,PRD000164,2022-12-30,161174.8,12,8.48,115983.73,custeio,BA,148.2,20.3,0.221,110.0,11.08,4.15,5.026,98.95,0.3296
APP0000409,PRD000164,2022-03-14,18330.24,24,7.64,19389.34,custeio,BA,207.1,29.9,0.205,102.82,10.67,4.59,5.055,98.83,0.2618
APP0000410,PRD000165,2025-11-23,45349.95,12,15.46,28940.39,investimento,GO,128.2,18.4,0.163,80.38,16.6,7.75,6.959,81.73,0.6931
APP0000411,PRD000165,2024-04-28,50353.03,18,8.76,88124.02,custeio,GO,106.6,31.0,0.742,59.79,11.32,4.4,4.805,100.32,0.5714
APP0000412,PRD000165,2023-11-26,32140.92,6,7.19,38373.67,custeio,GO,93.4,18.8,0.132,82.2,11.34,4.18,4.877,101.75,0.4558
APP0000413,PRD000165,2023-03-19,43210.74,6,14.03,34827.78,investimento,GO,178.3,33.2,0.267,85.75,11.34,4.05,4.953,99.59,0.547
APP0000414,PRD000166,2026-03-03,40570.37,24,12.2,33379.9,comercializacao,SP,61.2,23.0,0.139,61.15,16.55,7.88,7.004,81.6,0.5722
APP0000415,PRD000167,2026-03-03,31479.1,24,7.78,25202.82,custeio,MT,208.4,21.4,0.202,117.06,16.55,7.88,7.004,81.6,0.4125
APP0000416,PRD000167,2024-08-28,84233.21,18,9.32,55977.37,investimento,MT,142.7,25.6,0.27,132.8,11.97,4.69,5.047,96.01,0.2588
APP0000417,PRD000167,2026-04-05,5418.29,12,8.61,4188.72,custeio,MT,87.5,20.5,0.199,117.11,16.55,7.95,7.038,80.49,0.3974
APP0000418,PRD000168,2023-12-03,25741.48,6,13.21,24869.08,industrializacao,MG,70.4,29.4,0.007,79.37,11.37,4.23,4.853,101.44,0.2699
APP0000419,PRD000168,2023-01-05,30504.88,12,11.34,41200.25,investimento,MG,116.6,21.8,0.007,79.57,11.2,4.06,4.981,99.95,0.2182
APP0000420,PRD000169,2024-08-21,25374.25,36,15.91,37153.99,investimento,TO,76.4,33.8,0.165,137.67,11.97,4.69,5.047,96.01,0.3241
APP0000421,PRD000169,2026-08-22,68465.9,18,7.79,44123.98,custeio,TO,182.5,30.5,0.233,136.95,16.48,7.96,6.926,83.04,0.5482
APP0000422,PRD000170,2022-12-16,90419.49,24,17.92,130542.45,industrializacao,GO,142.2,31.6,0.172,86.92,11.08,4.15,5.026,98.95,0.3097
APP0000423,PRD000171,2024-09-07,52472.04,36,14.26,39473.77,custeio,SP,152.7,24.3,0.001,62.4,12.34,4.97,5.245,93.58,0.1874
APP0000424,PRD000171,2022-01-20,36329.14,24,9.48,44082.0,custeio,SP,83.7,21.6,0.235,71.0,10.46,4.45,5.045,98.92,0.1562
APP0000425,PRD000171,2025-03-02,5642.47,12,7.49,5422.02,investimento,SP,56.6,22.7,0.449,53.19,15.36,6.47,6.304,83.95,0.3457
APP0000426,PRD000172,2026-09-04,19609.38,12,9.7,18095.9,industrializacao,GO,155.0,19.1,0.227,81.18,16.34,7.89,6.904,83.16,0.5967
APP0000427,PRD000172,2022-08-29,30644.33,12,8.2,49852.8,investimento,GO,209.2,20.2,0.193,86.21,10.97,4.34,5.033,99.26,0.3104
APP0000428,PRD000173,2025-11-06,22315.04,24,11.71,29288.32,custeio,GO,128.2,18.4,0.163,80.38,16.6,7.75,6.959,81.73,0.2995
APP0000429,PRD000173,2024-11-23,41144.16,36,17.99,30676.33,custeio,GO,115.8,21.6,0.126,79.89,13.13,5.44,5.596,90.86,0.2367
APP0000430,PRD000173,2026-10-19,79322.53,12,15.93,60811.54,industrializacao,GO,215.5,33.6,0.294,85.57,16.29,7.86,6.879,84.46,0.4138
APP0000431,PRD000173,2026-02-28,146254.2,36,14.86,217628.47,industrializacao,GO,141.7,20.3,0.204,92.3,16.55,7.87,6.969,81.38,0.3331
APP0000432,PRD000174,2025-01-14,66891.75,36,17.87,116468.29,industrializacao,GO,88.5,32.4,0.511,64.5,14.32,6.06,5.846,87.46,0.5035
APP0000433,PRD000175,2023-06-13,30961.67,6,17.1,48892.28,comercializacao,RS,111.9,29.2,0.19,96.23,11.43,4.08,4.974,101.38,0.1959
APP0000434,PRD000175,2025-11-02,18365.84,6,14.81,16404.04,custeio,RS,75.3,18.0,0.296,82.42,16.6,7.75,6.959,81.73,0.4263
APP0000435,PRD000175,2024-12-07,78422.62,36,12.89,81814.87,investimento,RS,130.1,27.5,0.019,100.38,13.83,5.67,5.708,89.04,0.2804
APP0000436,PRD000175,2023-09-25,94488.59,6,7.29,79761.97,comercializacao,RS,110.6,22.9,0.274,83.84,11.49,4.14,4.898,102.79,0.2499
APP0000437,PRD000176,2024-04-21,14031.31,36,13.48,12634.63,comercializacao,SP,54.4,28.9,0.663,58.02,11.32,4.4,4.805,100.32,0.3954
APP0000438,PRD000176,2026-11-03,28712.38,6,7.6,36196.08,custeio,SP,152.2,27.3,0.024,60.02,16.32,7.8,6.864,85.41,0.3731
APP0000439,PRD000176,2025-01-09,20877.19,12,12.4,27469.29,custeio,SP,96.4,30.5,0.592,60.74,14.32,6.06,5.846,87.46,0.4381
APP0000440,PRD000176,2022-11-02,102638.88,6,12.61,123264.83,comercializacao,SP,86.4,23.0,0.03,72.52,11.17,4.25,4.99,99.15,0.2281
APP0000441,PRD000177,2024-08-15,45852.43,18,8.34,78713.15,industrializacao,SP,95.7,22.2,0.267,70.62,11.97,4.69,5.047,96.01,0.146
APP0000442,PRD000177,2022-02-05,39963.24,18,7.73,29550.2,custeio,SP,208.2,29.2,0.152,64.82,10.54,4.52,5.093,99.9,0.1807
APP0000443,PRD000178,2026-05-30,47496.11,36,6.71,66431.4,custeio,PR,114.0,22.4,0.299,173.22,16.46,8.05,6.992,80.92,0.4759
APP0000444,PRD000178,2022-03-06,7999.09,12,7.14,8893.11,custeio,PR,64.5,33.5,0.115,162.97,10.67,4.59,5.055,98.83,0.2826
APP0000445,PRD000179,2024-07-27,43798.73,6,7.94,60697.89,comercializacao,PR,93.3,24.5,0.265,166.63,11.7,4.51,4.809,97.34,0.2428
APP0000446,PRD000179,2022-01-24,36120.25,18,9.08,56993.28,comercializacao,PR,106.0,28.9,0.017,179.08,10.46,4.45,5.045,98.92,0.1876
APP0000447,PRD000180,2024-02-21,26247.15,12,17.75,28944.16,comercializacao,MG,55.4,21.5,0.483,63.38,11.51,4.24,4.804,101.19,0.4344
APP0000448,PRD000180,2022-02-21,20534.39,12,17.59,19937.93,comercializacao,MG,174.0,26.8,0.061,77.67,10.54,4.52,5.093,99.9,0.3079
APP0000449,PRD000180,2023-04-27,38445.81,18,15.2,57643.49,industrializacao,MG,98.7,27.8,0.268,84.79,11.38,4.0,4.932,99.91,0.3166
APP0000450,PRD000181,2024-07-16,181331.46,24,17.25,311574.37,investimento,MG,183.7,22.3,0.235,78.78,11.7,4.51,4.809,97.34,0.2826
APP0000451,PRD000181,2026-10-19,86378.57,18,15.59,82244.68,custeio,MG,84.9,28.9,0.215,78.57,16.29,7.86,6.879,84.46,0.5482
APP0000452,PRD000181,2022-05-04,48974.9,6,11.25,84196.63,comercializacao,MG,133.5,23.5,0.076,71.56,10.73,4.53,5.077,99.68,0.2715
APP0000453,PRD000181,2024-10-22,25537.9,12,10.04,24738.21,industrializacao,MG,86.7,25.5,0.254,74.21,12.65,5.14,5.398,92.17,0.3933
APP0000454,PRD000182,2022-08-15,17640.78,24,16.2,23383.23,investimento,GO,209.2,20.2,0.193,86.21,10.97,4.34,5.033,99.26,0.1665
APP0000455,PRD000182,2024-01-01,7651.7,6,17.65,10650.48,comercializacao,GO,60.8,33.1,0.564,64.91,11.38,4.15,4.823,100.55,0.2432
APP0000456,PRD000183,2026-04-19,7573.18,36,12.17,6321.16,investimento,MT,87.5,20.5,0.199,117.11,16.55,7.95,7.038,80.49,0.3385
APP0000457,PRD000184,2023-05-26,22648.65,36,15.57,27190.41,investimento,PR,142.9,18.6,0.144,154.9,11.32,3.99,4.959,101.0,0.1774
APP0000458,PRD000184,2026-01-22,10549.04,36,15.72,13125.2,industrializacao,PR,213.7,21.2,0.19,160.98,16.52,7.83,6.952,81.49,0.2926
APP0000459,PRD000184,2023-06-16,17066.13,18,7.45,25111.94,custeio,PR,73.4,29.1,0.02,165.8,11.43,4.08,4.974,101.38,0.1414
APP0000460,PRD000184,2022-08-31,49076.15,36,15.06,60534.01,investimento,PR,112.9,20.8,0.117,158.83,10.97,4.34,5.033,99.26,0.1443
APP0000461,PRD000185,2022-04-19,13633.39,36,13.66,23107.27,custeio,GO,130.1,23.2,0.164,90.29,10.71,4.56,5.06,99.87,0.1225
APP0000462,PRD000185,2022-01-28,34923.33,6,15.13,41756.37,industrializacao,GO,217.9,27.4,0.018,79.71,10.46,4.45,5.045,98.92,0.1338
APP0000463,PRD000185,2022-04-04,55847.33,24,16.67,43935.41,comercializacao,GO,130.1,23.2,0.164,90.29,10.71,4.56,5.06,99.87,0.1672
APP0000464,PRD000185,2025-11-01,16431.75,18,16.22,22402.38,comercializacao,GO,128.2,18.4,0.163,80.38,16.6,7.75,6.959,81.73,0.2458
APP0000465,PRD000186,2022-01-20,43974.01,24,10.42,44204.28,custeio,BA,200.2,19.2,0.125,102.64,10.46,4.45,5.045,98.92,0.4098
APP0000466,PRD000186,2022-12-07,46450.87,24,12.51,28063.56,industrializacao,BA,148.2,20.3,0.221,110.0,11.08,4.15,5.026,98.95,0.5111
APP0000467,PRD000186,2026-01-04,23804.47,24,7.72,15067.95,custeio,BA,210.0,31.2,0.122,119.2,16.52,7.83,6.952,81.49,0.6912
APP0000468,PRD000187,2022-09-23,193352.86,36,13.79,205154.49,custeio,RS,62.1,29.4,0.146,92.89,11.12,4.39,5.008,98.34,0.5128
APP0000469,PRD000187,2023-11-25,118075.09,6,16.85,71833.22,custeio,RS,130.0,23.8,0.048,85.27,11.34,4.18,4.877,101.75,0.5507
APP0000470,PRD000188,2026-05-26,7865.39,36,6.86,6321.1,comercializacao,TO,88.5,24.8,0.255,124.13,16.46,8.05,6.992,80.92,0.3638
APP0000471,PRD000188,2022-10-04,18945.48,12,8.37,30106.05,custeio,TO,158.6,32.2,0.212,125.45,11.13,4.34,5.037,97.77,0.1579
APP0000472,PRD000188,2026-06-05,81311.46,24,9.49,113808.25,industrializacao,TO,161.8,26.3,0.187,120.6,16.47,8.03,6.961,81.3,0.3031
APP0000473,PRD000189,2024-06-13,43757.08,36,16.27,74267.53,investimento,TO,88.0,21.9,0.415,104.12,11.35,4.33,4.729,101.06,0.5722
APP0000474,PRD000190,2026-09-14,30251.39,12,10.97,18310.99,investimento,PI,107.1,20.3,0.291,168.62,16.34,7.89,6.904,83.16,0.5403
APP0000475,PRD000191,2024-01-16,89413.41,18,16.77,70444.26,custeio,PI,124.7,21.1,0.604,152.35,11.38,4.15,4.823,100.55,0.6784
APP0000476,PRD000191,2025-06-23,38847.01,12,9.82,63178.27,investimento,PI,110.2,19.2,0.633,129.81,16.84,7.51,6.986,80.33,0.7712
APP0000477,PRD000192,2026-02-21,21176.97,6,15.86,20746.47,investimento,PI,89.1,18.3,0.299,188.83,16.55,7.87,6.969,81.38,0.6881
APP0000478,PRD000193,2024-02-12,34500.77,36,17.88,49610.14,investimento,BA,51.4,33.1,0.573,81.44,11.51,4.24,4.804,101.19,0.5572
APP0000479,PRD000194,2023-04-22,27255.51,6,10.25,43178.79,comercializacao,TO,120.6,26.3,0.083,136.21,11.38,4.0,4.932,99.91,0.2251
APP0000480,PRD000194,2024-10-18,22672.99,12,12.14,35921.17,industrializacao,TO,154.2,25.2,0.063,127.71,12.65,5.14,5.398,92.17,0.2918
APP0000481,PRD000194,2026-10-19,91745.93,12,12.85,90382.76,custeio,TO,136.9,30.9,0.132,142.31,16.29,7.86,6.879,84.46,0.4706
APP0000482,PRD000195,2025-01-23,83644.96,6,8.04,109635.99,industrializacao,GO,88.5,32.4,0.511,64.5,14.32,6.06,5.846,87.46,0.5542
APP0000483,PRD000195,2024-11-03,15303.85,12,10.83,26424.64,industrializacao,GO,115.8,21.6,0.126,79.89,13.13,5.44,5.596,90.86,0.3263
APP0000484,PRD000196,2022-02-08,25848.66,18,15.37,28625.37,investimento,MS,166.4,27.8,0.017,172.87,10.54,4.52,5.093,99.9,0.4568
APP0000485,PRD000196,2022-03-17,25624.0,6,11.8,17254.57,custeio,MS,89.7,29.5,0.027,183.84,10.67,4.59,5.055,98.83,0.5204
APP0000486,PRD000196,2023-06-24,71189.84,12,12.03,104449.17,industrializacao,MS,121.0,31.9,0.045,181.33,11.43,4.08,4.974,101.38,0.4655
APP0000487,PRD000196,2023-04-13,43675.16,24,9.91,30025.59,comercializacao,MS,111.9,30.7,0.284,182.73,11.38,4.0,4.932,99.91,0.5618
APP0000488,PRD000197,2024-02-25,8842.95,18,9.48,13282.9,industrializacao,MT,114.1,23.9,0.55,90.07,11.51,4.24,4.804,101.19,0.3056
APP0000489,PRD000197,2022-10-30,70502.47,36,16.09,126653.32,industrializacao,MT,169.9,28.1,0.191,121.4,11.13,4.34,5.037,97.77,0.1817
APP0000490,PRD000198,2022-10-06,29365.87,24,17.37,47913.36,comercializacao,MS,202.5,28.9,0.084,173.71,11.13,4.34,5.037,97.77,0.25
APP0000491,PRD000198,2023-03-03,28751.71,12,10.62,21576.91,industrializacao,MS,179.2,21.6,0.051,193.45,11.34,4.05,4.953,99.59,0.2965
APP0000492,PRD000198,2026-01-18,36692.54,6,11.17,51596.55,comercializacao,MS,141.5,31.3,0.119,173.38,16.52,7.83,6.952,81.49,0.4579
APP0000493,PRD000199,2025-04-26,48970.49,18,15.47,75067.11,comercializacao,MG,70.1,18.4,0.596,67.17,15.89,6.77,6.48,81.98,0.4976
APP0000494,PRD000199,2026-09-05,42910.49,12,13.14,63964.28,comercializacao,MG,152.3,26.8,0.27,82.04,16.34,7.89,6.904,83.16,0.4026
APP0000495,PRD000199,2025-05-05,84995.98,18,15.43,83051.67,comercializacao,MG,100.4,30.1,0.522,73.37,16.25,7.09,6.729,81.39,0.5453
APP0000496,PRD000199,2024-04-22,28016.37,36,13.35,32388.27,comercializacao,MG,65.5,20.4,0.424,59.87,11.32,4.4,4.805,100.32,0.3233
APP0000497,PRD000200,2022-11-22,33035.47,6,9.27,50792.29,investimento,PR,125.5,18.2,0.247,163.83,11.17,4.25,4.99,99.15,0.1581
APP0000498,PRD000200,2024-09-03,18659.03,12,11.74,15813.35,investimento,PR,174.0,27.1,0.284,175.66,12.34,4.97,5.245,93.58,0.2347
APP0000499,PRD000200,2022-10-29,35333.18,6,16.11,56397.36,industrializacao,PR,173.6,32.4,0.093,182.74,11.13,4.34,5.037,97.77,0.1457
APP0000500,PRD000201,2025-05-27,13037.93,24,8.39,20017.46,comercializacao,PI,44.8,32.2,0.561,136.06,16.25,7.09,6.729,81.39,0.4167
APP0000501,PRD000201,2026-09-11,43059.78,12,6.87,34915.7,industrializacao,PI,107.1,20.3,0.291,168.62,16.34,7.89,6.904,83.16,0.4067
APP0000502,PRD000201,2025-04-12,65908.95,6,16.83,98616.45,custeio,PI,93.0,19.5,0.713,149.27,15.89,6.77,6.48,81.98,0.4247
APP0000503,PRD000201,2022-07-15,17695.08,24,16.03,11902.77,custeio,PI,148.4,18.6,0.141,168.71,10.92,4.41,5.063,99.17,0.2375
APP0000504,PRD000202,2024-08-09,25930.76,18,14.38,44850.74,investimento,TO,76.4,33.8,0.165,137.67,11.97,4.69,5.047,96.01,0.5205
APP0000505,PRD000202,2026-09-07,33667.68,18,10.83,29245.5,industrializacao,TO,73.4,20.6,0.223,135.53,16.34,7.89,6.904,83.16,0.7663
APP0000506,PRD000202,2026-05-22,15187.08,24,15.2,15036.97,comercializacao,TO,88.5,24.8,0.255,124.13,16.46,8.05,6.992,80.92,0.7342
APP0000507,PRD000202,2026-08-02,97686.62,36,9.02,129498.61,investimento,TO,182.5,30.5,0.233,136.95,16.48,7.96,6.926,83.04,0.6992
APP0000508,PRD000203,2022-11-24,28664.57,6,9.93,43767.5,custeio,MS,204.4,19.0,0.227,183.73,11.17,4.25,4.99,99.15,0.4404
APP0000509,PRD000204,2026-08-28,30806.56,24,13.93,48947.78,investimento,MG,189.9,23.5,0.218,76.25,16.48,7.96,6.926,83.04,0.5448
APP0000510,PRD000204,2023-12-30,10039.17,36,10.8,11476.5,industrializacao,MG,70.4,29.4,0.007,79.37,11.37,4.23,4.853,101.44,0.3589
APP0000511,PRD000205,2026-03-13,35938.68,24,16.23,22499.07,custeio,MG,177.0,28.2,0.043,82.36,16.55,7.88,7.004,81.6,0.6264
APP0000512,PRD000205,2022-07-31,63987.53,12,13.34,51131.46,comercializacao,MG,209.6,26.8,0.246,78.43,10.92,4.41,5.063,99.17,0.4348
APP0000513,PRD000205,2026-05-10,68672.27,12,13.63,64235.45,custeio,MG,91.0,30.8,0.265,77.11,16.46,8.05,6.992,80.92,0.6199
APP0000514,PRD000205,2022-11-18,28071.98,12,8.49,49094.68,custeio,MG,66.4,28.6,0.018,72.17,11.17,4.25,4.99,99.15,0.2788
APP0000515,PRD000206,2025-08-28,68795.82,6,7.81,114316.88,comercializacao,MG,201.9,32.0,0.023,75.03,16.68,7.68,6.994,80.38,0.2178
APP0000516,PRD000206,2023-08-04,15770.63,6,9.1,17123.5,comercializacao,MG,200.0,23.5,0.006,78.37,11.42,4.09,4.906,103.9,0.1475
APP0000517,PRD000206,2025-11-24,102100.07,12,8.72,81132.95,industrializacao,MG,141.5,28.1,0.111,77.44,16.6,7.75,6.959,81.73,0.3218
APP0000518,PRD000207,2025-04-27,32818.35,36,6.81,41915.49,investimento,MS,118.1,28.3,0.542,167.89,15.89,6.77,6.48,81.98,0.7569
APP0000519,PRD000207,2026-06-04,23540.0,12,16.62,15749.17,industrializacao,MS,107.8,29.0,0.064,189.81,16.47,8.03,6.961,81.3,0.7163
APP0000520,PRD000208,2026-11-27,54071.54,6,7.86,48192.46,investimento,BA,96.5,32.8,0.097,107.56,16.32,7.8,6.864,85.41,0.3816
APP0000521,PRD000208,2022-06-04,34979.11,18,9.7,23739.62,investimento,BA,168.5,18.5,0.149,120.97,10.82,4.51,5.065,99.4,0.2314
APP0000522,PRD000208,2023-07-04,56725.8,24,10.43,101152.34,investimento,BA,60.6,33.0,0.199,105.87,11.39,4.11,4.951,102.57,0.1762
APP0000523,PRD000209,2025-12-10,17725.1,12,14.81,13359.95,comercializacao,PR,88.4,28.0,0.203,181.95,16.61,7.74,6.957,81.85,0.7099
APP0000524,PRD000210,2023-05-31,7614.17,12,14.56,12703.69,industrializacao,BA,85.5,30.8,0.042,120.65,11.32,3.99,4.959,101.0,0.3303
APP0000525,PRD000210,2026-07-15,40778.37,36,16.88,39901.07,custeio,BA,193.8,27.7,0.276,121.54,16.33,7.98,6.914,82.48,0.6232
APP0000526,PRD000210,2022-08-05,78095.38,18,7.58,66526.37,custeio,BA,136.7,30.8,0.007,108.3,10.97,4.34,5.033,99.26,0.3616
APP0000527,PRD000210,2025-04-06,47762.41,6,12.45,53968.65,industrializacao,BA,42.5,25.0,0.644,85.11,15.89,6.77,6.48,81.98,0.7017
APP0000528,PRD000211,2023-06-19,6152.0,18,14.46,5546.58,custeio,TO,103.8,18.8,0.001,130.95,11.43,4.08,4.974,101.38,0.5108
APP0000529,PRD000211,2025-12-21,117765.29,18,14.55,146928.77,investimento,TO,145.7,32.8,0.262,121.76,16.61,7.74,6.957,81.85,0.6807
APP0000530,PRD000212,2024-10-05,10503.18,24,16.04,8800.92,investimento,RS,145.7,19.7,0.248,86.35,12.65,5.14,5.398,92.17,0.353
APP0000531,PRD000212,2025-02-17,32656.89,36,17.34,26096.61,comercializacao,RS,65.2,32.3,0.335,75.36,14.99,6.26,6.101,85.95,0.4918
APP0000532,PRD000212,2024-11-30,22923.61,18,14.96,28344.72,investimento,RS,216.2,31.1,0.067,87.1,13.13,5.44,5.596,90.86,0.2775
APP0000533,PRD000212,2026-05-06,23449.01,24,8.05,36257.88,comercializacao,RS,86.8,19.6,0.058,85.02,16.46,8.05,6.992,80.92,0.3776
APP0000534,PRD000213,2024-01-13,25811.84,18,14.98,17969.78,investimento,GO,60.8,33.1,0.564,64.91,11.38,4.15,4.823,100.55,0.2886
APP0000535,PRD000213,2025-02-11,20472.14,18,6.6,14894.45,industrializacao,GO,90.3,31.3,0.5,68.7,14.99,6.26,6.101,85.95,0.4098
APP0000536,PRD000214,2024-07-04,16911.11,36,15.25,28021.27,custeio,SP,126.8,25.4,0.265,66.92,11.7,4.51,4.809,97.34,0.4069
APP0000537,PRD000214,2026-10-10,22461.47,18,13.05,18193.87,custeio,SP,76.0,19.8,0.292,69.51,16.29,7.86,6.879,84.46,0.6992
APP0000538,PRD000214,2024-05-05,15370.04,24,6.96,16782.41,comercializacao,SP,135.4,21.1,0.649,54.77,11.35,4.3,4.766,101.07,0.6203
APP0000539,PRD000215,2024-05-31,134082.12,6,14.75,179325.17,custeio,GO,127.1,20.8,0.311,73.7,11.35,4.3,4.766,101.07,0.3207
APP0000540,PRD000215,2024-01-30,79425.59,12,8.05,76046.38,custeio,GO,60.8,33.1,0.564,64.91,11.38,4.15,4.823,100.55,0.3634
APP0000541,PRD000215,2025-04-27,57578.74,6,17.22,44466.87,custeio,GO,112.9,25.4,0.657,70.15,15.89,6.77,6.48,81.98,0.5573
APP0000542,PRD000216,2022-08-16,29985.58,36,14.7,30728.81,comercializacao,TO,138.8,21.8,0.129,134.9,10.97,4.34,5.033,99.26,0.3273
APP0000543,PRD000216,2023-02-14,25723.26,24,14.08,41899.79,investimento,TO,60.5,21.4,0.033,137.09,11.2,3.98,4.998,100.89,0.258
APP0000544,PRD000216,2026-11-12,8258.6,36,9.48,12016.77,comercializacao,TO,160.9,33.5,0.008,122.67,16.32,7.8,6.864,85.41,0.4532
APP0000545,PRD000216,2022-10-09,29429.43,18,7.84,44104.09,industrializacao,TO,158.6,32.2,0.212,125.45,11.13,4.34,5.037,97.77,0.2929
APP0000546,PRD000217,2025-09-10,113171.08,24,17.44,189352.73,industrializacao,MG,66.5,33.7,0.254,71.49,16.79,7.7,7.0,79.08,0.4893
APP0000547,PRD000217,2026-10-25,127847.33,36,9.86,172390.72,comercializacao,MG,84.9,28.9,0.215,78.57,16.29,7.86,6.879,84.46,0.5093
APP0000548,PRD000217,2024-08-27,25382.41,36,12.83,15831.7,industrializacao,MG,119.0,20.9,0.16,73.35,11.97,4.69,5.047,96.01,0.3746
APP0000549,PRD000217,2023-01-22,8222.92,6,16.65,7766.03,comercializacao,MG,116.6,21.8,0.007,79.57,11.2,4.06,4.981,99.95,0.2924
APP0000550,PRD000218,2026-04-24,36074.45,18,11.43,36157.04,industrializacao,TO,148.4,23.4,0.161,125.57,16.55,7.95,7.038,80.49,0.428
APP0000551,PRD000219,2022-12-05,27611.93,36,10.75,24035.45,investimento,GO,142.2,31.6,0.172,86.92,11.08,4.15,5.026,98.95,0.3473
APP0000552,PRD000220,2025-02-19,41333.62,24,8.49,50379.95,comercializacao,PR,119.0,28.3,0.522,153.27,14.99,6.26,6.101,85.95,0.3885
APP0000553,PRD000220,2022-05-10,36380.22,18,12.04,63022.47,industrializacao,PR,67.2,21.4,0.137,157.4,10.73,4.53,5.077,99.68,0.1542
APP0000554,PRD000220,2026-01-27,23205.87,36,13.44,37182.18,investimento,PR,213.7,21.2,0.19,160.98,16.52,7.83,6.952,81.49,0.2835
APP0000555,PRD000220,2023-06-21,46555.57,24,16.23,63413.77,comercializacao,PR,73.4,29.1,0.02,165.8,11.43,4.08,4.974,101.38,0.1596
APP0000556,PRD000221,2024-07-22,39190.4,18,9.67,45007.97,industrializacao,RS,118.2,30.8,0.129,88.85,11.7,4.51,4.809,97.34,0.1644
APP0000557,PRD000221,2022-06-18,40362.09,18,16.6,36636.21,industrializacao,RS,213.6,31.8,0.072,97.71,10.82,4.51,5.065,99.4,0.1751
APP0000558,PRD000222,2025-10-23,6340.08,6,10.73,6063.16,comercializacao,BA,136.5,21.4,0.052,114.68,16.74,7.72,7.0,80.46,0.3377
APP0000559,PRD000222,2026-07-31,38619.66,6,17.29,30084.07,investimento,BA,193.8,27.7,0.276,121.54,16.33,7.98,6.914,82.48,0.4015
APP0000560,PRD000223,2022-01-23,62916.16,6,14.52,86810.11,industrializacao,GO,217.9,27.4,0.018,79.71,10.46,4.45,5.045,98.92,0.1661
APP0000561,PRD000224,2023-08-18,101389.73,24,6.88,170264.82,investimento,PI,167.0,25.5,0.092,181.96,11.42,4.09,4.906,103.9,0.1782
APP0000562,PRD000225,2023-07-01,146668.9,12,8.93,157761.42,investimento,RS,198.2,28.4,0.222,95.95,11.39,4.11,4.951,102.57,0.4808
APP0000563,PRD000225,2022-02-15,82745.01,6,12.8,63115.18,industrializacao,RS,97.1,25.0,0.247,92.07,10.54,4.52,5.093,99.9,0.5174
APP0000564,PRD000225,2024-04-20,100170.05,36,13.89,153392.58,industrializacao,RS,41.7,21.6,0.671,66.52,11.32,4.4,4.805,100.32,0.5793
APP0000565,PRD000225,2024-11-06,51772.18,12,12.28,51533.43,custeio,RS,216.2,31.1,0.067,87.1,13.13,5.44,5.596,90.86,0.5235
APP0000566,PRD000226,2024-08-22,81425.44,12,10.0,128314.1,industrializacao,BA,75.2,28.9,0.178,117.45,11.97,4.69,5.047,96.01,0.5188
APP0000567,PRD000226,2024-03-29,112633.4,6,16.2,153650.06,investimento,BA,103.4,32.7,0.591,92.79,11.47,4.33,4.765,101.33,0.6148
APP0000568,PRD000226,2022-05-01,25480.53,6,12.77,27564.0,custeio,BA,103.2,29.2,0.144,118.73,10.73,4.53,5.077,99.68,0.5223
APP0000569,PRD000226,2024-04-13,30200.8,6,15.27,32697.29,custeio,BA,65.6,25.6,0.657,105.16,11.32,4.4,4.805,100.32,0.6477
APP0000570,PRD000227,2026-04-20,35254.98,24,14.58,62011.06,investimento,MT,87.5,20.5,0.199,117.11,16.55,7.95,7.038,80.49,0.2531
APP0000571,PRD000227,2024-08-07,125833.53,18,13.52,101414.12,investimento,MT,142.7,25.6,0.27,132.8,11.97,4.69,5.047,96.01,0.201
APP0000572,PRD000228,2023-02-27,75510.68,12,17.68,53198.61,comercializacao,SP,134.0,31.6,0.047,69.62,11.2,3.98,4.998,100.89,0.2247
APP0000573,PRD000229,2025-11-08,14483.54,36,13.52,15964.57,industrializacao,MG,141.5,28.1,0.111,77.44,16.6,7.75,6.959,81.73,0.5735
APP0000574,PRD000229,2025-06-17,22561.77,12,6.52,20534.74,investimento,MG,65.3,24.4,0.706,59.99,16.84,7.51,6.986,80.33,0.743
APP0000575,PRD000229,2024-11-15,57579.19,12,15.83,82732.64,custeio,MG,185.3,25.4,0.136,81.54,13.13,5.44,5.596,90.86,0.3943
APP0000576,PRD000230,2026-01-24,39769.72,36,16.39,24128.15,comercializacao,MG,181.4,24.9,0.154,80.86,16.52,7.83,6.952,81.49,0.5705
APP0000577,PRD000230,2025-09-20,23602.46,36,13.17,35562.45,custeio,MG,66.5,33.7,0.254,71.49,16.79,7.7,7.0,79.08,0.5171
APP0000578,PRD000230,2022-07-30,11989.35,36,17.09,16662.84,custeio,MG,209.6,26.8,0.246,78.43,10.92,4.41,5.063,99.17,0.3236
APP0000579,PRD000230,2023-11-04,55588.95,6,17.27,98547.64,comercializacao,MG,120.7,32.0,0.288,81.17,11.34,4.18,4.877,101.75,0.2944
APP0000580,PRD000231,2024-07-02,69881.29,36,13.73,44565.71,custeio,PI,148.0,31.4,0.157,155.17,11.7,4.51,4.809,97.34,0.4492
APP0000581,PRD000232,2022-11-23,27308.5,36,17.38,34417.49,comercializacao,RS,157.1,31.9,0.2,82.96,11.17,4.25,4.99,99.15,0.5825
APP0000582,PRD000232,2026-09-02,20287.11,6,14.1,12640.67,comercializacao,RS,180.7,27.5,0.254,83.85,16.34,7.89,6.904,83.16,0.7846
APP0000583,PRD000232,2025-08-17,34109.79,6,11.32,20555.2,custeio,RS,89.3,23.0,0.053,90.05,16.68,7.68,6.994,80.38,0.7769
APP0000584,PRD000232,2026-01-12,132841.65,6,8.47,154986.01,custeio,RS,139.7,26.6,0.293,83.96,16.52,7.83,6.952,81.49,0.7522
APP0000585,PRD000233,2026-09-18,30803.2,12,17.93,34054.02,comercializacao,MG,152.3,26.8,0.27,82.04,16.34,7.89,6.904,83.16,0.732
APP0000586,PRD000233,2023-10-30,71145.25,12,13.88,71202.84,industrializacao,MG,124.6,21.5,0.106,74.72,11.35,4.2,4.922,102.76,0.5285
APP0000587,PRD000234,2026-02-15,216299.06,12,9.93,300472.99,industrializacao,RS,119.9,20.8,0.132,97.64,16.55,7.87,6.969,81.38,0.3377
APP0000588,PRD000235,2025-04-14,115598.26,12,6.6,145836.87,industrializacao,BA,42.5,25.0,0.644,85.11,15.89,6.77,6.48,81.98,0.4175
APP0000589,PRD000236,2023-05-27,55843.6,24,6.51,95042.96,industrializacao,MG,167.4,25.0,0.258,83.72,11.32,3.99,4.959,101.0,0.2752
APP0000590,PRD000237,2022-09-30,24200.22,12,14.53,26859.75,custeio,SP,171.6,20.4,0.015,65.59,11.12,4.39,5.008,98.34,0.4509
APP0000591,PRD000237,2025-12-04,39351.97,18,15.46,36757.01,investimento,SP,216.2,29.9,0.25,71.7,16.61,7.74,6.957,81.85,0.6633
APP0000592,PRD000237,2023-07-12,39060.57,36,11.7,46798.3,comercializacao,SP,80.2,29.6,0.085,63.77,11.39,4.11,4.951,102.57,0.4388
APP0000593,PRD000238,2024-04-21,20035.38,12,9.15,12945.43,industrializacao,MG,65.5,20.4,0.424,59.87,11.32,4.4,4.805,100.32,0.3714
APP0000594,PRD000238,2025-05-22,26761.19,12,10.79,26025.11,investimento,MG,100.4,30.1,0.522,73.37,16.25,7.09,6.729,81.39,0.5479
APP0000595,PRD000238,2022-10-04,14673.83,12,8.41,16036.66,custeio,MG,77.2,26.6,0.038,71.93,11.13,4.34,5.037,97.77,0.2265
APP0000596,PRD000238,2024-02-26,32115.45,24,17.41,41205.25,investimento,MG,55.4,21.5,0.483,63.38,11.51,4.24,4.804,101.19,0.3384
APP0000597,PRD000239,2024-02-12,52529.58,36,14.06,41245.38,investimento,MT,114.1,23.9,0.55,90.07,11.51,4.24,4.804,101.19,0.2852
APP0000598,PRD000239,2023-03-18,20940.25,24,16.45,22610.88,industrializacao,MT,63.7,27.8,0.05,124.39,11.34,4.05,4.953,99.59,0.1469
APP0000599,PRD000239,2024-07-12,46279.64,24,6.64,34510.8,investimento,MT,153.3,20.4,0.004,118.04,11.7,4.51,4.809,97.34,0.1755
APP0000600,PRD000240,2024-12-07,18145.82,36,15.08,32140.93,investimento,TO,170.2,26.7,0.197,137.08,13.83,5.67,5.708,89.04,0.2649
APP0000601,PRD000241,2024-04-04,15570.16,24,17.19,12084.83,custeio,MT,85.8,22.1,0.388,97.09,11.32,4.4,4.805,100.32,0.5314
APP0000602,PRD000241,2026-06-11,16825.85,12,16.31,27676.14,custeio,MT,193.5,23.9,0.092,126.84,16.47,8.03,6.961,81.3,0.4969
APP0000603,PRD000242,2023-09-08,18800.37,36,12.2,14716.31,industrializacao,GO,218.6,21.7,0.276,92.24,11.49,4.14,4.898,102.79,0.5046
APP0000604,PRD000242,2022-09-29,31791.44,24,9.92,47392.75,investimento,GO,193.1,19.0,0.297,85.26,11.12,4.39,5.008,98.34,0.4041
APP0000605,PRD000243,2022-01-24,45092.94,12,9.19,72057.66,industrializacao,MG,158.1,30.6,0.241,81.2,10.46,4.45,5.045,98.92,0.3556
APP0000606,PRD000243,2026-06-28,44902.42,12,17.03,57567.69,custeio,MG,93.7,33.9,0.049,71.01,16.47,8.03,6.961,81.3,0.5281
APP0000607,PRD000243,2025-08-22,105087.32,36,8.01,63596.39,comercializacao,MG,201.9,32.0,0.023,75.03,16.68,7.68,6.994,80.38,0.5811
APP0000608,PRD000244,2024-07-07,47508.65,36,11.45,47501.36,comercializacao,SP,126.8,25.4,0.265,66.92,11.7,4.51,4.809,97.34,0.4368
APP0000609,PRD000245,2023-09-27,35795.21,12,10.16,62900.71,industrializacao,MT,71.2,30.0,0.205,119.07,11.49,4.14,4.898,102.79,0.5101
APP0000610,PRD000246,2026-10-08,31809.72,24,12.14,26584.63,industrializacao,MT,121.2,26.9,0.222,128.56,16.29,7.86,6.879,84.46,0.7092
APP0000611,PRD000246,2024-05-08,9525.56,12,17.61,7391.22,custeio,MT,97.6,29.4,0.535,107.72,11.35,4.3,4.766,101.07,0.6494
APP0000612,PRD000246,2024-09-18,16668.14,12,9.93,13678.18,comercializacao,MT,140.2,26.4,0.113,131.68,12.34,4.97,5.245,93.58,0.5465
APP0000613,PRD000247,2025-01-31,71591.28,24,11.46,81092.71,industrializacao,RS,106.6,32.3,0.634,75.25,14.32,6.06,5.846,87.46,0.5345
APP0000614,PRD000247,2026-11-09,18807.42,6,17.11,31254.66,industrializacao,RS,81.7,30.2,0.088,93.63,16.32,7.8,6.864,85.41,0.3944
APP0000615,PRD000247,2024-04-26,12071.51,36,7.32,14068.87,comercializacao,RS,41.7,21.6,0.671,66.52,11.32,4.4,4.805,100.32,0.3988
APP0000616,PRD000248,2025-09-08,13476.76,18,7.4,13773.39,comercializacao,RS,101.7,21.2,0.105,94.01,16.79,7.7,7.0,79.08,0.3182
APP0000617,PRD000248,2022-05-31,41107.9,6,10.46,51530.02,custeio,RS,198.5,25.8,0.087,91.74,10.73,4.53,5.077,99.68,0.1542
APP0000618,PRD000249,2023-06-18,7511.88,24,14.19,6750.56,industrializacao,SP,172.5,18.6,0.018,70.92,11.43,4.08,4.974,101.38,0.4285
APP0000619,PRD000249,2022-04-07,111940.78,6,7.08,68683.45,custeio,SP,208.2,18.9,0.122,65.08,10.71,4.56,5.06,99.87,0.4561
APP0000620,PRD000249,2023-10-01,17573.09,6,17.94,15787.2,investimento,SP,115.2,18.8,0.252,69.98,11.35,4.2,4.922,102.76,0.4612
APP0000621,PRD000249,2022-12-31,10427.58,12,13.27,11182.41,custeio,SP,60.0,32.8,0.237,71.21,11.08,4.15,5.026,98.95,0.4086
APP0000622,PRD000250,2025-11-02,30797.34,12,11.01,24297.17,custeio,PR,138.7,28.7,0.103,162.57,16.6,7.75,6.959,81.73,0.5489
APP0000623,PRD000250,2024-02-22,21363.8,36,8.88,18041.05,industrializacao,PR,79.3,27.1,0.561,154.42,11.51,4.24,4.804,101.19,0.4878
APP0000624,PRD000250,2023-01-24,47611.69,18,16.28,57313.29,custeio,PR,80.6,29.0,0.021,155.0,11.2,4.06,4.981,99.95,0.295
APP0000625,PRD000250,2026-04-10,69498.26,6,12.31,122174.15,custeio,PR,111.0,20.7,0.195,174.69,16.55,7.95,7.038,80.49,0.4634
APP0000626,PRD000251,2022-03-26,51780.11,36,16.15,82164.14,comercializacao,SP,107.9,21.9,0.187,71.89,10.67,4.59,5.055,98.83,0.2626
APP0000627,PRD000251,2026-11-08,23870.71,12,15.82,25166.57,comercializacao,SP,152.2,27.3,0.024,60.02,16.32,7.8,6.864,85.41,0.483
APP0000628,PRD000252,2023-12-04,16814.95,12,14.07,12337.57,custeio,GO,79.9,33.5,0.152,88.85,11.37,4.23,4.853,101.44,0.5029
APP0000629,PRD000253,2024-07-20,126856.16,12,8.19,123842.99,industrializacao,TO,81.9,24.6,0.013,131.04,11.7,4.51,4.809,97.34,0.38
APP0000630,PRD000253,2025-10-20,12328.32,18,12.02,17726.51,investimento,TO,212.6,24.8,0.183,139.68,16.74,7.72,7.0,80.46,0.5659
APP0000631,PRD000253,2025-08-04,58931.75,6,15.96,75830.66,comercializacao,TO,148.8,28.8,0.285,143.31,16.68,7.68,6.994,80.38,0.562
APP0000632,PRD000254,2026-11-30,30670.0,36,10.82,18504.17,custeio,SP,152.2,27.3,0.024,60.02,16.32,7.8,6.864,85.41,0.698
APP0000633,PRD000254,2022-05-31,58167.88,12,10.8,91646.14,custeio,SP,113.4,23.9,0.092,65.8,10.73,4.53,5.077,99.68,0.3873
APP0000634,PRD000254,2023-03-19,115369.17,6,10.3,181720.41,custeio,SP,95.8,22.5,0.118,63.85,11.34,4.05,4.953,99.59,0.4437
APP0000635,PRD000254,2024-06-07,74482.63,12,14.91,123977.78,industrializacao,SP,142.7,25.3,0.398,52.13,11.35,4.33,4.729,101.06,0.5229
APP0000636,PRD000255,2022-01-23,119835.16,36,7.86,95615.34,investimento,MS,71.3,27.3,0.29,203.82,10.46,4.45,5.045,98.92,0.5516
APP0000637,PRD000256,2022-10-21,30033.6,18,10.4,42836.07,industrializacao,RS,102.5,34.0,0.248,91.1,11.13,4.34,5.037,97.77,0.3434
APP0000638,PRD000257,2025-03-10,32505.5,12,16.36,41911.74,industrializacao,MG,52.1,18.6,0.503,69.43,15.36,6.47,6.304,83.95,0.3674
APP0000639,PRD000257,2022-03-27,32525.94,24,10.51,51315.3,comercializacao,MG,175.6,22.7,0.074,79.79,10.67,4.59,5.055,98.83,0.1463
APP0000640,PRD000257,2025-09-16,9926.25,36,17.45,6478.01,comercializacao,MG,66.5,33.7,0.254,71.49,16.79,7.7,7.0,79.08,0.4143
APP0000641,PRD000258,2023-04-07,37109.22,6,13.75,27643.8,industrializacao,TO,120.6,26.3,0.083,136.21,11.38,4.0,4.932,99.91,0.4041
APP0000642,PRD000258,2023-12-14,52940.84,18,16.69,85463.56,industrializacao,TO,175.4,26.4,0.207,125.89,11.37,4.23,4.853,101.44,0.3615
APP0000643,PRD000258,2024-04-11,20622.27,18,8.22,24581.5,comercializacao,TO,115.2,29.5,0.508,120.12,11.32,4.4,4.805,100.32,0.5324
APP0000644,PRD000259,2023-04-26,107922.15,24,16.16,104848.13,industrializacao,TO,120.6,26.3,0.083,136.21,11.38,4.0,4.932,99.91,0.3196
APP0000645,PRD000260,2023-08-30,29882.89,24,16.87,32492.44,comercializacao,GO,71.1,31.9,0.279,90.24,11.42,4.09,4.906,103.9,0.4225
APP0000646,PRD000261,2022-02-25,47398.03,12,14.31,64545.22,industrializacao,TO,200.5,19.5,0.1,138.27,10.54,4.52,5.093,99.9,0.3889
APP0000647,PRD000261,2022-04-21,24950.99,6,10.79,20337.33,investimento,TO,77.1,20.5,0.282,142.33,10.71,4.56,5.06,99.87,0.4763
APP0000648,PRD000261,2023-09-22,32606.91,24,17.64,48203.04,custeio,TO,115.7,28.3,0.135,136.88,11.49,4.14,4.898,102.79,0.3887
APP0000649,PRD000262,2025-04-10,7224.73,36,13.83,8942.92,comercializacao,MS,118.1,28.3,0.542,167.89,15.89,6.77,6.48,81.98,0.8005
APP0000650,PRD000262,2023-03-16,31015.09,6,12.87,25859.45,industrializacao,MS,179.2,21.6,0.051,193.45,11.34,4.05,4.953,99.59,0.5603
APP0000651,PRD000262,2025-02-19,32171.93,6,10.8,37398.22,investimento,MS,102.1,22.6,0.541,147.66,14.99,6.26,6.101,85.95,0.7852
APP0000652,PRD000262,2024-08-28,57167.66,18,9.31,34710.77,investimento,MS,159.3,27.0,0.235,203.36,11.97,4.69,5.047,96.01,0.6404
APP0000653,PRD000263,2022-02-22,46640.4,12,9.0,75574.73,industrializacao,GO,130.1,22.5,0.142,94.14,10.54,4.52,5.093,99.9,0.1422
APP0000654,PRD000263,2023-03-12,57129.39,36,17.98,62033.78,investimento,GO,178.3,33.2,0.267,85.75,11.34,4.05,4.953,99.59,0.1815
APP0000655,PRD000264,2023-10-22,23703.04,24,17.25,39700.78,investimento,PI,98.6,29.2,0.156,183.28,11.35,4.2,4.922,102.76,0.3088
APP0000656,PRD000264,2023-06-13,15181.14,12,13.65,22026.78,comercializacao,PI,119.8,22.6,0.262,161.14,11.43,4.08,4.974,101.38,0.319
APP0000657,PRD000265,2023-05-04,6078.18,12,12.44,5786.44,comercializacao,PR,142.9,18.6,0.144,154.9,11.32,3.99,4.959,101.0,0.4136
APP0000658,PRD000265,2025-05-23,42057.84,36,6.6,59183.85,comercializacao,PR,116.3,33.3,0.573,125.31,16.25,7.09,6.729,81.39,0.6459
APP0000659,PRD000266,2025-11-14,5000,6,17.02,5655.39,custeio,BA,71.3,28.7,0.257,105.43,16.6,7.75,6.959,81.73,0.4933
APP0000660,PRD000266,2023-03-29,28358.28,12,17.01,33783.67,investimento,BA,117.4,25.5,0.226,121.69,11.34,4.05,4.953,99.59,0.3233
APP0000661,PRD000266,2023-02-22,101619.07,36,14.55,65089.44,comercializacao,BA,146.8,23.8,0.13,115.79,11.2,3.98,4.998,100.89,0.3128
APP0000662,PRD000267,2022-02-27,103605.96,12,12.92,68673.34,custeio,PR,202.7,30.0,0.171,156.98,10.54,4.52,5.093,99.9,0.5503
APP0000663,PRD000267,2022-12-14,83632.43,12,13.75,58691.33,industrializacao,PR,184.7,22.1,0.003,174.42,11.08,4.15,5.026,98.95,0.5329
APP0000664,PRD000267,2026-06-09,103726.02,12,16.82,95873.79,industrializacao,PR,65.0,32.0,0.278,151.52,16.47,8.03,6.961,81.3,0.7251
APP0000665,PRD000267,2024-01-22,36872.14,24,8.08,47307.31,industrializacao,PR,114.3,23.1,0.312,137.67,11.38,4.15,4.823,100.55,0.5575
APP0000666,PRD000268,2023-05-17,51556.15,36,14.12,53009.84,industrializacao,TO,122.3,21.0,0.2,143.7,11.32,3.99,4.959,101.0,0.1819
APP0000667,PRD000269,2024-04-23,56276.24,24,9.57,73947.83,investimento,GO,106.6,31.0,0.742,59.79,11.32,4.4,4.805,100.32,0.2761
APP0000668,PRD000269,2022-08-02,37791.92,36,14.54,48558.06,comercializacao,GO,209.2,20.2,0.193,86.21,10.97,4.34,5.033,99.26,0.1654
APP0000669,PRD000269,2026-09-21,36631.0,36,16.72,57753.94,comercializacao,GO,155.0,19.1,0.227,81.18,16.34,7.89,6.904,83.16,0.3043
APP0000670,PRD000270,2022-10-20,32493.83,12,15.07,57528.1,industrializacao,PI,208.5,31.8,0.076,172.9,11.13,4.34,5.037,97.77,0.2045
APP0000671,PRD000270,2022-07-27,19908.65,36,13.24,34272.19,custeio,PI,148.4,18.6,0.141,168.71,10.92,4.41,5.063,99.17,0.2417
APP0000672,PRD000271,2023-11-06,52236.39,18,9.12,32362.55,investimento,RS,130.0,23.8,0.048,85.27,11.34,4.18,4.877,101.75,0.603
APP0000673,PRD000272,2024-06-13,66023.32,12,15.89,116636.99,comercializacao,RS,58.4,26.3,0.472,80.6,11.35,4.33,4.729,101.06,0.4259
APP0000674,PRD000272,2024-10-16,7460.57,12,10.42,10878.7,industrializacao,RS,145.7,19.7,0.248,86.35,12.65,5.14,5.398,92.17,0.4364
APP0000675,PRD000272,2022-05-12,54038.57,12,8.86,66523.18,industrializacao,RS,198.5,25.8,0.087,91.74,10.73,4.53,5.077,99.68,0.3872
APP0000676,PRD000272,2022-04-29,21694.91,18,7.28,26610.71,custeio,RS,194.1,22.1,0.188,89.97,10.71,4.56,5.06,99.87,0.4025
APP0000677,PRD000273,2025-03-24,50324.21,24,15.1,64915.48,comercializacao,RS,107.8,23.0,0.611,71.17,15.36,6.47,6.304,83.95,0.4114
APP0000678,PRD000273,2024-03-12,38835.22,36,9.6,59419.95,investimento,RS,102.8,33.5,0.428,77.57,11.47,4.33,4.765,101.33,0.2228
APP0000679,PRD000273,2022-01-08,33027.65,6,7.08,41337.54,investimento,RS,112.4,28.2,0.156,91.76,10.46,4.45,5.045,98.92,0.1622
APP0000680,PRD000274,2022-06-21,30236.49,6,11.31,31070.85,industrializacao,MS,130.8,26.1,0.024,204.01,10.82,4.51,5.065,99.4,0.3494
APP0000681,PRD000274,2023-07-23,18119.02,36,17.39,17882.9,comercializacao,MS,204.9,20.4,0.284,175.79,11.39,4.11,4.951,102.57,0.42
APP0000682,PRD000274,2024-10-07,15531.38,18,6.57,10293.64,comercializacao,MS,107.3,19.0,0.265,187.21,12.65,5.14,5.398,92.17,0.4703
APP0000683,PRD000274,2024-12-03,71180.83,36,16.34,67579.38,custeio,MS,64.6,28.3,0.126,181.44,13.83,5.67,5.708,89.04,0.4362
APP0000684,PRD000275,2023-10-28,18869.76,18,16.41,17209.5,industrializacao,RS,162.3,30.1,0.061,97.82,11.35,4.2,4.922,102.76,0.3052
APP0000685,PRD000275,2023-08-30,64391.2,24,16.99,115758.24,investimento,RS,140.0,19.4,0.106,92.02,11.42,4.09,4.906,103.9,0.2277
APP0000686,PRD000275,2026-11-12,19871.89,24,7.2,13001.51,custeio,RS,81.7,30.2,0.088,93.63,16.32,7.8,6.864,85.41,0.5233
APP0000687,PRD000276,2022-03-04,26177.36,18,14.18,16087.01,custeio,TO,211.2,18.1,0.267,119.84,10.67,4.59,5.055,98.83,0.4087
APP0000688,PRD000276,2026-08-14,52323.15,36,16.59,39865.81,investimento,TO,182.5,30.5,0.233,136.95,16.48,7.96,6.926,83.04,0.5885
APP0000689,PRD000277,2024-01-13,29486.35,6,9.94,50045.64,comercializacao,MT,104.4,25.0,0.652,97.06,11.38,4.15,4.823,100.55,0.5111
APP0000690,PRD000277,2024-10-04,20704.45,6,13.09,24802.24,investimento,MT,137.1,25.7,0.114,125.44,12.65,5.14,5.398,92.17,0.4961
APP0000691,PRD000278,2025-10-18,13417.48,36,7.02,18642.69,investimento,TO,212.6,24.8,0.183,139.68,16.74,7.72,7.0,80.46,0.544
APP0000692,PRD000278,2023-07-08,98418.89,36,13.41,149128.98,comercializacao,TO,69.5,25.3,0.087,129.63,11.39,4.11,4.951,102.57,0.2888
APP0000693,PRD000278,2025-06-04,19611.38,6,9.11,25028.55,industrializacao,TO,39.8,24.0,0.613,106.93,16.84,7.51,6.986,80.33,0.6531
APP0000694,PRD000279,2024-07-31,26979.76,6,14.05,18347.11,comercializacao,MT,153.3,20.4,0.004,118.04,11.7,4.51,4.809,97.34,0.3024
APP0000695,PRD000279,2025-11-07,37684.77,6,12.26,56735.84,comercializacao,MT,160.1,19.8,0.227,113.63,16.6,7.75,6.959,81.73,0.4664
APP0000696,PRD000279,2024-03-22,145623.3,18,7.72,160817.86,investimento,MT,111.1,25.3,0.651,101.92,11.47,4.33,4.765,101.33,0.4087
APP0000697,PRD000279,2024-05-29,59284.73,36,15.2,47362.31,industrializacao,MT,97.6,29.4,0.535,107.72,11.35,4.3,4.766,101.07,0.421
APP0000698,PRD000280,2022-07-22,85937.45,6,10.92,70309.89,custeio,BA,152.3,18.7,0.019,119.59,10.92,4.41,5.063,99.17,0.5292
APP0000699,PRD000280,2024-01-31,10672.06,12,9.89,8281.71,comercializacao,BA,58.9,18.3,0.402,87.37,11.38,4.15,4.823,100.55,0.6332
APP0000700,PRD000281,2025-06-29,54610.34,24,17.17,48203.45,investimento,MG,65.3,24.4,0.706,59.99,16.84,7.51,6.986,80.33,0.5467
APP0000701,PRD000281,2022-09-01,31662.85,36,6.81,24754.18,industrializacao,MG,82.4,20.0,0.228,85.99,11.12,4.39,5.008,98.34,0.2511
APP0000702,PRD000281,2022-04-26,68272.82,18,16.54,99498.13,industrializacao,MG,202.0,31.0,0.112,76.56,10.71,4.56,5.06,99.87,0.1625
APP0000703,PRD000281,2022-04-24,61351.38,24,17.82,79579.49,custeio,MG,202.0,31.0,0.112,76.56,10.71,4.56,5.06,99.87,0.1714
APP0000704,PRD000282,2024-05-11,36054.91,36,12.54,64415.68,custeio,MS,131.6,23.0,0.67,149.15,11.35,4.3,4.766,101.07,0.2535
APP0000705,PRD000282,2026-09-23,33434.74,36,7.26,43459.23,custeio,MS,112.4,33.7,0.181,173.86,16.34,7.89,6.904,83.16,0.3173
APP0000706,PRD000282,2025-02-16,43321.65,36,15.26,58597.95,investimento,MS,102.1,22.6,0.541,147.66,14.99,6.26,6.101,85.95,0.3818
APP0000707,PRD000282,2024-11-14,32927.47,6,16.4,57668.57,industrializacao,MS,120.2,29.2,0.256,178.82,13.13,5.44,5.596,90.86,0.2097
APP0000708,PRD000283,2022-11-06,19952.13,6,8.57,34373.23,custeio,PR,125.5,18.2,0.247,163.83,11.17,4.25,4.99,99.15,0.1644
APP0000709,PRD000284,2026-02-20,39183.85,36,13.94,48902.4,custeio,MT,97.1,22.9,0.092,127.81,16.55,7.87,6.969,81.38,0.6501
APP0000710,PRD000284,2026-07-29,121229.91,24,6.58,131188.7,custeio,MT,109.3,27.0,0.229,109.34,16.33,7.98,6.914,82.48,0.6623
APP0000711,PRD000284,2026-11-24,13900.34,12,9.02,21339.84,investimento,MT,103.8,19.2,0.048,126.75,16.32,7.8,6.864,85.41,0.5819
APP0000712,PRD000285,2025-02-07,43932.5,18,16.91,53318.99,industrializacao,TO,83.4,23.6,0.427,110.28,14.99,6.26,6.101,85.95,0.3029
APP0000713,PRD000285,2025-09-16,77920.96,18,7.01,92647.69,industrializacao,TO,217.5,32.2,0.047,145.03,16.79,7.7,7.0,79.08,0.2672
APP0000714,PRD000285,2026-11-01,39903.77,12,17.96,33088.63,industrializacao,TO,160.9,33.5,0.008,122.67,16.32,7.8,6.864,85.41,0.2919
APP0000715,PRD000285,2022-01-28,76046.85,6,15.31,122270.96,investimento,TO,205.0,28.5,0.03,129.37,10.46,4.45,5.045,98.92,0.1046
APP0000716,PRD000286,2023-10-24,19207.56,18,11.56,32385.52,custeio,MG,124.6,21.5,0.106,74.72,11.35,4.2,4.922,102.76,0.1411
APP0000717,PRD000287,2025-06-19,115442.27,12,12.44,167748.01,custeio,TO,39.8,24.0,0.613,106.93,16.84,7.51,6.986,80.33,0.5974
APP0000718,PRD000287,2024-11-08,38457.98,6,10.08,37315.11,custeio,TO,188.9,30.7,0.161,135.32,13.13,5.44,5.596,90.86,0.3808
APP0000719,PRD000287,2025-08-27,19593.8,18,16.28,16422.4,industrializacao,TO,148.8,28.8,0.285,143.31,16.68,7.68,6.994,80.38,0.5383
APP0000720,PRD000287,2026-03-17,5000,36,13.42,7461.93,industrializacao,TO,80.2,32.5,0.153,134.73,16.55,7.88,7.004,81.6,0.4493
APP0000721,PRD000288,2025-06-19,33600.56,12,9.17,59413.43,comercializacao,PI,110.2,19.2,0.633,129.81,16.84,7.51,6.986,80.33,0.7432
APP0000722,PRD000288,2024-01-02,31484.55,24,17.73,40596.37,investimento,PI,124.7,21.1,0.604,152.35,11.38,4.15,4.823,100.55,0.6106
APP0000723,PRD000288,2024-05-25,16967.97,12,13.55,19949.56,investimento,PI,139.0,33.9,0.473,155.59,11.35,4.3,4.766,101.07,0.6
APP0000724,PRD000288,2026-11-14,10386.56,24,10.71,15036.65,investimento,PI,182.2,33.6,0.009,169.92,16.32,7.8,6.864,85.41,0.6207
APP0000725,PRD000289,2024-11-08,26059.87,12,14.67,19910.94,comercializacao,MT,93.0,20.4,0.183,126.89,13.13,5.44,5.596,90.86,0.5266
APP0000726,PRD000290,2025-12-15,67611.89,12,9.11,64914.38,comercializacao,MG,115.5,23.2,0.11,82.97,16.61,7.74,6.957,81.85,0.546
APP0000727,PRD000290,2025-07-07,73782.66,36,11.48,78716.76,investimento,MG,83.3,28.2,0.03,76.28,16.76,7.58,6.979,80.98,0.5334
APP0000728,PRD000290,2023-09-07,22823.57,24,14.65,24342.06,comercializacao,MG,92.9,20.3,0.023,83.53,11.49,4.14,4.898,102.79,0.3239
APP0000729,PRD000291,2025-01-20,26268.25,24,9.58,45135.93,custeio,BA,57.4,24.0,0.489,91.88,14.32,6.06,5.846,87.46,0.3092
APP0000730,PRD000291,2024-05-19,14134.55,6,11.15,17840.26,comercializacao,BA,137.7,29.0,0.616,87.25,11.35,4.3,4.766,101.07,0.2762
APP0000731,PRD000291,2022-07-22,7503.23,18,14.18,7982.87,comercializacao,BA,152.3,18.7,0.019,119.59,10.92,4.41,5.063,99.17,0.1893
APP0000732,PRD000292,2025-11-22,35144.03,6,14.96,26504.0,investimento,BA,71.3,28.7,0.257,105.43,16.6,7.75,6.959,81.73,0.6584
APP0000733,PRD000292,2025-01-02,24630.38,12,17.67,37555.93,investimento,BA,57.4,24.0,0.489,91.88,14.32,6.06,5.846,87.46,0.5922
APP0000734,PRD000293,2026-03-15,54117.87,12,7.84,90313.53,industrializacao,SP,61.2,23.0,0.139,61.15,16.55,7.88,7.004,81.6,0.4328
APP0000735,PRD000293,2026-03-09,27241.56,24,17.45,16393.83,industrializacao,SP,61.2,23.0,0.139,61.15,16.55,7.88,7.004,81.6,0.539
APP0000736,PRD000293,2023-05-08,7219.07,6,8.05,11686.49,investimento,SP,208.9,30.7,0.254,68.17,11.32,3.99,4.959,101.0,0.2677
APP0000737,PRD000294,2022-05-29,72634.02,24,17.68,91843.69,industrializacao,MT,153.6,28.0,0.169,119.29,10.73,4.53,5.077,99.68,0.4429
APP0000738,PRD000295,2025-06-18,52262.25,24,13.56,51890.01,comercializacao,SP,91.0,31.4,0.617,53.12,16.84,7.51,6.986,80.33,0.4813
APP0000739,PRD000295,2026-07-26,30263.25,6,13.59,25831.09,comercializacao,SP,171.3,31.1,0.3,63.08,16.33,7.98,6.914,82.48,0.3627
APP0000740,PRD000295,2022-05-09,24617.2,18,11.49,23844.32,industrializacao,SP,113.4,23.9,0.092,65.8,10.73,4.53,5.077,99.68,0.1644
APP0000741,PRD000296,2022-08-14,39747.2,12,10.87,27019.4,comercializacao,PI,158.3,25.4,0.107,189.06,10.97,4.34,5.033,99.26,0.3203
APP0000742,PRD000297,2025-06-08,48288.35,12,13.85,57132.9,comercializacao,GO,140.9,18.2,0.493,76.74,16.84,7.51,6.986,80.33,0.3963
APP0000743,PRD000297,2026-07-21,8729.56,6,8.99,14228.99,comercializacao,GO,122.4,26.3,0.126,87.07,16.33,7.98,6.914,82.48,0.2495
APP0000744,PRD000297,2022-01-06,28495.01,12,16.07,43829.73,comercializacao,GO,217.9,27.4,0.018,79.71,10.46,4.45,5.045,98.92,0.119
APP0000745,PRD000297,2025-10-31,17264.37,24,8.12,21410.13,custeio,GO,133.0,19.5,0.257,92.08,16.74,7.72,7.0,80.46,0.3073
APP0000746,PRD000298,2024-08-18,11570.53,6,10.8,13637.51,investimento,MS,159.3,27.0,0.235,203.36,11.97,4.69,5.047,96.01,0.2478
APP0000747,PRD000298,2022-11-01,29123.61,36,11.77,35544.5,comercializacao,MS,204.4,19.0,0.227,183.73,11.17,4.25,4.99,99.15,0.2157
APP0000748,PRD000298,2023-03-14,26300.47,24,13.98,29191.18,custeio,MS,179.2,21.6,0.051,193.45,11.34,4.05,4.953,99.59,0.2097
APP0000749,PRD000299,2024-10-25,61058.95,12,7.49,51738.7,custeio,PR,134.1,31.8,0.238,163.75,12.65,5.14,5.398,92.17,0.4817
APP0000750,PRD000299,2024-06-06,34769.7,6,17.37,21478.58,custeio,PR,70.2,18.7,0.448,152.52,11.35,4.33,4.729,101.06,0.5217
APP0000751,PRD000299,2025-01-28,34094.81,24,13.75,33552.71,comercializacao,PR,83.9,33.1,0.504,134.71,14.32,6.06,5.846,87.46,0.6129
APP0000752,PRD000300,2025-08-08,54478.55,12,16.43,86422.69,investimento,SP,206.2,30.9,0.238,60.52,16.68,7.68,6.994,80.38,0.5514
APP0000753,PRD000300,2026-07-15,58938.76,18,8.56,87916.31,custeio,SP,171.3,31.1,0.3,63.08,16.33,7.98,6.914,82.48,0.5251
APP0000754,PRD000300,2022-04-22,15238.83,18,17.73,21786.33,custeio,SP,208.2,18.9,0.122,65.08,10.71,4.56,5.06,99.87,0.3261
APP0000755,PRD000300,2025-10-14,8875.36,12,9.82,6343.15,investimento,SP,64.8,31.7,0.238,65.08,16.74,7.72,7.0,80.46,0.5952
APP0000756,PRD000301,2022-03-17,19898.33,12,6.72,35413.55,investimento,SP,107.9,21.9,0.187,71.89,10.67,4.59,5.055,98.83,0.1386
APP0000757,PRD000301,2023-02-26,98308.74,12,8.06,75103.56,comercializacao,SP,134.0,31.6,0.047,69.62,11.2,3.98,4.998,100.89,0.1819
APP0000758,PRD000301,2025-04-17,7997.87,6,10.78,6140.81,custeio,SP,69.0,34.0,0.532,60.39,15.89,6.77,6.48,81.98,0.4589
APP0000759,PRD000301,2023-03-02,22404.3,12,13.12,18616.44,comercializacao,SP,95.8,22.5,0.118,63.85,11.34,4.05,4.953,99.59,0.2025
APP0000760,PRD000302,2024-11-24,58902.7,36,9.42,94178.62,comercializacao,RS,216.2,31.1,0.067,87.1,13.13,5.44,5.596,90.86,0.4277
APP0000761,PRD000302,2023-09-16,17700.32,18,13.51,19715.26,comercializacao,RS,110.6,22.9,0.274,83.84,11.49,4.14,4.898,102.79,0.4768
APP0000762,PRD000303,2023-01-31,10376.05,36,17.43,9307.53,industrializacao,SP,102.8,22.7,0.251,60.32,11.2,4.06,4.981,99.95,0.228
APP0000763,PRD000303,2025-07-04,17723.29,18,8.54,20670.27,industrializacao,SP,74.7,20.8,0.242,66.57,16.76,7.58,6.979,80.98,0.3941
APP0000764,PRD000303,2022-12-30,17916.34,36,16.24,16501.19,industrializacao,SP,60.0,32.8,0.237,71.21,11.08,4.15,5.026,98.95,0.2152
APP0000765,PRD000303,2022-11-19,28646.8,36,7.2,48680.85,custeio,SP,86.4,23.0,0.03,72.52,11.17,4.25,4.99,99.15,0.1714
APP0000766,PRD000304,2024-08-26,67201.84,12,11.15,87223.01,comercializacao,MT,142.7,25.6,0.27,132.8,11.97,4.69,5.047,96.01,0.2442
APP0000767,PRD000304,2024-06-23,94796.95,18,14.17,95335.08,industrializacao,MT,55.1,30.9,0.384,108.78,11.35,4.33,4.729,101.06,0.3015
APP0000768,PRD000304,2022-09-18,93002.12,12,8.27,78406.14,industrializacao,MT,94.8,32.4,0.084,127.9,11.12,4.39,5.008,98.34,0.2321
APP0000769,PRD000305,2025-04-28,34857.55,24,16.43,50104.61,investimento,BA,42.5,25.0,0.644,85.11,15.89,6.77,6.48,81.98,0.6474
APP0000770,PRD000305,2023-04-05,26721.97,18,11.22,26567.74,investimento,BA,141.0,31.8,0.188,115.72,11.38,4.0,4.932,99.91,0.3731
APP0000771,PRD000305,2025-10-01,43554.64,6,11.02,54272.56,industrializacao,BA,136.5,21.4,0.052,114.68,16.74,7.72,7.0,80.46,0.517
APP0000772,PRD000305,2025-06-15,139466.8,36,15.55,96594.25,investimento,BA,107.6,26.7,0.584,86.69,16.84,7.51,6.986,80.33,0.7007
APP0000773,PRD000306,2022-07-27,18614.05,12,14.49,13142.66,industrializacao,MS,152.1,21.0,0.037,196.09,10.92,4.41,5.063,99.17,0.5782
APP0000774,PRD000307,2022-05-01,34653.29,6,17.34,32180.56,industrializacao,PI,120.4,20.0,0.124,182.15,10.73,4.53,5.077,99.68,0.3796
APP0000775,PRD000307,2025-02-08,88127.39,18,13.1,65336.73,comercializacao,PI,65.5,18.6,0.712,136.04,14.99,6.26,6.101,85.95,0.7032
APP0000776,PRD000307,2024-03-26,94357.48,18,15.5,106664.14,comercializacao,PI,140.5,21.9,0.456,160.24,11.47,4.33,4.765,101.33,0.4868
APP0000777,PRD000307,2026-08-30,48931.51,18,10.46,53166.6,investimento,PI,91.1,20.8,0.057,161.08,16.48,7.96,6.926,83.04,0.5385
APP0000778,PRD000308,2024-07-31,120929.23,18,6.63,129937.72,custeio,BA,135.1,23.2,0.166,118.11,11.7,4.51,4.809,97.34,0.5634
APP0000779,PRD000309,2023-01-07,69930.05,24,14.76,89551.61,industrializacao,RS,173.5,27.7,0.245,95.31,11.2,4.06,4.981,99.95,0.2483
APP0000780,PRD000310,2024-04-23,63304.92,12,10.28,83568.75,industrializacao,MG,65.5,20.4,0.424,59.87,11.32,4.4,4.805,100.32,0.5715
APP0000781,PRD000311,2022-08-21,22453.41,36,13.42,33178.46,custeio,TO,138.8,21.8,0.129,134.9,10.97,4.34,5.033,99.26,0.3022
APP0000782,PRD000312,2023-07-11,29321.46,12,17.51,27220.82,comercializacao,BA,60.6,33.0,0.199,105.87,11.39,4.11,4.951,102.57,0.1773
APP0000783,PRD000312,2022-04-04,97047.31,18,7.52,65457.6,industrializacao,BA,62.3,19.4,0.07,121.87,10.71,4.56,5.06,99.87,0.1622
APP0000784,PRD000312,2022-03-19,16634.22,36,7.55,17974.07,custeio,BA,207.1,29.9,0.205,102.82,10.67,4.59,5.055,98.83,0.1441
APP0000785,PRD000313,2022-04-08,145902.64,12,16.78,94308.99,industrializacao,MT,144.7,22.9,0.225,120.16,10.71,4.56,5.06,99.87,0.2696
APP0000786,PRD000314,2022-09-01,27213.86,6,15.1,18691.14,custeio,PR,84.9,27.6,0.187,159.83,11.12,4.39,5.008,98.34,0.4173
APP0000787,PRD000314,2023-05-20,26234.7,12,9.46,43926.92,comercializacao,PR,142.9,18.6,0.144,154.9,11.32,3.99,4.959,101.0,0.3616
APP0000788,PRD000314,2025-02-07,24627.27,6,8.91,20612.49,industrializacao,PR,119.0,28.3,0.522,153.27,14.99,6.26,6.101,85.95,0.6804
APP0000789,PRD000314,2022-07-16,26273.72,36,7.65,44795.03,custeio,PR,204.1,19.9,0.087,181.54,10.92,4.41,5.063,99.17,0.3156
APP0000790,PRD000315,2026-06-01,30201.86,6,15.59,22325.44,custeio,PR,65.0,32.0,0.278,151.52,16.47,8.03,6.961,81.3,0.4889
APP0000791,PRD000315,2025-04-08,21956.41,6,8.36,37752.35,custeio,PR,45.8,18.3,0.762,144.92,15.89,6.77,6.48,81.98,0.5082
APP0000792,PRD000315,2023-08-16,49504.77,18,10.15,83681.22,custeio,PR,176.0,18.7,0.004,156.29,11.42,4.09,4.906,103.9,0.1791
APP0000793,PRD000316,2024-06-12,33995.81,24,10.88,55488.76,custeio,MT,55.1,30.9,0.384,108.78,11.35,4.33,4.729,101.06,0.493
APP0000794,PRD000316,2022-06-13,51447.58,36,17.99,41321.83,custeio,MT,105.4,29.9,0.297,118.31,10.82,4.51,5.065,99.4,0.5147
APP0000795,PRD000317,2023-08-05,45911.68,12,10.97,49943.82,comercializacao,MT,188.6,31.4,0.262,131.26,11.42,4.09,4.906,103.9,0.4921
APP0000796,PRD000317,2023-10-24,9950.93,18,16.77,5994.64,comercializacao,MT,121.7,30.5,0.287,130.64,11.35,4.2,4.922,102.76,0.5289
APP0000797,PRD000317,2024-09-23,50206.46,24,13.21,66104.48,comercializacao,MT,140.2,26.4,0.113,131.68,12.34,4.97,5.245,93.58,0.4556
APP0000798,PRD000318,2024-03-10,48569.33,36,9.04,32542.67,comercializacao,PR,88.5,27.1,0.463,143.46,11.47,4.33,4.765,101.33,0.6068
APP0000799,PRD000318,2025-09-20,74818.12,18,15.45,71488.15,investimento,PR,66.3,32.1,0.142,167.18,16.79,7.7,7.0,79.08,0.6367
APP0000800,PRD000318,2022-06-26,32870.89,12,15.24,33986.87,comercializacao,PR,174.2,25.9,0.171,171.75,10.82,4.51,5.065,99.4,0.4753
APP0000801,PRD000318,2024-09-02,22566.79,24,16.4,20599.25,industrializacao,PR,174.0,27.1,0.284,175.66,12.34,4.97,5.245,93.58,0.5104
APP0000802,PRD000319,2026-12-01,111429.26,36,13.39,156756.34,custeio,MS,121.0,27.1,0.048,169.7,16.36,7.83,6.827,85.51,0.3712
APP0000803,PRD000320,2022-10-05,38185.23,24,8.44,45891.11,comercializacao,MT,169.9,28.1,0.191,121.4,11.13,4.34,5.037,97.77,0.5295
APP0000804,PRD000320,2023-04-15,20426.7,12,12.89,19215.2,industrializacao,MT,63.6,27.6,0.237,118.65,11.38,4.0,4.932,99.91,0.5639
APP0000805,PRD000320,2024-12-13,43382.09,6,9.64,28060.25,comercializacao,MT,139.8,27.1,0.192,109.5,13.83,5.67,5.708,89.04,0.6575
APP0000806,PRD000320,2024-07-15,42766.41,18,16.73,30883.16,investimento,MT,153.3,20.4,0.004,118.04,11.7,4.51,4.809,97.34,0.5579
APP0000807,PRD000321,2023-02-02,11732.17,24,17.17,9358.5,investimento,BA,146.8,23.8,0.13,115.79,11.2,3.98,4.998,100.89,0.4676
APP0000808,PRD000321,2026-08-18,16278.8,18,17.5,20638.74,industrializacao,BA,181.2,31.4,0.177,114.84,16.48,7.96,6.926,83.04,0.6459
APP0000809,PRD000321,2022-09-19,16878.33,18,9.29,11690.63,investimento,BA,131.7,18.0,0.195,121.95,11.12,4.39,5.008,98.34,0.5013
APP0000810,PRD000322,2025-09-05,19651.28,24,15.7,18578.41,investimento,MG,66.5,33.7,0.254,71.49,16.79,7.7,7.0,79.08,0.4117
APP0000811,PRD000323,2022-12-25,11359.31,36,17.15,9859.05,comercializacao,SP,60.0,32.8,0.237,71.21,11.08,4.15,5.026,98.95,0.1642
APP0000812,PRD000324,2025-02-19,49439.88,36,13.23,36510.88,investimento,BA,123.1,33.2,0.456,79.77,14.99,6.26,6.101,85.95,0.5036
APP0000813,PRD000324,2026-01-11,12041.66,12,15.95,13041.08,comercializacao,BA,210.0,31.2,0.122,119.2,16.52,7.83,6.952,81.49,0.4333
APP0000814,PRD000324,2026-07-26,25827.94,18,17.02,39803.37,comercializacao,BA,193.8,27.7,0.276,121.54,16.33,7.98,6.914,82.48,0.3931
APP0000815,PRD000324,2025-11-30,81500.5,18,8.65,136411.57,industrializacao,BA,71.3,28.7,0.257,105.43,16.6,7.75,6.959,81.73,0.3616
APP0000816,PRD000325,2025-11-13,41635.37,24,6.67,28312.6,comercializacao,GO,128.2,18.4,0.163,80.38,16.6,7.75,6.959,81.73,0.5288
APP0000817,PRD000326,2024-07-15,63520.26,6,7.45,62377.97,custeio,MT,153.3,20.4,0.004,118.04,11.7,4.51,4.809,97.34,0.5119
APP0000818,PRD000326,2025-02-21,8651.99,36,7.17,8905.12,comercializacao,MT,67.2,33.4,0.643,101.28,14.99,6.26,6.101,85.95,0.7811
APP0000819,PRD000327,2025-06-15,56046.79,24,9.9,53891.95,industrializacao,MT,121.2,19.2,0.561,100.71,16.84,7.51,6.986,80.33,0.4656
APP0000820,PRD000327,2026-10-27,83288.81,6,12.61,117468.42,investimento,MT,121.2,26.9,0.222,128.56,16.29,7.86,6.879,84.46,0.3018
APP0000821,PRD000327,2023-09-10,39037.96,18,7.42,56656.79,comercializacao,MT,71.2,30.0,0.205,119.07,11.49,4.14,4.898,102.79,0.1663
APP0000822,PRD000327,2023-12-02,44570.89,18,10.13,41814.02,custeio,MT,189.9,31.3,0.218,110.17,11.37,4.23,4.853,101.44,0.2026
APP0000823,PRD000328,2022-12-23,103723.8,24,6.67,96780.58,custeio,PR,184.7,22.1,0.003,174.42,11.08,4.15,5.026,98.95,0.4154
APP0000824,PRD000328,2023-03-13,23236.31,18,14.27,22059.16,investimento,PR,171.2,22.6,0.086,179.9,11.34,4.05,4.953,99.59,0.4209
APP0000825,PRD000328,2025-01-06,30860.83,6,16.98,23694.51,investimento,PR,83.9,33.1,0.504,134.71,14.32,6.06,5.846,87.46,0.6609
APP0000826,PRD000328,2022-07-05,33275.62,18,17.44,43933.35,custeio,PR,204.1,19.9,0.087,181.54,10.92,4.41,5.063,99.17,0.3616
APP0000827,PRD000329,2022-06-28,27512.35,12,16.91,28365.76,investimento,RS,213.6,31.8,0.072,97.71,10.82,4.51,5.065,99.4,0.2417
APP0000828,PRD000329,2023-03-06,16394.44,6,17.67,12219.3,investimento,RS,179.1,24.9,0.272,86.13,11.34,4.05,4.953,99.59,0.3125
APP0000829,PRD000329,2024-12-24,25782.22,6,7.72,22874.8,comercializacao,RS,130.1,27.5,0.019,100.38,13.83,5.67,5.708,89.04,0.3453
APP0000830,PRD000330,2022-06-23,46430.53,36,13.95,51832.46,investimento,MG,148.1,24.3,0.02,83.14,10.82,4.51,5.065,99.4,0.5329
APP0000831,PRD000330,2026-01-10,81620.57,6,12.41,85061.65,comercializacao,MG,181.4,24.9,0.154,80.86,16.52,7.83,6.952,81.49,0.733
APP0000832,PRD000330,2022-01-06,76187.49,36,15.84,58752.12,comercializacao,MG,158.1,30.6,0.241,81.2,10.46,4.45,5.045,98.92,0.6044
APP0000833,PRD000330,2023-04-25,14313.74,24,11.85,22017.51,comercializacao,MG,98.7,27.8,0.268,84.79,11.38,4.0,4.932,99.91,0.5398
APP0000834,PRD000331,2024-02-11,12270.03,12,11.61,18881.68,comercializacao,MT,114.1,23.9,0.55,90.07,11.51,4.24,4.804,101.19,0.4575
APP0000835,PRD000331,2025-06-12,49286.78,6,14.21,87180.52,industrializacao,MT,121.2,19.2,0.561,100.71,16.84,7.51,6.986,80.33,0.6173
APP0000836,PRD000331,2022-04-30,19435.77,24,7.27,12279.58,custeio,MT,144.7,22.9,0.225,120.16,10.71,4.56,5.06,99.87,0.4136
APP0000837,PRD000332,2024-09-03,40528.18,6,15.67,54710.49,investimento,MT,140.2,26.4,0.113,131.68,12.34,4.97,5.245,93.58,0.2833
APP0000838,PRD000332,2024-03-11,34020.87,24,6.78,46099.62,industrializacao,MT,111.1,25.3,0.651,101.92,11.47,4.33,4.765,101.33,0.3903
APP0000839,PRD000332,2023-02-23,27960.21,12,14.37,20906.55,investimento,MT,95.9,27.8,0.151,111.16,11.2,3.98,4.998,100.89,0.3038
APP0000840,PRD000333,2026-11-15,37505.99,36,10.73,32435.34,custeio,BA,96.5,32.8,0.097,107.56,16.32,7.8,6.864,85.41,0.3293
APP0000841,PRD000334,2026-09-29,18154.73,6,6.96,31348.71,comercializacao,MG,152.3,26.8,0.27,82.04,16.34,7.89,6.904,83.16,0.3843
APP0000842,PRD000334,2025-01-06,48654.2,12,14.58,33463.36,industrializacao,MG,90.0,30.1,0.595,67.72,14.32,6.06,5.846,87.46,0.5048
APP0000843,PRD000334,2025-07-06,36493.21,36,8.9,64413.38,comercializacao,MG,83.3,28.2,0.03,76.28,16.76,7.58,6.979,80.98,0.3539
APP0000844,PRD000335,2024-10-02,47740.83,24,11.25,61306.37,comercializacao,MT,137.1,25.7,0.114,125.44,12.65,5.14,5.398,92.17,0.195
APP0000845,PRD000336,2024-12-08,114767.81,6,15.87,179565.04,industrializacao,MG,157.0,18.7,0.295,72.55,13.83,5.67,5.708,89.04,0.435
APP0000846,PRD000336,2024-06-01,25237.6,12,16.52,26311.72,industrializacao,MG,69.0,25.5,0.548,55.64,11.35,4.33,4.729,101.06,0.5105
APP0000847,PRD000337,2023-07-27,24687.48,12,12.12,39532.24,comercializacao,PR,130.7,30.3,0.199,168.08,11.39,4.11,4.951,102.57,0.4117
APP0000848,PRD000337,2026-03-19,27036.94,24,9.49,30539.42,industrializacao,PR,118.4,22.0,0.154,184.15,16.55,7.88,7.004,81.6,0.6494
APP0000849,PRD000338,2025-12-21,29538.56,18,11.18,22617.9,industrializacao,RS,188.0,27.1,0.112,83.46,16.61,7.74,6.957,81.85,0.3458
APP0000850,PRD000338,2025-03-08,30314.31,18,16.38,23390.32,industrializacao,RS,107.8,23.0,0.611,71.17,15.36,6.47,6.304,83.95,0.426
APP0000851,PRD000338,2026-04-18,14360.29,24,14.68,11706.33,comercializacao,RS,79.2,32.9,0.281,84.16,16.55,7.95,7.038,80.49,0.3472
APP0000852,PRD000339,2025-06-11,25208.65,18,14.38,23271.34,investimento,MT,121.2,19.2,0.561,100.71,16.84,7.51,6.986,80.33,0.673
APP0000853,PRD000340,2026-11-15,67292.83,6,8.64,103961.13,industrializacao,PI,182.2,33.6,0.009,169.92,16.32,7.8,6.864,85.41,0.2893
APP0000854,PRD000340,2024-08-03,58745.4,6,9.8,59560.0,industrializacao,PI,161.9,26.0,0.219,183.02,11.97,4.69,5.047,96.01,0.24
APP0000855,PRD000340,2026-10-24,82988.08,36,9.85,115065.22,investimento,PI,125.3,29.2,0.297,170.99,16.29,7.86,6.879,84.46,0.3735
APP0000856,PRD000340,2023-04-17,56215.05,6,9.86,71202.02,investimento,PI,195.2,24.9,0.031,187.76,11.38,4.0,4.932,99.91,0.192
APP0000857,PRD000341,2023-01-31,27385.17,12,14.47,46876.78,comercializacao,MT,75.7,27.3,0.125,119.36,11.2,4.06,4.981,99.95,0.1303
APP0000858,PRD000341,2023-10-11,33895.3,24,6.64,28355.33,investimento,MT,121.7,30.5,0.287,130.64,11.35,4.2,4.922,102.76,0.186
APP0000859,PRD000342,2023-02-15,67949.82,36,17.06,51084.69,investimento,MG,214.6,24.1,0.163,70.7,11.2,3.98,4.998,100.89,0.1911
APP0000860,PRD000342,2023-02-24,159120.49,24,6.76,246315.38,industrializacao,MG,214.6,24.1,0.163,70.7,11.2,3.98,4.998,100.89,0.1466
APP0000861,PRD000342,2024-10-18,84857.45,12,10.88,137654.53,comercializacao,MG,86.7,25.5,0.254,74.21,12.65,5.14,5.398,92.17,0.1692
APP0000862,PRD000342,2025-05-27,131999.19,6,12.97,137881.86,custeio,MG,100.4,30.1,0.522,73.37,16.25,7.09,6.729,81.39,0.4009
APP0000863,PRD000343,2026-11-11,20328.21,18,15.28,14479.74,investimento,SP,152.2,27.3,0.024,60.02,16.32,7.8,6.864,85.41,0.4173
APP0000864,PRD000344,2022-04-13,78672.02,6,11.96,121508.92,custeio,MS,174.7,24.2,0.188,174.88,10.71,4.56,5.06,99.87,0.1842
APP0000865,PRD000344,2025-01-12,70398.85,36,14.94,90989.98,custeio,MS,85.5,24.1,0.438,143.66,14.32,6.06,5.846,87.46,0.397
APP0000866,PRD000344,2023-08-09,25325.93,18,7.21,22549.91,industrializacao,MS,103.3,21.2,0.149,173.6,11.42,4.09,4.906,103.9,0.2245
APP0000867,PRD000345,2022-06-05,169996.1,12,12.51,235518.75,investimento,PI,119.1,18.8,0.093,160.58,10.82,4.51,5.065,99.4,0.3679
APP0000868,PRD000345,2023-10-17,29336.44,6,13.68,18025.09,comercializacao,PI,98.6,29.2,0.156,183.28,11.35,4.2,4.922,102.76,0.4773
APP0000869,PRD000345,2024-02-21,25940.97,24,12.81,16688.09,custeio,PI,122.8,19.4,0.538,129.0,11.51,4.24,4.804,101.19,0.5924
APP0000870,PRD000346,2024-08-05,116051.92,24,16.82,143038.44,investimento,RS,146.5,19.2,0.208,88.06,11.97,4.69,5.047,96.01,0.5134
APP0000871,PRD000346,2024-09-17,59326.82,6,10.71,101651.26,industrializacao,RS,187.3,27.3,0.029,98.95,12.34,4.97,5.245,93.58,0.4349
APP0000872,PRD000347,2026-08-20,81680.36,36,14.96,100105.78,investimento,MG,189.9,23.5,0.218,76.25,16.48,7.96,6.926,83.04,0.5783
APP0000873,PRD000347,2024-04-27,337032.02,18,17.65,419123.48,comercializacao,MG,65.5,20.4,0.424,59.87,11.32,4.4,4.805,100.32,0.4539
APP0000874,PRD000347,2022-05-18,44760.97,24,14.61,56153.48,investimento,MG,133.5,23.5,0.076,71.56,10.73,4.53,5.077,99.68,0.3653
APP0000875,PRD000347,2025-04-30,77363.14,18,8.33,83568.88,industrializacao,MG,70.1,18.4,0.596,67.17,15.89,6.77,6.48,81.98,0.6814
APP0000876,PRD000348,2022-05-17,62336.16,18,17.18,69399.37,investimento,MT,153.6,28.0,0.169,119.29,10.73,4.53,5.077,99.68,0.1866
APP0000877,PRD000349,2026-07-27,69231.12,12,15.57,69865.75,industrializacao,MT,109.3,27.0,0.229,109.34,16.33,7.98,6.914,82.48,0.4942
APP0000878,PRD000350,2024-05-30,71133.05,12,9.43,48623.63,custeio,MT,97.6,29.4,0.535,107.72,11.35,4.3,4.766,101.07,0.5889
APP0000879,PRD000350,2026-11-27,55991.01,24,7.72,49622.81,industrializacao,MT,103.8,19.2,0.048,126.75,16.32,7.8,6.864,85.41,0.5884
APP0000880,PRD000350,2026-08-03,40570.09,24,7.94,59494.92,industrializacao,MT,125.4,28.3,0.042,120.29,16.48,7.96,6.926,83.04,0.5767
APP0000881,PRD000350,2026-01-04,77529.75,6,7.89,117220.84,comercializacao,MT,197.9,23.5,0.206,129.17,16.52,7.83,6.952,81.49,0.6067
APP0000882,PRD000351,2025-08-29,36640.0,6,15.47,24687.09,custeio,SP,206.2,30.9,0.238,60.52,16.68,7.68,6.994,80.38,0.6636
APP0000883,PRD000351,2026-08-22,18044.0,18,12.12,30063.79,comercializacao,SP,216.0,23.8,0.149,69.12,16.48,7.96,6.926,83.04,0.534
APP0000884,PRD000351,2026-02-22,153229.98,24,17.83,109210.5,industrializacao,SP,151.4,18.3,0.199,64.29,16.55,7.87,6.969,81.38,0.6391
APP0000885,PRD000351,2025-04-08,44421.22,18,14.66,49814.09,industrializacao,SP,69.0,34.0,0.532,60.39,15.89,6.77,6.48,81.98,0.68
APP0000886,PRD000352,2024-04-12,17802.94,24,12.53,15692.12,comercializacao,SP,54.4,28.9,0.663,58.02,11.32,4.4,4.805,100.32,0.3358
APP0000887,PRD000352,2026-01-01,29194.54,18,17.37,52074.19,comercializacao,SP,133.3,23.2,0.111,71.25,16.52,7.83,6.952,81.49,0.3021
APP0000888,PRD000352,2023-02-06,101074.71,12,7.96,71347.85,comercializacao,SP,134.0,31.6,0.047,69.62,11.2,3.98,4.998,100.89,0.1982
APP0000889,PRD000352,2025-12-11,60379.04,12,11.35,91457.08,custeio,SP,216.2,29.9,0.25,71.7,16.61,7.74,6.957,81.85,0.3106
APP0000890,PRD000353,2023-11-05,12860.05,12,11.32,8190.26,industrializacao,TO,137.7,21.5,0.285,132.17,11.34,4.18,4.877,101.75,0.4411
APP0000891,PRD000354,2025-10-02,19619.69,18,13.38,32102.14,investimento,GO,133.0,19.5,0.257,92.08,16.74,7.72,7.0,80.46,0.6758
APP0000892,PRD000354,2023-03-28,21906.18,12,10.62,36655.99,custeio,GO,178.3,33.2,0.267,85.75,11.34,4.05,4.953,99.59,0.4761
APP0000893,PRD000355,2025-03-14,26636.93,18,10.92,46997.11,industrializacao,MT,64.4,30.8,0.498,102.46,15.36,6.47,6.304,83.95,0.6475
APP0000894,PRD000355,2025-07-21,29265.45,12,15.84,18365.09,industrializacao,MT,108.0,18.2,0.129,131.17,16.76,7.58,6.979,80.98,0.691
APP0000895,PRD000355,2025-09-08,29747.05,36,8.13,31871.42,investimento,MT,125.1,22.3,0.189,117.18,16.79,7.7,7.0,79.08,0.6782
APP0000896,PRD000356,2023-08-18,96620.91,12,6.74,103321.33,comercializacao,PR,176.0,18.7,0.004,156.29,11.42,4.09,4.906,103.9,0.3412
APP0000897,PRD000356,2026-06-06,6528.28,24,16.59,7055.59,custeio,PR,65.0,32.0,0.278,151.52,16.47,8.03,6.961,81.3,0.607
APP0000898,PRD000357,2023-04-26,23721.02,12,10.89,34521.72,investimento,RS,112.6,22.7,0.124,82.71,11.38,4.0,4.932,99.91,0.3802
APP0000899,PRD000357,2026-07-21,41367.44,24,12.49,60915.3,comercializacao,RS,70.5,21.9,0.042,99.73,16.33,7.98,6.914,82.48,0.5584
APP0000900,PRD000358,2022-12-22,291801.5,12,10.36,508378.66,investimento,SP,60.0,32.8,0.237,71.21,11.08,4.15,5.026,98.95,0.2388
APP0000901,PRD000359,2022-04-12,49712.8,6,9.29,54732.85,custeio,SP,208.2,18.9,0.122,65.08,10.71,4.56,5.06,99.87,0.4257
APP0000902,PRD000359,2022-06-18,20495.29,24,12.48,20875.44,comercializacao,SP,123.4,21.4,0.129,62.48,10.82,4.51,5.065,99.4,0.4465
APP0000903,PRD000360,2025-11-29,74911.5,6,6.92,76306.49,investimento,PI,148.0,32.3,0.041,156.31,16.6,7.75,6.959,81.73,0.6675
APP0000904,PRD000360,2023-05-16,36140.54,24,13.62,34270.6,custeio,PI,66.5,24.2,0.284,176.44,11.32,3.99,4.959,101.0,0.531
APP0000905,PRD000360,2024-05-14,47945.59,24,14.93,49248.46,custeio,PI,139.0,33.9,0.473,155.59,11.35,4.3,4.766,101.07,0.5811
APP0000906,PRD000360,2024-05-24,29231.8,36,12.2,31504.69,investimento,PI,139.0,33.9,0.473,155.59,11.35,4.3,4.766,101.07,0.5761
APP0000907,PRD000361,2023-04-29,29863.95,18,6.78,44032.95,investimento,MS,111.9,30.7,0.284,182.73,11.38,4.0,4.932,99.91,0.1353
APP0000908,PRD000361,2024-07-30,16086.41,24,11.6,25689.4,investimento,MS,118.2,30.4,0.142,176.03,11.7,4.51,4.809,97.34,0.15
APP0000909,PRD000361,2024-07-05,45049.05,24,17.88,44591.24,custeio,MS,118.2,30.4,0.142,176.03,11.7,4.51,4.809,97.34,0.1836
APP0000910,PRD000361,2024-08-07,18258.1,18,13.0,13281.07,industrializacao,MS,159.3,27.0,0.235,203.36,11.97,4.69,5.047,96.01,0.1998
APP0000911,PRD000362,2024-08-10,17951.37,36,16.11,18960.57,investimento,MG,119.0,20.9,0.16,73.35,11.97,4.69,5.047,96.01,0.3285
APP0000912,PRD000362,2026-02-28,38743.31,6,17.06,67003.78,industrializacao,MG,141.0,34.0,0.046,83.33,16.55,7.87,6.969,81.38,0.4336
APP0000913,PRD000362,2026-05-18,26944.42,36,8.67,18429.05,comercializacao,MG,91.0,30.8,0.265,77.11,16.46,8.05,6.992,80.92,0.5689
APP0000914,PRD000362,2026-11-12,17756.76,36,12.63,12364.65,comercializacao,MG,203.5,21.6,0.007,77.99,16.32,7.8,6.864,85.41,0.5221
APP0000915,PRD000363,2026-11-23,91071.47,6,14.76,74711.65,investimento,RS,81.7,30.2,0.088,93.63,16.32,7.8,6.864,85.41,0.6207
APP0000916,PRD000364,2023-12-17,59015.32,12,13.28,36685.19,investimento,PR,110.8,19.8,0.02,168.56,11.37,4.23,4.853,101.44,0.4252
APP0000917,PRD000364,2022-05-11,50219.94,6,12.17,40432.0,custeio,PR,67.2,21.4,0.137,157.4,10.73,4.53,5.077,99.68,0.4108
APP0000918,PRD000364,2024-04-02,63282.02,12,17.95,50275.11,industrializacao,PR,65.0,33.7,0.667,131.06,11.32,4.4,4.805,100.32,0.5424
APP0000919,PRD000364,2025-05-23,23143.8,36,6.68,18556.19,industrializacao,PR,116.3,33.3,0.573,125.31,16.25,7.09,6.729,81.39,0.6958
APP0000920,PRD000365,2026-07-22,24455.65,24,13.99,27101.0,industrializacao,MS,163.7,21.7,0.267,199.14,16.33,7.98,6.914,82.48,0.458
APP0000921,PRD000365,2026-06-12,57109.45,6,14.52,56650.17,custeio,MS,107.8,29.0,0.064,189.81,16.47,8.03,6.961,81.3,0.4285
APP0000922,PRD000366,2023-09-17,23289.57,36,10.73,25376.5,industrializacao,GO,218.6,21.7,0.276,92.24,11.49,4.14,4.898,102.79,0.2471
APP0000923,PRD000366,2023-06-08,13393.59,24,15.57,13852.51,comercializacao,GO,202.9,29.4,0.173,82.03,11.43,4.08,4.974,101.38,0.229
APP0000924,PRD000366,2023-03-25,10680.97,18,10.88,11908.91,industrializacao,GO,178.3,33.2,0.267,85.75,11.34,4.05,4.953,99.59,0.2284
APP0000925,PRD000367,2026-11-25,38485.51,18,12.33,59416.19,investimento,BA,96.5,32.8,0.097,107.56,16.32,7.8,6.864,85.41,0.2848
APP0000926,PRD000367,2025-09-16,92328.95,36,17.36,125195.96,industrializacao,BA,189.8,23.1,0.073,113.03,16.79,7.7,7.0,79.08,0.3022
APP0000927,PRD000367,2023-03-19,31304.19,18,12.45,27810.8,industrializacao,BA,117.4,25.5,0.226,121.69,11.34,4.05,4.953,99.59,0.2084
APP0000928,PRD000368,2022-01-10,25808.58,24,15.37,34379.63,comercializacao,TO,205.0,28.5,0.03,129.37,10.46,4.45,5.045,98.92,0.1799
APP0000929,PRD000368,2023-09-08,28672.7,18,16.46,18293.43,comercializacao,TO,115.7,28.3,0.135,136.88,11.49,4.14,4.898,102.79,0.2822
APP0000930,PRD000368,2024-01-10,19721.45,24,8.4,31303.43,investimento,TO,116.6,18.3,0.632,122.69,11.38,4.15,4.823,100.55,0.3248
APP0000931,PRD000368,2026-04-02,43335.23,6,14.51,49237.66,industrializacao,TO,148.4,23.4,0.161,125.57,16.55,7.95,7.038,80.49,0.4189
APP0000932,PRD000369,2026-09-26,93481.51,18,14.17,164844.6,custeio,GO,155.0,19.1,0.227,81.18,16.34,7.89,6.904,83.16,0.5672
APP0000933,PRD000369,2023-11-18,41150.75,18,6.94,31241.09,custeio,GO,93.4,18.8,0.132,82.2,11.34,4.18,4.877,101.75,0.436
APP0000934,PRD000370,2023-12-05,41120.7,18,9.11,27866.52,comercializacao,RS,109.7,26.1,0.193,87.6,11.37,4.23,4.853,101.44,0.3223
APP0000935,PRD000370,2026-04-30,78414.41,12,15.98,117677.77,comercializacao,RS,79.2,32.9,0.281,84.16,16.55,7.95,7.038,80.49,0.4426
APP0000936,PRD000370,2023-01-21,20883.48,6,9.66,34305.81,investimento,RS,173.5,27.7,0.245,95.31,11.2,4.06,4.981,99.95,0.2702
APP0000937,PRD000371,2026-08-01,17652.74,24,16.92,27668.01,custeio,SP,216.0,23.8,0.149,69.12,16.48,7.96,6.926,83.04,0.6318
APP0000938,PRD000371,2023-04-03,39647.87,18,10.51,40070.75,industrializacao,SP,132.4,33.2,0.092,68.0,11.38,4.0,4.932,99.91,0.4512
APP0000939,PRD000371,2026-08-15,24206.14,24,14.15,41339.04,comercializacao,SP,216.0,23.8,0.149,69.12,16.48,7.96,6.926,83.04,0.6186
APP0000940,PRD000371,2023-03-27,85714.96,24,8.06,70609.62,industrializacao,SP,95.8,22.5,0.118,63.85,11.34,4.05,4.953,99.59,0.5141
APP0000941,PRD000372,2023-02-14,22873.86,6,17.97,17578.03,comercializacao,SP,134.0,31.6,0.047,69.62,11.2,3.98,4.998,100.89,0.2729
APP0000942,PRD000372,2024-05-16,128838.94,12,15.25,117088.02,industrializacao,SP,135.4,21.1,0.649,54.77,11.35,4.3,4.766,101.07,0.4438
APP0000943,PRD000372,2024-12-12,51535.71,6,13.28,88615.2,investimento,SP,186.1,30.3,0.199,65.93,13.83,5.67,5.708,89.04,0.2961
APP0000944,PRD000372,2022-06-21,46624.09,6,15.59,41115.25,comercializacao,SP,123.4,21.4,0.129,62.48,10.82,4.51,5.065,99.4,0.2929
APP0000945,PRD000373,2024-06-11,27766.04,18,14.79,44031.59,investimento,SP,142.7,25.3,0.398,52.13,11.35,4.33,4.729,101.06,0.22
APP0000946,PRD000374,2024-06-21,5399.3,12,17.45,4634.63,custeio,GO,60.8,29.8,0.423,74.12,11.35,4.33,4.729,101.06,0.6672
APP0000947,PRD000374,2023-09-24,37014.84,6,14.06,51089.94,comercializacao,GO,218.6,21.7,0.276,92.24,11.49,4.14,4.898,102.79,0.5834
APP0000948,PRD000374,2024-03-31,27147.12,12,12.86,41874.97,investimento,GO,49.4,23.8,0.439,68.3,11.47,4.33,4.765,101.33,0.6044
APP0000949,PRD000374,2024-01-11,70013.99,24,8.63,93227.87,comercializacao,GO,60.8,33.1,0.564,64.91,11.38,4.15,4.823,100.55,0.64
APP0000950,PRD000375,2025-07-11,40136.01,18,9.36,66606.47,custeio,PR,205.6,24.6,0.168,172.28,16.76,7.58,6.979,80.98,0.5725
APP0000951,PRD000375,2026-10-19,35411.3,6,10.19,38584.16,custeio,PR,167.5,30.9,0.274,180.1,16.29,7.86,6.879,84.46,0.6319
APP0000952,PRD000375,2025-10-10,165239.85,24,16.89,289489.23,industrializacao,PR,218.0,23.8,0.132,170.37,16.74,7.72,7.0,80.46,0.5739
APP0000953,PRD000376,2026-10-22,21535.46,24,8.12,28798.52,industrializacao,GO,215.5,33.6,0.294,85.57,16.29,7.86,6.879,84.46,0.4783
APP0000954,PRD000376,2023-04-14,61100.35,6,13.33,54710.64,custeio,GO,122.4,18.1,0.097,81.36,11.38,4.0,4.932,99.91,0.2642
APP0000955,PRD000377,2024-06-25,17715.31,24,7.81,11201.14,industrializacao,PR,70.2,18.7,0.448,152.52,11.35,4.33,4.729,101.06,0.4373
APP0000956,PRD000377,2025-08-10,5385.34,36,16.17,3754.5,custeio,PR,195.7,22.0,0.034,182.92,16.68,7.68,6.994,80.38,0.4842
APP0000957,PRD000377,2023-06-05,26195.96,12,6.57,40114.83,investimento,PR,73.4,29.1,0.02,165.8,11.43,4.08,4.974,101.38,0.2544
APP0000958,PRD000378,2025-02-10,143212.38,18,13.84,237245.24,comercializacao,PI,65.5,18.6,0.712,136.04,14.99,6.26,6.101,85.95,0.6309
APP0000959,PRD000378,2026-04-09,30146.78,6,9.63,39959.69,investimento,PI,120.1,30.5,0.089,173.73,16.55,7.95,7.038,80.49,0.5428
APP0000960,PRD000378,2023-07-14,24182.45,18,9.92,16506.19,investimento,PI,119.0,26.7,0.056,161.31,11.39,4.11,4.951,102.57,0.3844
APP0000961,PRD000378,2023-05-07,86238.18,6,7.01,143707.22,investimento,PI,66.5,24.2,0.284,176.44,11.32,3.99,4.959,101.0,0.3708
APP0000962,PRD000379,2022-12-20,25892.4,18,10.82,18659.62,investimento,MG,105.5,21.9,0.066,79.88,11.08,4.15,5.026,98.95,0.1705
APP0000963,PRD000379,2022-01-06,11092.77,36,8.44,17252.73,investimento,MG,158.1,30.6,0.241,81.2,10.46,4.45,5.045,98.92,0.1585
APP0000964,PRD000379,2025-11-04,59586.78,24,9.06,95893.92,custeio,MG,141.5,28.1,0.111,77.44,16.6,7.75,6.959,81.73,0.2729
APP0000965,PRD000379,2024-09-07,46982.79,36,13.31,45456.22,industrializacao,MG,87.5,22.4,0.244,78.27,12.34,4.97,5.245,93.58,0.2002
APP0000966,PRD000380,2022-04-05,13755.27,6,9.46,20092.68,industrializacao,SP,208.2,18.9,0.122,65.08,10.71,4.56,5.06,99.87,0.1915
APP0000967,PRD000380,2022-01-19,32701.91,18,12.95,53815.37,comercializacao,SP,83.7,21.6,0.235,71.0,10.46,4.45,5.045,98.92,0.1952
APP0000968,PRD000381,2022-01-14,37927.57,6,16.64,49342.59,comercializacao,PI,156.1,27.2,0.143,171.61,10.46,4.45,5.045,98.92,0.3096
APP0000969,PRD000381,2023-06-16,101647.07,24,8.13,109221.15,custeio,PI,119.8,22.6,0.262,161.14,11.43,4.08,4.974,101.38,0.3697
APP0000970,PRD000381,2024-05-26,36218.8,24,14.95,56974.25,industrializacao,PI,139.0,33.9,0.473,155.59,11.35,4.3,4.766,101.07,0.4142
APP0000971,PRD000381,2026-03-17,15413.92,36,10.58,11219.21,industrializacao,PI,181.0,29.3,0.187,176.25,16.55,7.88,7.004,81.6,0.5875
APP0000972,PRD000382,2025-01-18,28668.29,6,8.75,46307.34,comercializacao,TO,124.0,21.5,0.609,100.89,14.32,6.06,5.846,87.46,0.6194
APP0000973,PRD000382,2022-10-14,11789.52,18,14.17,20675.25,industrializacao,TO,158.6,32.2,0.212,125.45,11.13,4.34,5.037,97.77,0.348
APP0000974,PRD000382,2024-05-18,21625.63,18,17.44,15841.64,industrializacao,TO,101.6,27.0,0.338,104.99,11.35,4.3,4.766,101.07,0.5443
APP0000975,PRD000382,2026-05-15,16505.51,6,10.81,15756.59,industrializacao,TO,88.5,24.8,0.255,124.13,16.46,8.05,6.992,80.92,0.6207
APP0000976,PRD000383,2024-05-01,22047.11,36,17.74,23480.15,industrializacao,MS,131.6,23.0,0.67,149.15,11.35,4.3,4.766,101.07,0.456
APP0000977,PRD000383,2022-02-14,15258.6,12,6.53,14250.99,investimento,MS,166.4,27.8,0.017,172.87,10.54,4.52,5.093,99.9,0.2568
APP0000978,PRD000384,2026-04-17,53969.44,36,7.81,74079.47,custeio,RS,79.2,32.9,0.281,84.16,16.55,7.95,7.038,80.49,0.4038
APP0000979,PRD000385,2023-11-07,43801.99,6,16.94,28902.98,investimento,GO,93.4,18.8,0.132,82.2,11.34,4.18,4.877,101.75,0.5483
APP0000980,PRD000385,2025-03-31,10729.2,12,7.98,8457.33,investimento,GO,116.3,29.5,0.531,71.16,15.36,6.47,6.304,83.95,0.7924
APP0000981,PRD000385,2022-08-22,30432.41,24,14.0,49226.82,industrializacao,GO,209.2,20.2,0.193,86.21,10.97,4.34,5.033,99.26,0.4581
APP0000982,PRD000385,2024-12-12,75927.67,36,14.05,121420.26,comercializacao,GO,126.4,32.4,0.132,93.72,13.83,5.67,5.708,89.04,0.5416
APP0000983,PRD000386,2023-10-09,5000,18,17.86,5135.68,custeio,SP,115.2,18.8,0.252,69.98,11.35,4.2,4.922,102.76,0.2153
APP0000984,PRD000387,2024-06-05,17394.68,18,11.17,15514.4,investimento,MG,69.0,25.5,0.548,55.64,11.35,4.33,4.729,101.06,0.286
APP0000985,PRD000388,2022-12-11,27368.03,12,15.07,41160.24,comercializacao,MS,131.3,33.6,0.202,179.57,11.08,4.15,5.026,98.95,0.2564
APP0000986,PRD000389,2025-02-22,36706.8,12,12.54,52405.92,custeio,BA,123.1,33.2,0.456,79.77,14.99,6.26,6.101,85.95,0.6724
APP0000987,PRD000389,2022-12-08,49324.64,12,13.89,30362.36,industrializacao,BA,148.2,20.3,0.221,110.0,11.08,4.15,5.026,98.95,0.5315
APP0000988,PRD000389,2025-10-31,49183.44,12,15.73,70296.11,custeio,BA,136.5,21.4,0.052,114.68,16.74,7.72,7.0,80.46,0.5956
APP0000989,PRD000389,2025-06-11,76023.5,36,6.92,122965.1,custeio,BA,107.6,26.7,0.584,86.69,16.84,7.51,6.986,80.33,0.7054
APP0000990,PRD000390,2025-05-16,27495.73,36,15.43,33111.09,industrializacao,PI,44.8,32.2,0.561,136.06,16.25,7.09,6.729,81.39,0.4881
APP0000991,PRD000390,2025-04-15,53679.0,12,12.04,50143.81,investimento,PI,93.0,19.5,0.713,149.27,15.89,6.77,6.48,81.98,0.5194
APP0000992,PRD000391,2023-10-22,8291.77,12,10.21,13736.99,comercializacao,GO,211.1,20.0,0.284,79.17,11.35,4.2,4.922,102.76,0.469
APP0000993,PRD000391,2023-01-03,51074.05,12,11.17,32931.89,industrializacao,GO,71.7,28.9,0.245,86.88,11.2,4.06,4.981,99.95,0.5542
APP0000994,PRD000392,2025-03-16,44801.66,6,15.99,65768.54,comercializacao,RS,107.8,23.0,0.611,71.17,15.36,6.47,6.304,83.95,0.7014
APP0000995,PRD000392,2024-03-08,101424.49,36,14.11,101952.9,custeio,RS,102.8,33.5,0.428,77.57,11.47,4.33,4.765,101.33,0.5606
APP0000996,PRD000393,2025-11-25,51422.16,36,12.69,39221.41,custeio,GO,128.2,18.4,0.163,80.38,16.6,7.75,6.959,81.73,0.5214
APP0000997,PRD000393,2025-06-05,43279.57,6,11.8,59001.37,comercializacao,GO,140.9,18.2,0.493,76.74,16.84,7.51,6.986,80.33,0.6157
APP0000998,PRD000393,2025-08-25,28930.69,6,16.59,24850.05,investimento,GO,132.5,22.2,0.132,91.76,16.68,7.68,6.994,80.38,0.525
APP0000999,PRD000393,2024-05-28,32077.41,12,7.89,44530.98,custeio,GO,127.1,20.8,0.311,73.7,11.35,4.3,4.766,101.07,0.3894
APP0001000,PRD000394,2023-09-18,19757.58,12,14.95,34261.93,investimento,RS,110.6,22.9,0.274,83.84,11.49,4.14,4.898,102.79,0.2782
APP0001001,PRD000394,2023-05-19,20636.27,18,10.05,12738.75,custeio,RS,117.4,28.9,0.106,99.82,11.32,3.99,4.959,101.0,0.3455
APP0001002,PRD000395,2023-08-18,23115.8,36,16.54,21379.84,custeio,MT,188.6,31.4,0.262,131.26,11.42,4.09,4.906,103.9,0.5462
APP0001003,PRD000395,2022-11-19,51580.56,18,6.58,68143.47,comercializacao,MT,124.6,30.1,0.086,131.64,11.17,4.25,4.99,99.15,0.4747
APP0001004,PRD000395,2022-07-06,32567.41,18,11.29,30247.22,comercializacao,MT,211.8,20.0,0.119,114.33,10.92,4.41,5.063,99.17,0.5213
APP0001005,PRD000396,2023-09-25,36007.8,36,13.63,24411.28,custeio,PR,88.1,25.4,0.27,153.05,11.49,4.14,4.898,102.79,0.622
APP0001006,PRD000397,2023-09-07,71129.2,36,16.96,57963.19,custeio,BA,165.1,24.3,0.173,119.14,11.49,4.14,4.898,102.79,0.4418
APP0001007,PRD000397,2022-02-25,48431.4,18,13.59,39592.01,investimento,BA,108.3,22.2,0.279,122.27,10.54,4.52,5.093,99.9,0.4431
APP0001008,PRD000398,2025-07-22,83028.76,24,14.68,92937.3,industrializacao,GO,197.2,21.0,0.261,95.71,16.76,7.58,6.979,80.98,0.3318
APP0001009,PRD000399,2026-05-07,18069.97,12,12.68,12864.46,custeio,TO,88.5,24.8,0.255,124.13,16.46,8.05,6.992,80.92,0.7296
APP0001010,PRD000399,2026-05-22,88689.4,6,16.11,137615.75,comercializacao,TO,88.5,24.8,0.255,124.13,16.46,8.05,6.992,80.92,0.6585
APP0001011,PRD000400,2023-07-29,161539.64,18,6.53,179239.19,investimento,PI,119.0,26.7,0.056,161.31,11.39,4.11,4.951,102.57,0.3556
APP0001012,PRD000400,2023-02-17,131951.35,36,13.45,229955.1,industrializacao,PI,168.5,29.6,0.157,176.91,11.2,3.98,4.998,100.89,0.3213
APP0001013,PRD000401,2024-06-12,76186.27,6,12.34,116660.63,comercializacao,MT,55.1,30.9,0.384,108.78,11.35,4.33,4.729,101.06,0.5125
APP0001014,PRD000401,2026-01-29,41694.1,36,17.36,52758.97,industrializacao,MT,197.9,23.5,0.206,129.17,16.52,7.83,6.952,81.49,0.6754
APP0001015,PRD000401,2026-08-09,107103.96,18,8.38,161827.86,comercializacao,MT,125.4,28.3,0.042,120.29,16.48,7.96,6.926,83.04,0.6206
APP0001016,PRD000401,2024-09-09,19896.02,36,16.55,22011.75,comercializacao,MT,140.2,26.4,0.113,131.68,12.34,4.97,5.245,93.58,0.4947
APP0001017,PRD000402,2024-04-09,26419.43,6,15.73,32433.56,comercializacao,MG,65.5,20.4,0.424,59.87,11.32,4.4,4.805,100.32,0.3605
APP0001018,PRD000402,2024-11-07,23571.66,36,13.92,33008.68,industrializacao,MG,185.3,25.4,0.136,81.54,13.13,5.44,5.596,90.86,0.3098
APP0001019,PRD000402,2024-05-30,31291.56,36,9.47,19390.8,industrializacao,MG,45.9,31.9,0.66,68.37,11.35,4.3,4.766,101.07,0.467
APP0001020,PRD000402,2025-12-05,140986.02,24,13.22,98972.78,industrializacao,MG,115.5,23.2,0.11,82.97,16.61,7.74,6.957,81.85,0.5021
APP0001021,PRD000403,2026-06-24,42568.02,24,7.68,45574.46,industrializacao,RS,132.7,28.5,0.25,96.51,16.47,8.03,6.961,81.3,0.4104
APP0001022,PRD000403,2024-06-04,22377.44,36,11.36,13963.6,industrializacao,RS,58.4,26.3,0.472,80.6,11.35,4.33,4.729,101.06,0.3621
APP0001023,PRD000404,2023-02-23,24986.61,18,13.52,34171.53,comercializacao,RS,130.4,25.4,0.259,82.87,11.2,3.98,4.998,100.89,0.4218
APP0001024,PRD000404,2022-02-08,10246.34,6,13.93,15757.31,investimento,RS,97.1,25.0,0.247,92.07,10.54,4.52,5.093,99.9,0.3884
APP0001025,PRD000405,2023-12-04,26894.31,18,16.86,41806.82,industrializacao,MS,213.1,28.1,0.102,179.28,11.37,4.23,4.853,101.44,0.4311
APP0001026,PRD000405,2026-08-30,71393.41,18,15.72,53491.22,investimento,MS,62.0,31.3,0.258,175.39,16.48,7.96,6.926,83.04,0.7082
APP0001027,PRD000405,2023-11-08,105805.73,24,11.42,85376.29,comercializacao,MS,157.3,20.3,0.156,186.12,11.34,4.18,4.877,101.75,0.5385
APP0001028,PRD000405,2022-05-27,76157.51,12,12.45,71970.87,industrializacao,MS,139.2,29.3,0.141,194.97,10.73,4.53,5.077,99.68,0.4933
APP0001029,PRD000406,2023-02-06,24983.8,6,14.78,17526.04,investimento,RS,130.4,25.4,0.259,82.87,11.2,3.98,4.998,100.89,0.1984
APP0001030,PRD000406,2024-06-18,40481.74,18,7.47,63467.88,custeio,RS,58.4,26.3,0.472,80.6,11.35,4.33,4.729,101.06,0.194
APP0001031,PRD000406,2026-04-04,64792.98,24,11.79,79631.68,custeio,RS,79.2,32.9,0.281,84.16,16.55,7.95,7.038,80.49,0.3059
APP0001032,PRD000406,2023-03-19,27878.3,6,17.37,41729.06,comercializacao,RS,179.1,24.9,0.272,86.13,11.34,4.05,4.953,99.59,0.1635
APP0001033,PRD000407,2023-03-09,46092.73,36,15.48,48536.75,investimento,RS,179.1,24.9,0.272,86.13,11.34,4.05,4.953,99.59,0.291
APP0001034,PRD000407,2023-04-22,20878.17,6,11.98,33627.52,industrializacao,RS,112.6,22.7,0.124,82.71,11.38,4.0,4.932,99.91,0.2143
APP0001035,PRD000407,2023-03-27,5000,24,11.81,5568.05,investimento,RS,179.1,24.9,0.272,86.13,11.34,4.05,4.953,99.59,0.2861
APP0001036,PRD000408,2023-05-17,108550.19,18,14.51,131489.92,industrializacao,PR,142.9,18.6,0.144,154.9,11.32,3.99,4.959,101.0,0.3867
APP0001037,PRD000408,2026-07-25,35383.1,18,13.55,50278.18,comercializacao,PR,91.9,25.5,0.117,174.51,16.33,7.98,6.914,82.48,0.5467
APP0001038,PRD000408,2026-09-15,36498.29,36,10.57,30231.89,comercializacao,PR,115.4,22.2,0.058,160.62,16.34,7.89,6.904,83.16,0.6022
APP0001039,PRD000408,2026-08-19,76430.32,24,11.33,89452.81,investimento,PR,118.7,26.2,0.298,165.42,16.48,7.96,6.926,83.04,0.584
APP0001040,PRD000409,2024-05-12,34582.78,36,11.62,29037.97,comercializacao,RS,69.9,33.4,0.757,70.89,11.35,4.3,4.766,101.07,0.4444
APP0001041,PRD000409,2025-08-27,64478.95,6,13.07,60179.23,industrializacao,RS,89.3,23.0,0.053,90.05,16.68,7.68,6.994,80.38,0.4521
APP0001042,PRD000409,2026-01-26,36728.26,18,14.81,37172.17,comercializacao,RS,139.7,26.6,0.293,83.96,16.52,7.83,6.952,81.49,0.4661
APP0001043,PRD000409,2025-09-02,51024.16,18,17.47,86564.82,investimento,RS,101.7,21.2,0.105,94.01,16.79,7.7,7.0,79.08,0.4007
APP0001044,PRD000410,2024-05-30,102876.1,18,15.98,71329.76,industrializacao,PI,139.0,33.9,0.473,155.59,11.35,4.3,4.766,101.07,0.5756
APP0001045,PRD000410,2026-09-04,27528.06,36,7.67,45808.83,industrializacao,PI,107.1,20.3,0.291,168.62,16.34,7.89,6.904,83.16,0.5971
APP0001046,PRD000410,2022-06-06,25032.18,24,11.39,17813.18,industrializacao,PI,119.1,18.8,0.093,160.58,10.82,4.51,5.065,99.4,0.4529
APP0001047,PRD000410,2024-11-12,112868.34,24,11.1,155880.0,industrializacao,PI,162.3,27.2,0.033,164.77,13.13,5.44,5.596,90.86,0.4676
APP0001048,PRD000411,2025-12-21,66383.47,12,10.74,67160.96,comercializacao,BA,218.4,19.2,0.049,116.36,16.61,7.74,6.957,81.85,0.4746
APP0001049,PRD000411,2022-02-04,39987.73,18,14.76,57648.73,custeio,BA,108.3,22.2,0.279,122.27,10.54,4.52,5.093,99.9,0.2653
APP0001050,PRD000412,2025-03-22,63382.04,18,16.34,62029.14,investimento,GO,116.3,29.5,0.531,71.16,15.36,6.47,6.304,83.95,0.8086
APP0001051,PRD000412,2025-06-30,38493.9,12,7.27,25627.47,custeio,GO,140.9,18.2,0.493,76.74,16.84,7.51,6.986,80.33,0.8538
APP0001052,PRD000413,2023-09-24,34939.78,12,8.95,45733.97,industrializacao,MS,104.4,21.0,0.182,186.3,11.49,4.14,4.898,102.79,0.4968
APP0001053,PRD000414,2024-07-21,24464.89,12,6.53,24288.19,custeio,MT,153.3,20.4,0.004,118.04,11.7,4.51,4.809,97.34,0.2103
APP0001054,PRD000414,2022-02-04,16997.39,12,16.14,30434.42,industrializacao,MT,139.8,26.5,0.051,118.67,10.54,4.52,5.093,99.9,0.1568
APP0001055,PRD000414,2024-04-27,5112.38,24,12.01,3653.38,investimento,MT,85.8,22.1,0.388,97.09,11.32,4.4,4.805,100.32,0.3359
APP0001056,PRD000415,2022-01-18,13186.8,12,9.58,22860.79,comercializacao,BA,200.2,19.2,0.125,102.64,10.46,4.45,5.045,98.92,0.1211
APP0001057,PRD000415,2024-12-30,70526.29,36,17.26,107974.64,investimento,BA,72.3,25.7,0.075,110.92,13.83,5.67,5.708,89.04,0.1792
APP0001058,PRD000416,2024-09-28,40250.0,36,15.78,26945.89,comercializacao,BA,71.1,20.9,0.082,114.95,12.34,4.97,5.245,93.58,0.5014
APP0001059,PRD000417,2022-12-16,27771.32,36,16.15,49088.63,industrializacao,TO,152.8,33.5,0.075,137.48,11.08,4.15,5.026,98.95,0.2793
APP0001060,PRD000418,2023-03-17,89976.73,6,13.26,87570.64,custeio,SP,95.8,22.5,0.118,63.85,11.34,4.05,4.953,99.59,0.2086
APP0001061,PRD000418,2025-01-26,21168.05,18,7.96,28112.02,comercializacao,SP,96.4,30.5,0.592,60.74,14.32,6.06,5.846,87.46,0.3758
APP0001062,PRD000419,2022-07-30,296102.52,36,11.83,476553.59,custeio,MT,211.8,20.0,0.119,114.33,10.92,4.41,5.063,99.17,0.3279
APP0001063,PRD000419,2026-09-18,175790.29,12,7.23,171795.24,investimento,MT,92.4,28.6,0.077,129.41,16.34,7.89,6.904,83.16,0.5801
APP0001064,PRD000420,2023-08-29,50854.46,12,7.46,84376.94,investimento,PI,167.0,25.5,0.092,181.96,11.42,4.09,4.906,103.9,0.1641
APP0001065,PRD000421,2022-05-09,28112.8,6,15.8,26881.43,custeio,RS,198.5,25.8,0.087,91.74,10.73,4.53,5.077,99.68,0.444
APP0001066,PRD000422,2022-04-08,151639.06,24,10.65,190888.63,comercializacao,PR,169.5,24.9,0.153,179.68,10.71,4.56,5.06,99.87,0.2567
APP0001067,PRD000423,2024-07-24,16371.63,24,9.23,25544.07,comercializacao,MS,118.2,30.4,0.142,176.03,11.7,4.51,4.809,97.34,0.5203
APP0001068,PRD000423,2026-02-28,14341.08,36,16.36,18894.97,custeio,MS,159.6,22.3,0.112,182.18,16.55,7.87,6.969,81.38,0.6669
APP0001069,PRD000423,2022-06-18,23698.99,6,7.18,35655.28,investimento,MS,130.8,26.1,0.024,204.01,10.82,4.51,5.065,99.4,0.467
APP0001070,PRD000424,2025-09-22,6531.19,6,11.15,5026.89,investimento,GO,114.0,33.9,0.056,84.69,16.79,7.7,7.0,79.08,0.5261
APP0001071,PRD000424,2022-11-08,73057.99,24,10.59,99771.2,industrializacao,GO,70.7,19.2,0.028,88.5,11.17,4.25,4.99,99.15,0.3121
APP0001072,PRD000425,2022-10-27,17396.95,6,15.08,10670.37,investimento,MT,169.9,28.1,0.191,121.4,11.13,4.34,5.037,97.77,0.2293
APP0001073,PRD000425,2025-09-17,111485.56,18,12.16,168574.64,industrializacao,MT,125.1,22.3,0.189,117.18,16.79,7.7,7.0,79.08,0.3209
APP0001074,PRD000425,2022-04-11,50594.1,6,7.04,69539.88,comercializacao,MT,144.7,22.9,0.225,120.16,10.71,4.56,5.06,99.87,0.1837
APP0001075,PRD000425,2025-02-18,23517.74,12,9.42,19511.48,custeio,MT,67.2,33.4,0.643,101.28,14.99,6.26,6.101,85.95,0.4668
APP0001076,PRD000426,2023-08-28,5000,6,10.31,8975.1,custeio,BA,113.6,19.9,0.22,120.21,11.42,4.09,4.906,103.9,0.4588
APP0001077,PRD000427,2025-07-17,101027.45,24,7.01,127587.74,investimento,GO,197.2,21.0,0.261,95.71,16.76,7.58,6.979,80.98,0.6311
APP0001078,PRD000427,2026-05-23,27518.72,24,9.53,48035.12,comercializacao,GO,161.6,31.7,0.068,95.01,16.46,8.05,6.992,80.92,0.5326
APP0001079,PRD000428,2023-06-11,146080.02,36,12.31,164016.0,comercializacao,RS,111.9,29.2,0.19,96.23,11.43,4.08,4.974,101.38,0.1659
APP0001080,PRD000429,2022-03-14,14583.31,18,11.46,11104.38,industrializacao,SP,107.9,21.9,0.187,71.89,10.67,4.59,5.055,98.83,0.2561
APP0001081,PRD000429,2024-12-23,37207.86,24,10.5,53456.84,investimento,SP,186.1,30.3,0.199,65.93,13.83,5.67,5.708,89.04,0.2839
APP0001082,PRD000430,2023-02-26,31852.92,12,16.2,19992.04,custeio,BA,146.8,23.8,0.13,115.79,11.2,3.98,4.998,100.89,0.3723
APP0001083,PRD000431,2023-07-27,34195.78,24,16.88,23785.55,custeio,MT,169.4,25.1,0.073,113.5,11.39,4.11,4.951,102.57,0.4165
APP0001084,PRD000432,2024-11-08,13508.04,18,16.35,16550.95,comercializacao,RS,216.2,31.1,0.067,87.1,13.13,5.44,5.596,90.86,0.4317
APP0001085,PRD000432,2026-02-03,23875.09,36,9.83,16428.48,custeio,RS,119.9,20.8,0.132,97.64,16.55,7.87,6.969,81.38,0.6303
APP0001086,PRD000433,2024-07-30,175665.01,18,9.18,198255.48,comercializacao,TO,81.9,24.6,0.013,131.04,11.7,4.51,4.809,97.34,0.1878
APP0001087,PRD000433,2022-07-10,104996.76,12,13.86,166324.12,investimento,TO,125.3,28.9,0.263,133.93,10.92,4.41,5.063,99.17,0.1718
APP0001088,PRD000433,2022-09-16,51876.42,6,15.79,47052.8,industrializacao,TO,106.8,20.2,0.292,129.58,11.12,4.39,5.008,98.34,0.2269
APP0001089,PRD000434,2026-09-06,70498.97,12,13.32,56410.37,investimento,PR,115.4,22.2,0.058,160.62,16.34,7.89,6.904,83.16,0.7387
APP0001090,PRD000434,2026-11-23,110886.72,12,14.74,186432.09,custeio,PR,80.6,30.2,0.073,157.11,16.32,7.8,6.864,85.41,0.6668
APP0001091,PRD000434,2024-12-15,21756.65,12,6.98,36506.21,industrializacao,PR,125.9,21.2,0.101,181.05,13.83,5.67,5.708,89.04,0.5395
APP0001092,PRD000434,2025-10-27,103831.54,24,13.85,124894.62,industrializacao,PR,218.0,23.8,0.132,170.37,16.74,7.72,7.0,80.46,0.7049
APP0001093,PRD000435,2024-09-09,66508.68,24,10.35,46238.12,investimento,SP,152.7,24.3,0.001,62.4,12.34,4.97,5.245,93.58,0.5648
APP0001094,PRD000435,2023-10-23,74381.51,12,17.12,107111.18,industrializacao,SP,115.2,18.8,0.252,69.98,11.35,4.2,4.922,102.76,0.4913
APP0001095,PRD000436,2025-12-16,9033.44,12,11.43,8923.92,custeio,RS,188.0,27.1,0.112,83.46,16.61,7.74,6.957,81.85,0.6223
APP0001096,PRD000437,2023-06-11,26632.4,24,10.59,26151.75,industrializacao,PI,119.8,22.6,0.262,161.14,11.43,4.08,4.974,101.38,0.1794
APP0001097,PRD000437,2023-09-29,142301.74,24,12.59,158256.83,custeio,PI,213.6,26.5,0.275,155.5,11.49,4.14,4.898,102.79,0.1953
APP0001098,PRD000437,2026-07-15,24037.07,12,7.2,17602.56,custeio,PI,76.5,18.3,0.15,165.37,16.33,7.98,6.914,82.48,0.3369
APP0001099,PRD000437,2022-06-25,61548.14,24,14.0,48394.1,investimento,PI,119.1,18.8,0.093,160.58,10.82,4.51,5.065,99.4,0.1762
APP0001100,PRD000438,2024-12-09,18841.86,12,10.01,26291.6,industrializacao,TO,170.2,26.7,0.197,137.08,13.83,5.67,5.708,89.04,0.2775
APP0001101,PRD000438,2025-03-08,77202.55,24,14.03,50890.2,custeio,TO,41.2,22.4,0.391,96.0,15.36,6.47,6.304,83.95,0.4358
APP0001102,PRD000439,2023-02-07,128070.46,6,16.14,128118.19,investimento,BA,146.8,23.8,0.13,115.79,11.2,3.98,4.998,100.89,0.1492
APP0001103,PRD000439,2024-02-07,85361.08,24,17.85,100996.2,comercializacao,BA,51.4,33.1,0.573,81.44,11.51,4.24,4.804,101.19,0.2435
APP0001104,PRD000440,2023-07-13,32338.86,12,13.24,54038.09,industrializacao,MG,180.1,18.4,0.23,73.64,11.39,4.11,4.951,102.57,0.4647
APP0001105,PRD000440,2026-03-12,76596.49,12,12.2,50377.0,investimento,MG,177.0,28.2,0.043,82.36,16.55,7.88,7.004,81.6,0.7374
APP0001106,PRD000440,2026-10-13,105951.6,6,7.73,151410.0,comercializacao,MG,84.9,28.9,0.215,78.57,16.29,7.86,6.879,84.46,0.6934
APP0001107,PRD000441,2024-06-29,13996.83,6,8.46,9834.03,comercializacao,BA,48.6,21.9,0.617,97.88,11.35,4.33,4.729,101.06,0.7411
APP0001108,PRD000441,2023-10-20,277714.46,12,12.91,453528.39,industrializacao,BA,96.1,28.3,0.047,117.88,11.35,4.2,4.922,102.76,0.4696
APP0001109,PRD000441,2023-11-28,113601.41,6,17.01,120818.83,investimento,BA,202.9,33.5,0.24,113.37,11.34,4.18,4.877,101.75,0.5544
APP0001110,PRD000441,2024-09-05,47318.12,24,6.53,60255.58,custeio,BA,71.1,20.9,0.082,114.95,12.34,4.97,5.245,93.58,0.5492
APP0001111,PRD000442,2026-08-28,19070.77,36,14.52,32912.15,custeio,BA,181.2,31.4,0.177,114.84,16.48,7.96,6.926,83.04,0.5953
APP0001112,PRD000442,2024-07-23,35015.48,12,13.08,49917.75,comercializacao,BA,135.1,23.2,0.166,118.11,11.7,4.51,4.809,97.34,0.4532
APP0001113,PRD000442,2023-11-26,23191.34,18,13.63,18864.11,investimento,BA,202.9,33.5,0.24,113.37,11.34,4.18,4.877,101.75,0.4856
APP0001114,PRD000442,2024-11-25,64881.76,36,11.97,73184.66,industrializacao,BA,196.6,18.6,0.18,111.81,13.13,5.44,5.596,90.86,0.5246
APP0001115,PRD000443,2024-09-12,13627.39,36,9.53,21157.2,comercializacao,SP,152.7,24.3,0.001,62.4,12.34,4.97,5.245,93.58,0.1839
APP0001116,PRD000444,2026-04-18,30437.51,24,7.67,49667.57,investimento,GO,146.3,29.1,0.299,81.65,16.55,7.95,7.038,80.49,0.4404
APP0001117,PRD000444,2022-10-16,225175.42,18,15.33,367106.84,industrializacao,GO,213.6,32.0,0.098,88.16,11.13,4.34,5.037,97.77,0.2241
APP0001118,PRD000445,2023-12-10,13657.44,24,7.94,9029.53,custeio,MT,189.9,31.3,0.218,110.17,11.37,4.23,4.853,101.44,0.5762
APP0001119,PRD000446,2024-07-20,44949.03,6,15.91,62529.31,industrializacao,RS,118.2,30.8,0.129,88.85,11.7,4.51,4.809,97.34,0.316
APP0001120,PRD000446,2022-10-01,33286.27,24,9.43,28889.18,industrializacao,RS,102.5,34.0,0.248,91.1,11.13,4.34,5.037,97.77,0.3876
APP0001121,PRD000446,2024-12-29,18604.66,24,8.96,26013.59,investimento,RS,130.1,27.5,0.019,100.38,13.83,5.67,5.708,89.04,0.4133
APP0001122,PRD000446,2024-02-03,29429.83,36,15.54,47205.75,comercializacao,RS,74.4,23.7,0.515,77.61,11.51,4.24,4.804,101.19,0.4134
APP0001123,PRD000447,2024-01-12,31856.89,36,15.39,29148.73,investimento,MG,84.4,25.1,0.61,60.97,11.38,4.15,4.823,100.55,0.2763
APP0001124,PRD000447,2024-04-20,20335.39,18,11.61,19536.2,comercializacao,MG,65.5,20.4,0.424,59.87,11.32,4.4,4.805,100.32,0.2303
APP0001125,PRD000447,2024-03-31,27775.93,18,14.89,33087.8,investimento,MG,44.0,21.7,0.562,60.43,11.47,4.33,4.765,101.33,0.2432
APP0001126,PRD000447,2023-08-19,16448.43,18,13.08,29502.44,investimento,MG,200.0,23.5,0.006,78.37,11.42,4.09,4.906,103.9,0.1193
APP0001127,PRD000448,2023-08-04,17196.71,6,7.91,10842.15,industrializacao,PI,167.0,25.5,0.092,181.96,11.42,4.09,4.906,103.9,0.2601
APP0001128,PRD000448,2022-07-26,10700.14,36,14.29,14882.44,custeio,PI,148.4,18.6,0.141,168.71,10.92,4.41,5.063,99.17,0.2355
APP0001129,PRD000448,2024-02-24,27943.6,18,13.11,33159.48,investimento,PI,122.8,19.4,0.538,129.0,11.51,4.24,4.804,101.19,0.3552
APP0001130,PRD000448,2024-12-19,16260.93,24,16.89,12802.47,comercializacao,PI,114.9,18.4,0.042,189.0,13.83,5.67,5.708,89.04,0.3478
APP0001131,PRD000449,2025-09-23,50359.0,36,11.38,54496.75,investimento,GO,114.0,33.9,0.056,84.69,16.79,7.7,7.0,79.08,0.7105
APP0001132,PRD000449,2023-05-07,20841.16,18,14.59,27368.94,custeio,GO,182.8,26.5,0.196,82.23,11.32,3.99,4.959,101.0,0.526
APP0001133,PRD000450,2023-07-08,20638.89,6,15.16,27542.81,investimento,BA,60.6,33.0,0.199,105.87,11.39,4.11,4.951,102.57,0.2009
APP0001134,PRD000450,2026-10-22,21717.71,18,17.72,18939.0,investimento,BA,158.6,19.0,0.189,123.33,16.29,7.86,6.879,84.46,0.3588
APP0001135,PRD000451,2024-09-09,105642.11,24,11.58,167360.38,comercializacao,PR,174.0,27.1,0.284,175.66,12.34,4.97,5.245,93.58,0.4426
APP0001136,PRD000451,2023-02-06,246676.9,6,14.14,418612.57,investimento,PR,70.6,26.6,0.05,176.02,11.2,3.98,4.998,100.89,0.3326
APP0001137,PRD000451,2026-07-06,21978.27,18,12.95,17231.87,investimento,PR,91.9,25.5,0.117,174.51,16.33,7.98,6.914,82.48,0.6701
APP0001138,PRD000452,2023-01-07,9578.46,36,17.38,13879.67,investimento,PI,163.6,24.4,0.073,177.86,11.2,4.06,4.981,99.95,0.437
APP0001139,PRD000452,2024-11-03,103512.61,24,17.3,74986.96,investimento,PI,162.3,27.2,0.033,164.77,13.13,5.44,5.596,90.86,0.5698
APP0001140,PRD000452,2023-02-06,59189.32,18,13.71,47331.89,industrializacao,PI,168.5,29.6,0.157,176.91,11.2,3.98,4.998,100.89,0.4851
APP0001141,PRD000453,2022-08-10,63484.47,36,13.03,112630.33,comercializacao,PR,112.9,20.8,0.117,158.83,10.97,4.34,5.033,99.26,0.1529
APP0001142,PRD000454,2026-04-02,69390.59,18,13.74,64354.09,investimento,TO,148.4,23.4,0.161,125.57,16.55,7.95,7.038,80.49,0.5184
APP0001143,PRD000454,2023-01-06,14054.65,18,9.79,9721.5,comercializacao,TO,67.5,19.2,0.118,144.18,11.2,4.06,4.981,99.95,0.3353
APP0001144,PRD000454,2022-06-24,49030.16,12,12.86,67547.94,investimento,TO,176.6,20.0,0.221,140.41,10.82,4.51,5.065,99.4,0.2753
APP0001145,PRD000454,2024-06-29,192495.64,36,9.96,138531.49,comercializacao,TO,88.0,21.9,0.415,104.12,11.35,4.33,4.729,101.06,0.4119
APP0001146,PRD000455,2022-06-14,13363.47,12,6.82,9212.79,investimento,PR,174.2,25.9,0.171,171.75,10.82,4.51,5.065,99.4,0.256
APP0001147,PRD000455,2023-02-11,22442.47,6,16.84,16462.69,investimento,PR,70.6,26.6,0.05,176.02,11.2,3.98,4.998,100.89,0.1958
APP0001148,PRD000455,2024-03-08,32432.37,18,11.89,38253.51,custeio,PR,88.5,27.1,0.463,143.46,11.47,4.33,4.765,101.33,0.2941
APP0001149,PRD000455,2024-05-13,55747.67,6,17.67,49319.18,investimento,PR,68.8,29.7,0.737,133.79,11.35,4.3,4.766,101.07,0.371
APP0001150,PRD000456,2022-01-06,33970.73,6,13.82,27946.03,investimento,SP,83.7,21.6,0.235,71.0,10.46,4.45,5.045,98.92,0.3923
APP0001151,PRD000456,2024-12-08,79503.76,6,14.05,57526.82,investimento,SP,186.1,30.3,0.199,65.93,13.83,5.67,5.708,89.04,0.4768
APP0001152,PRD000456,2026-08-21,53293.15,18,14.02,82871.61,industrializacao,SP,216.0,23.8,0.149,69.12,16.48,7.96,6.926,83.04,0.5052
APP0001153,PRD000457,2024-04-01,50487.16,6,10.95,85528.65,custeio,SP,54.4,28.9,0.663,58.02,11.32,4.4,4.805,100.32,0.2558
APP0001154,PRD000458,2025-08-14,14076.06,18,15.87,25303.95,industrializacao,TO,148.8,28.8,0.285,143.31,16.68,7.68,6.994,80.38,0.3978
APP0001155,PRD000458,2025-10-30,9227.42,18,12.92,6641.98,investimento,TO,212.6,24.8,0.183,139.68,16.74,7.72,7.0,80.46,0.5231
APP0001156,PRD000458,2022-01-23,34111.57,18,17.11,23208.89,industrializacao,TO,205.0,28.5,0.03,129.37,10.46,4.45,5.045,98.92,0.2632
APP0001157,PRD000458,2023-11-30,102529.95,6,8.12,75431.07,custeio,TO,137.7,21.5,0.285,132.17,11.34,4.18,4.877,101.75,0.3114
APP0001158,PRD000459,2024-01-22,83045.71,12,16.45,142312.76,comercializacao,PR,114.3,23.1,0.312,137.67,11.38,4.15,4.823,100.55,0.5564
APP0001159,PRD000459,2024-10-28,63351.47,36,13.85,38334.87,investimento,PR,134.1,31.8,0.238,163.75,12.65,5.14,5.398,92.17,0.6667
APP0001160,PRD000459,2024-09-10,29286.83,18,7.9,48361.29,comercializacao,PR,174.0,27.1,0.284,175.66,12.34,4.97,5.245,93.58,0.5384
APP0001161,PRD000459,2022-04-07,12712.67,12,7.5,12668.21,industrializacao,PR,169.5,24.9,0.153,179.68,10.71,4.56,5.06,99.87,0.5481
APP0001162,PRD000460,2023-11-26,32047.72,24,7.44,37916.26,custeio,SP,134.2,33.5,0.235,70.76,11.34,4.18,4.877,101.75,0.361
APP0001163,PRD000460,2024-07-14,26638.68,24,6.56,18963.2,investimento,SP,126.8,25.4,0.265,66.92,11.7,4.51,4.809,97.34,0.3989
APP0001164,PRD000461,2023-03-04,20282.9,18,7.83,25735.41,industrializacao,GO,178.3,33.2,0.267,85.75,11.34,4.05,4.953,99.59,0.5303
APP0001165,PRD000461,2024-07-25,31406.74,6,6.61,29389.75,industrializacao,GO,84.2,31.0,0.201,85.12,11.7,4.51,4.809,97.34,0.531
APP0001166,PRD000461,2026-09-21,24390.57,24,15.24,15939.94,comercializacao,GO,155.0,19.1,0.227,81.18,16.34,7.89,6.904,83.16,0.7477
APP0001167,PRD000462,2023-11-14,76016.49,18,7.84,45639.29,custeio,MG,120.7,32.0,0.288,81.17,11.34,4.18,4.877,101.75,0.3264
APP0001168,PRD000462,2025-04-16,5000,24,14.84,4303.3,custeio,MG,70.1,18.4,0.596,67.17,15.89,6.77,6.48,81.98,0.581
APP0001169,PRD000462,2026-10-21,26707.07,24,7.09,35072.31,comercializacao,MG,84.9,28.9,0.215,78.57,16.29,7.86,6.879,84.46,0.4444
APP0001170,PRD000462,2026-08-02,97986.59,24,11.26,72592.43,industrializacao,MG,189.9,23.5,0.218,76.25,16.48,7.96,6.926,83.04,0.4971
APP0001171,PRD000463,2024-07-09,20332.37,18,11.31,23455.46,industrializacao,BA,135.1,23.2,0.166,118.11,11.7,4.51,4.809,97.34,0.3761
APP0001172,PRD000463,2022-11-07,8563.21,12,9.9,8609.66,custeio,BA,155.7,25.3,0.142,105.85,11.17,4.25,4.99,99.15,0.3572
APP0001173,PRD000463,2026-04-02,46002.43,24,12.58,46860.36,industrializacao,BA,199.5,28.2,0.072,113.96,16.55,7.95,7.038,80.49,0.5517
APP0001174,PRD000464,2026-11-08,30882.76,12,17.21,47502.17,industrializacao,TO,160.9,33.5,0.008,122.67,16.32,7.8,6.864,85.41,0.5665
APP0001175,PRD000464,2024-06-18,46546.44,12,13.05,77811.5,industrializacao,TO,88.0,21.9,0.415,104.12,11.35,4.33,4.729,101.06,0.4657
APP0001176,PRD000465,2026-03-07,12260.01,12,17.87,9168.57,industrializacao,PI,181.0,29.3,0.187,176.25,16.55,7.88,7.004,81.6,0.3167
APP0001177,PRD000465,2022-12-20,46752.29,12,8.39,38856.33,investimento,PI,135.8,32.1,0.075,161.39,11.08,4.15,5.026,98.95,0.1534
APP0001178,PRD000466,2026-06-02,10115.46,12,9.4,10670.82,custeio,PR,65.0,32.0,0.278,151.52,16.47,8.03,6.961,81.3,0.3135
APP0001179,PRD000467,2025-03-05,29389.78,12,8.69,33068.65,comercializacao,SP,56.6,22.7,0.449,53.19,15.36,6.47,6.304,83.95,0.4129
APP0001180,PRD000467,2026-05-14,17849.09,12,12.32,15902.26,custeio,SP,79.2,31.0,0.236,67.8,16.46,8.05,6.992,80.92,0.4158
APP0001181,PRD000467,2022-03-09,18250.44,36,10.37,22594.95,comercializacao,SP,107.9,21.9,0.187,71.89,10.67,4.59,5.055,98.83,0.1899
APP0001182,PRD000467,2023-05-18,78304.17,36,15.51,71030.5,comercializacao,SP,208.9,30.7,0.254,68.17,11.32,3.99,4.959,101.0,0.2402
APP0001183,PRD000468,2024-12-20,67066.23,24,11.22,120184.66,comercializacao,MS,64.6,28.3,0.126,181.44,13.83,5.67,5.708,89.04,0.2137
APP0001184,PRD000468,2023-11-14,80271.19,24,12.83,109574.19,industrializacao,MS,157.3,20.3,0.156,186.12,11.34,4.18,4.877,101.75,0.2088
APP0001185,PRD000469,2025-10-22,20565.57,36,17.44,16504.7,custeio,PI,144.4,25.2,0.058,164.98,16.74,7.72,7.0,80.46,0.6345
APP0001186,PRD000470,2025-06-26,370979.93,12,17.44,567904.62,industrializacao,MS,76.1,19.3,0.486,147.9,16.84,7.51,6.986,80.33,0.516
APP0001187,PRD000471,2022-11-23,120386.03,12,16.0,173307.9,investimento,BA,155.7,25.3,0.142,105.85,11.17,4.25,4.99,99.15,0.2002
APP0001188,PRD000471,2026-07-08,24112.46,24,8.5,38119.89,industrializacao,BA,193.8,27.7,0.276,121.54,16.33,7.98,6.914,82.48,0.3801
APP0001189,PRD000471,2023-09-27,22513.64,12,8.74,18445.46,custeio,BA,165.1,24.3,0.173,119.14,11.49,4.14,4.898,102.79,0.2498
APP0001190,PRD000471,2024-08-22,50863.14,24,10.09,72313.64,custeio,BA,75.2,28.9,0.178,117.45,11.97,4.69,5.047,96.01,0.2524
APP0001191,PRD000472,2022-06-18,66135.77,18,10.72,61235.72,industrializacao,BA,168.5,18.5,0.149,120.97,10.82,4.51,5.065,99.4,0.1763
APP0001192,PRD000473,2025-09-10,72532.85,24,8.01,84120.77,custeio,MS,171.6,25.7,0.013,195.97,16.79,7.7,7.0,79.08,0.6305
APP0001193,PRD000473,2026-05-17,18654.65,36,11.64,17366.17,investimento,MS,122.0,19.7,0.28,175.36,16.46,8.05,6.992,80.92,0.7082
APP0001194,PRD000474,2022-04-24,27421.74,18,9.86,34316.21,investimento,GO,130.1,23.2,0.164,90.29,10.71,4.56,5.06,99.87,0.5467
APP0001195,PRD000474,2023-02-18,37079.87,12,14.42,31866.47,custeio,GO,84.4,23.3,0.055,88.79,11.2,3.98,4.998,100.89,0.568
APP0001196,PRD000474,2022-06-30,77091.92,36,8.27,58705.39,comercializacao,GO,213.2,23.8,0.232,91.8,10.82,4.51,5.065,99.4,0.6284
APP0001197,PRD000474,2024-10-21,75927.68,24,6.58,78811.34,industrializacao,GO,125.2,26.6,0.229,91.37,12.65,5.14,5.398,92.17,0.6557
APP0001198,PRD000475,2025-06-01,46119.26,12,10.53,59297.78,investimento,RS,141.9,31.4,0.328,80.37,16.84,7.51,6.986,80.33,0.5218
APP0001199,PRD000475,2023-12-24,18707.83,12,17.65,21326.1,comercializacao,RS,109.7,26.1,0.193,87.6,11.37,4.23,4.853,101.44,0.2842
APP0001200,PRD000475,2023-02-09,84189.03,36,8.36,142396.44,comercializacao,RS,130.4,25.4,0.259,82.87,11.2,3.98,4.998,100.89,0.2515
APP0001201,PRD000475,2023-10-23,45182.45,36,8.4,28161.17,comercializacao,RS,162.3,30.1,0.061,97.82,11.35,4.2,4.922,102.76,0.308
APP0001202,PRD000476,2023-09-12,49141.8,18,17.02,47118.73,investimento,RS,110.6,22.9,0.274,83.84,11.49,4.14,4.898,102.79,0.4834
APP0001203,PRD000476,2025-04-08,29838.93,18,13.41,36420.14,custeio,RS,118.7,33.7,0.627,82.09,15.89,6.77,6.48,81.98,0.6978
APP0001204,PRD000476,2025-03-23,23658.41,24,8.48,35530.09,comercializacao,RS,107.8,23.0,0.611,71.17,15.36,6.47,6.304,83.95,0.6834
APP0001205,PRD000476,2023-12-03,134458.29,24,12.47,107263.98,industrializacao,RS,109.7,26.1,0.193,87.6,11.37,4.23,4.853,101.44,0.4734
APP0001206,PRD000477,2024-09-02,16479.16,6,16.1,22017.15,investimento,PR,174.0,27.1,0.284,175.66,12.34,4.97,5.245,93.58,0.4811
APP0001207,PRD000477,2023-07-08,45287.59,24,13.18,49930.2,custeio,PR,130.7,30.3,0.199,168.08,11.39,4.11,4.951,102.57,0.4357
APP0001208,PRD000477,2023-08-11,61586.34,24,11.27,58234.85,industrializacao,PR,176.0,18.7,0.004,156.29,11.42,4.09,4.906,103.9,0.4198
APP0001209,PRD000478,2022-09-15,23087.23,6,9.04,35514.35,custeio,PR,84.9,27.6,0.187,159.83,11.12,4.39,5.008,98.34,0.354
APP0001210,PRD000478,2026-08-28,43863.76,6,14.31,34124.7,custeio,PR,118.7,26.2,0.298,165.42,16.48,7.96,6.926,83.04,0.6564
APP0001211,PRD000479,2024-03-22,27500.21,24,17.54,27332.75,custeio,GO,49.4,23.8,0.439,68.3,11.47,4.33,4.765,101.33,0.3872
APP0001212,PRD000479,2022-01-24,53363.63,12,17.06,83067.01,comercializacao,GO,217.9,27.4,0.018,79.71,10.46,4.45,5.045,98.92,0.2344
APP0001213,PRD000480,2024-07-07,59521.97,36,12.7,53023.87,comercializacao,MG,183.7,22.3,0.235,78.78,11.7,4.51,4.809,97.34,0.3576
APP0001214,PRD000480,2025-06-16,29903.65,24,15.56,46551.03,comercializacao,MG,65.3,24.4,0.706,59.99,16.84,7.51,6.986,80.33,0.6404
APP0001215,PRD000480,2022-02-10,58496.9,12,15.03,67737.54,industrializacao,MG,174.0,26.8,0.061,77.67,10.54,4.52,5.093,99.9,0.2946
APP0001216,PRD000481,2022-01-22,42049.02,6,14.59,57329.04,industrializacao,MS,71.3,27.3,0.29,203.82,10.46,4.45,5.045,98.92,0.3317
APP0001217,PRD000481,2024-04-12,26839.22,36,12.12,43223.0,comercializacao,MS,120.3,27.2,0.623,161.97,11.32,4.4,4.805,100.32,0.4381
APP0001218,PRD000481,2023-06-17,45698.07,18,8.52,41050.63,industrializacao,MS,121.0,31.9,0.045,181.33,11.43,4.08,4.974,101.38,0.3522
APP0001219,PRD000482,2026-01-22,49028.54,24,11.59,50814.24,investimento,TO,96.8,29.2,0.285,121.7,16.52,7.83,6.952,81.49,0.71
APP0001220,PRD000482,2025-06-27,55317.37,6,9.69,89857.87,investimento,TO,39.8,24.0,0.613,106.93,16.84,7.51,6.986,80.33,0.7403
APP0001221,PRD000483,2025-02-16,54166.63,12,9.35,84379.27,investimento,MS,102.1,22.6,0.541,147.66,14.99,6.26,6.101,85.95,0.3964
APP0001222,PRD000483,2023-05-20,10187.47,18,10.41,13802.86,investimento,MS,84.4,29.8,0.116,203.09,11.32,3.99,4.959,101.0,0.1693
APP0001223,PRD000483,2022-04-14,20558.84,18,7.67,16744.27,industrializacao,MS,174.7,24.2,0.188,174.88,10.71,4.56,5.06,99.87,0.213
APP0001224,PRD000483,2023-06-04,19843.29,24,8.31,17661.98,comercializacao,MS,121.0,31.9,0.045,181.33,11.43,4.08,4.974,101.38,0.2078
APP0001225,PRD000484,2024-03-29,15912.45,12,10.26,25183.43,custeio,GO,49.4,23.8,0.439,68.3,11.47,4.33,4.765,101.33,0.5967
APP0001226,PRD000485,2024-12-30,66817.23,18,8.25,111880.99,comercializacao,PI,114.9,18.4,0.042,189.0,13.83,5.67,5.708,89.04,0.1745
APP0001227,PRD000485,2023-11-30,31017.04,36,13.64,32431.51,custeio,PI,81.5,27.8,0.209,177.89,11.34,4.18,4.877,101.75,0.1733
APP0001228,PRD000485,2022-09-27,21965.16,6,17.33,33493.22,custeio,PI,212.5,31.7,0.158,159.05,11.12,4.39,5.008,98.34,0.1508
APP0001229,PRD000486,2022-02-13,16243.71,18,13.53,14695.91,custeio,PR,202.7,30.0,0.171,156.98,10.54,4.52,5.093,99.9,0.2154
APP0001230,PRD000486,2025-06-16,63063.35,18,14.46,102792.37,industrializacao,PR,74.2,20.8,0.424,136.75,16.84,7.51,6.986,80.33,0.4189
APP0001231,PRD000486,2024-03-14,32181.12,36,13.77,24385.34,investimento,PR,88.5,27.1,0.463,143.46,11.47,4.33,4.765,101.33,0.319
APP0001232,PRD000487,2022-09-04,53546.11,6,14.22,88197.4,industrializacao,SP,171.6,20.4,0.015,65.59,11.12,4.39,5.008,98.34,0.505
APP0001233,PRD000487,2023-05-02,73643.7,6,10.1,69740.15,industrializacao,SP,208.9,30.7,0.254,68.17,11.32,3.99,4.959,101.0,0.6061
APP0001234,PRD000487,2025-09-29,60861.14,24,16.59,58870.15,industrializacao,SP,85.7,31.0,0.16,65.69,16.79,7.7,7.0,79.08,0.7316
APP0001235,PRD000487,2024-10-31,32044.9,6,14.93,42295.26,custeio,SP,98.2,18.0,0.014,60.38,12.65,5.14,5.398,92.17,0.5425
APP0001236,PRD000488,2023-07-30,51514.23,12,12.88,37948.37,industrializacao,TO,69.5,25.3,0.087,129.63,11.39,4.11,4.951,102.57,0.2341
APP0001237,PRD000489,2022-07-01,40928.52,24,17.21,26803.89,custeio,GO,96.4,23.8,0.06,95.72,10.92,4.41,5.063,99.17,0.3317
APP0001238,PRD000489,2025-09-15,43825.9,24,15.23,54500.28,industrializacao,GO,114.0,33.9,0.056,84.69,16.79,7.7,7.0,79.08,0.4349
APP0001239,PRD000489,2022-01-25,35105.78,24,8.3,21138.35,custeio,GO,217.9,27.4,0.018,79.71,10.46,4.45,5.045,98.92,0.3163
APP0001240,PRD000490,2024-07-05,20171.73,12,10.54,18946.53,investimento,BA,135.1,23.2,0.166,118.11,11.7,4.51,4.809,97.34,0.5914
APP0001241,PRD000490,2024-12-28,6978.14,36,11.6,11591.87,comercializacao,BA,72.3,25.7,0.075,110.92,13.83,5.67,5.708,89.04,0.5582
APP0001242,PRD000490,2022-07-31,48890.49,18,13.49,41327.3,custeio,BA,152.3,18.7,0.019,119.59,10.92,4.41,5.063,99.17,0.5625
APP0001243,PRD000491,2025-03-01,11751.01,36,12.42,12942.89,comercializacao,MS,53.7,31.3,0.448,142.0,15.36,6.47,6.304,83.95,0.7828
APP0001244,PRD000491,2022-06-22,30963.2,6,10.54,41154.56,industrializacao,MS,130.8,26.1,0.024,204.01,10.82,4.51,5.065,99.4,0.5279
APP0001245,PRD000491,2023-05-25,29618.99,12,6.69,18922.0,comercializacao,MS,84.4,29.8,0.116,203.09,11.32,3.99,4.959,101.0,0.5776
APP0001246,PRD000492,2023-05-07,127037.83,24,15.64,79032.04,industrializacao,TO,122.3,21.0,0.2,143.7,11.32,3.99,4.959,101.0,0.4194
APP0001247,PRD000492,2024-09-12,61231.9,18,12.8,86211.9,custeio,TO,119.3,18.6,0.004,134.22,12.34,4.97,5.245,93.58,0.3573
APP0001248,PRD000493,2022-10-11,23754.55,6,17.96,22684.29,custeio,BA,212.3,25.8,0.069,121.38,11.13,4.34,5.037,97.77,0.5228
APP0001249,PRD000494,2025-03-09,80404.13,24,9.22,97449.99,industrializacao,TO,41.2,22.4,0.391,96.0,15.36,6.47,6.304,83.95,0.6093
APP0001250,PRD000494,2022-01-28,5015.32,18,9.36,4331.79,custeio,TO,205.0,28.5,0.03,129.37,10.46,4.45,5.045,98.92,0.357
APP0001251,PRD000495,2025-04-03,17271.73,12,13.57,23181.31,custeio,PR,45.8,18.3,0.762,144.92,15.89,6.77,6.48,81.98,0.5714
APP0001252,PRD000496,2022-08-06,29790.98,24,10.11,27579.41,investimento,PR,112.9,20.8,0.117,158.83,10.97,4.34,5.033,99.26,0.1813
APP0001253,PRD000496,2024-11-14,61894.58,18,7.65,82119.41,investimento,PR,135.2,26.7,0.136,181.55,13.13,5.44,5.596,90.86,0.2028
APP0001254,PRD000496,2023-11-21,43985.05,12,7.97,28362.7,comercializacao,PR,130.5,31.5,0.18,160.83,11.34,4.18,4.877,101.75,0.2415
APP0001255,PRD000497,2024-07-13,15482.59,18,12.46,22974.53,custeio,GO,84.2,31.0,0.201,85.12,11.7,4.51,4.809,97.34,0.3837
APP0001256,PRD000497,2024-11-23,64688.65,36,16.65,39742.56,industrializacao,GO,115.8,21.6,0.126,79.89,13.13,5.44,5.596,90.86,0.5038
APP0001257,PRD000497,2025-01-15,23291.84,36,12.86,35533.77,custeio,GO,88.5,32.4,0.511,64.5,14.32,6.06,5.846,87.46,0.6052
APP0001258,PRD000497,2026-06-26,22962.8,12,11.95,30627.75,comercializacao,GO,212.8,24.8,0.061,79.58,16.47,8.03,6.961,81.3,0.5521
APP0001259,PRD000498,2023-09-13,20886.3,18,14.48,16270.64,industrializacao,MT,71.2,30.0,0.205,119.07,11.49,4.14,4.898,102.79,0.4624
APP0001260,PRD000498,2023-01-27,54565.29,24,9.2,37768.53,investimento,MT,75.7,27.3,0.125,119.36,11.2,4.06,4.981,99.95,0.4665
APP0001261,PRD000498,2026-11-20,11538.8,12,10.87,12193.95,custeio,MT,103.8,19.2,0.048,126.75,16.32,7.8,6.864,85.41,0.5685
APP0001262,PRD000499,2026-06-02,53827.54,24,7.48,49329.34,custeio,MS,107.8,29.0,0.064,189.81,16.47,8.03,6.961,81.3,0.5448
APP0001263,PRD000499,2026-11-24,36724.63,6,16.05,57933.08,investimento,MS,196.4,27.9,0.257,202.99,16.32,7.8,6.864,85.41,0.4712
APP0001264,PRD000499,2026-02-11,17967.13,24,11.21,22686.27,comercializacao,MS,159.6,22.3,0.112,182.18,16.55,7.87,6.969,81.38,0.4863
APP0001265,PRD000500,2022-04-03,23948.28,6,8.78,16373.74,custeio,MT,144.7,22.9,0.225,120.16,10.71,4.56,5.06,99.87,0.4361
APP0001266,PRD000501,2022-06-25,51664.14,18,13.82,58583.06,custeio,GO,213.2,23.8,0.232,91.8,10.82,4.51,5.065,99.4,0.2852
APP0001267,PRD000501,2023-09-27,27760.81,18,11.26,35728.98,custeio,GO,218.6,21.7,0.276,92.24,11.49,4.14,4.898,102.79,0.2946
APP0001268,PRD000501,2023-08-30,56597.89,36,8.95,35438.04,comercializacao,GO,71.1,31.9,0.279,90.24,11.42,4.09,4.906,103.9,0.3409
APP0001269,PRD000502,2022-09-14,69768.94,24,14.84,44148.78,industrializacao,RS,62.1,29.4,0.146,92.89,11.12,4.39,5.008,98.34,0.235
APP0001270,PRD000502,2025-07-08,147641.93,36,11.67,195643.62,custeio,RS,172.1,29.0,0.241,89.15,16.76,7.58,6.979,80.98,0.3436
APP0001271,PRD000502,2026-03-12,30112.02,6,16.08,18678.66,industrializacao,RS,190.3,25.1,0.187,99.27,16.55,7.88,7.004,81.6,0.3777
APP0001272,PRD000502,2022-05-14,68027.77,18,12.12,118201.1,custeio,RS,198.5,25.8,0.087,91.74,10.73,4.53,5.077,99.68,0.1597
APP0001273,PRD000503,2022-02-24,48072.56,6,8.41,41872.7,comercializacao,GO,130.1,22.5,0.142,94.14,10.54,4.52,5.093,99.9,0.6025
APP0001274,PRD000504,2023-08-19,101789.33,36,9.95,129650.78,comercializacao,MG,200.0,23.5,0.006,78.37,11.42,4.09,4.906,103.9,0.3793
APP0001275,PRD000504,2024-11-07,25204.1,6,16.83,22576.51,custeio,MG,185.3,25.4,0.136,81.54,13.13,5.44,5.596,90.86,0.4899
APP0001276,PRD000504,2022-04-20,105134.37,24,6.55,72141.02,investimento,MG,202.0,31.0,0.112,76.56,10.71,4.56,5.06,99.87,0.432
APP0001277,PRD000504,2025-09-01,34100.52,18,13.35,53562.83,custeio,MG,66.5,33.7,0.254,71.49,16.79,7.7,7.0,79.08,0.6008
APP0001278,PRD000505,2024-12-16,58929.75,6,17.92,55019.08,custeio,RS,130.1,27.5,0.019,100.38,13.83,5.67,5.708,89.04,0.2724
APP0001279,PRD000505,2022-06-26,20792.66,24,9.71,18273.31,comercializacao,RS,213.6,31.8,0.072,97.71,10.82,4.51,5.065,99.4,0.1969
APP0001280,PRD000505,2025-09-21,42177.89,18,10.8,33493.9,custeio,RS,101.7,21.2,0.105,94.01,16.79,7.7,7.0,79.08,0.396
APP0001281,PRD000505,2024-09-10,21640.47,12,16.93,35744.02,comercializacao,RS,187.3,27.3,0.029,98.95,12.34,4.97,5.245,93.58,0.1558
APP0001282,PRD000506,2024-02-27,19183.46,6,17.51,25631.18,industrializacao,MS,40.8,23.9,0.554,171.47,11.51,4.24,4.804,101.19,0.352
APP0001283,PRD000506,2023-04-28,13403.12,36,16.49,20319.38,investimento,MS,111.9,30.7,0.284,182.73,11.38,4.0,4.932,99.91,0.2339
APP0001284,PRD000507,2024-11-03,35482.03,12,15.62,55853.85,industrializacao,PI,162.3,27.2,0.033,164.77,13.13,5.44,5.596,90.86,0.3413
APP0001285,PRD000507,2026-10-23,18205.96,36,8.26,21391.91,industrializacao,PI,125.3,29.2,0.297,170.99,16.29,7.86,6.879,84.46,0.5437
APP0001286,PRD000507,2025-09-21,24612.98,6,16.79,28992.27,industrializacao,PI,102.2,30.0,0.012,163.05,16.79,7.7,7.0,79.08,0.4643
APP0001287,PRD000508,2024-05-31,12506.17,6,11.99,10940.33,investimento,SP,135.4,21.1,0.649,54.77,11.35,4.3,4.766,101.07,0.5357
APP0001288,PRD000509,2024-03-06,70050.35,36,8.66,115743.45,industrializacao,MS,132.8,25.6,0.565,161.43,11.47,4.33,4.765,101.33,0.4204
APP0001289,PRD000510,2024-03-31,13610.65,36,11.65,9826.2,comercializacao,PI,140.5,21.9,0.456,160.24,11.47,4.33,4.765,101.33,0.5283
APP0001290,PRD000510,2026-10-01,130709.97,12,9.38,99180.68,custeio,PI,125.3,29.2,0.297,170.99,16.29,7.86,6.879,84.46,0.6332
APP0001291,PRD000510,2026-01-23,39856.47,36,17.6,41233.07,custeio,PI,67.6,23.9,0.169,179.05,16.52,7.83,6.952,81.49,0.5631
APP0001292,PRD000511,2024-03-08,104689.47,6,14.17,157014.85,comercializacao,SP,76.5,23.5,0.678,49.8,11.47,4.33,4.765,101.33,0.294
APP0001293,PRD000511,2022-05-25,87470.62,36,9.47,78973.21,custeio,SP,113.4,23.9,0.092,65.8,10.73,4.53,5.077,99.68,0.1758
APP0001294,PRD000512,2022-06-29,61915.12,12,14.03,51504.76,industrializacao,MS,130.8,26.1,0.024,204.01,10.82,4.51,5.065,99.4,0.4946
APP0001295,PRD000512,2026-09-01,40357.81,36,16.31,47367.38,investimento,MS,112.4,33.7,0.181,173.86,16.34,7.89,6.904,83.16,0.6711
APP0001296,PRD000513,2024-12-19,7403.24,24,17.41,6618.6,comercializacao,PR,125.9,21.2,0.101,181.05,13.83,5.67,5.708,89.04,0.4368
APP0001297,PRD000513,2023-10-12,50593.55,12,7.95,34716.59,investimento,PR,140.9,21.6,0.188,162.44,11.35,4.2,4.922,102.76,0.3843
APP0001298,PRD000513,2022-10-14,29817.32,24,10.92,40721.22,investimento,PR,173.6,32.4,0.093,182.74,11.13,4.34,5.037,97.77,0.3079
APP0001299,PRD000514,2022-11-15,20391.86,6,14.44,22912.99,investimento,MG,66.4,28.6,0.018,72.17,11.17,4.25,4.99,99.15,0.2408
APP0001300,PRD000515,2024-04-27,84432.28,6,16.12,65587.87,custeio,RS,41.7,21.6,0.671,66.52,11.32,4.4,4.805,100.32,0.3337
APP0001301,PRD000516,2025-09-10,18593.95,36,8.22,30944.89,industrializacao,PI,102.2,30.0,0.012,163.05,16.79,7.7,7.0,79.08,0.4307
APP0001302,PRD000516,2022-07-28,15448.29,36,16.23,19792.42,investimento,PI,148.4,18.6,0.141,168.71,10.92,4.41,5.063,99.17,0.3342
APP0001303,PRD000517,2023-10-04,11818.61,18,9.47,16788.96,investimento,MG,124.6,21.5,0.106,74.72,11.35,4.2,4.922,102.76,0.2155
APP0001304,PRD000517,2026-06-30,173454.48,36,11.5,127585.96,custeio,MG,93.7,33.9,0.049,71.01,16.47,8.03,6.961,81.3,0.4351
APP0001305,PRD000518,2023-09-26,59865.5,6,11.4,37665.57,custeio,BA,165.1,24.3,0.173,119.14,11.49,4.14,4.898,102.79,0.5058
APP0001306,PRD000519,2025-02-24,36298.19,18,10.15,36924.84,custeio,MT,67.2,33.4,0.643,101.28,14.99,6.26,6.101,85.95,0.3806
APP0001307,PRD000519,2026-04-28,49760.77,12,15.47,61542.92,custeio,MT,87.5,20.5,0.199,117.11,16.55,7.95,7.038,80.49,0.2854
APP0001308,PRD000519,2022-12-18,142992.17,12,6.68,211011.06,investimento,MT,124.0,18.1,0.249,127.72,11.08,4.15,5.026,98.95,0.1369
APP0001309,PRD000520,2022-12-11,19125.96,24,11.05,11991.69,comercializacao,SP,60.0,32.8,0.237,71.21,11.08,4.15,5.026,98.95,0.4601
APP0001310,PRD000520,2025-01-01,59458.82,18,10.46,79857.61,industrializacao,SP,96.4,30.5,0.592,60.74,14.32,6.06,5.846,87.46,0.6454
APP0001311,PRD000520,2026-01-17,17370.36,36,8.75,27735.15,comercializacao,SP,133.3,23.2,0.111,71.25,16.52,7.83,6.952,81.49,0.5893
APP0001312,PRD000520,2026-04-13,22374.84,12,9.43,25545.95,custeio,SP,182.6,27.5,0.142,66.68,16.55,7.95,7.038,80.49,0.6125
APP0001313,PRD000521,2024-09-08,116847.09,12,14.67,129797.93,industrializacao,PR,174.0,27.1,0.284,175.66,12.34,4.97,5.245,93.58,0.402
APP0001314,PRD000522,2026-11-03,32679.93,18,17.4,31045.81,investimento,GO,154.6,22.0,0.105,82.69,16.32,7.8,6.864,85.41,0.5619
APP0001315,PRD000522,2023-03-02,12812.67,12,6.87,22259.19,investimento,GO,178.3,33.2,0.267,85.75,11.34,4.05,4.953,99.59,0.3625
APP0001316,PRD000522,2025-07-10,14241.49,12,12.38,12358.85,investimento,GO,197.2,21.0,0.261,95.71,16.76,7.58,6.979,80.98,0.6357
APP0001317,PRD000522,2026-06-26,61387.43,12,7.46,83733.19,industrializacao,GO,212.8,24.8,0.061,79.58,16.47,8.03,6.961,81.3,0.5193
APP0001318,PRD000523,2025-01-20,28168.51,24,8.04,19066.25,custeio,MG,90.0,30.1,0.595,67.72,14.32,6.06,5.846,87.46,0.5523
APP0001319,PRD000523,2025-01-20,28511.14,6,11.52,41619.53,industrializacao,MG,90.0,30.1,0.595,67.72,14.32,6.06,5.846,87.46,0.4742
APP0001320,PRD000523,2026-04-10,152708.91,18,7.26,206103.08,comercializacao,MG,104.1,21.5,0.013,70.62,16.55,7.95,7.038,80.49,0.4511
APP0001321,PRD000524,2022-07-07,20267.86,18,14.67,15293.83,investimento,MG,209.6,26.8,0.246,78.43,10.92,4.41,5.063,99.17,0.1888
APP0001322,PRD000524,2025-11-14,10669.34,12,9.27,6891.79,investimento,MG,141.5,28.1,0.111,77.44,16.6,7.75,6.959,81.73,0.334
APP0001323,PRD000524,2022-01-06,51440.11,18,14.35,85009.23,investimento,MG,158.1,30.6,0.241,81.2,10.46,4.45,5.045,98.92,0.1414
APP0001324,PRD000525,2023-11-09,97673.74,24,15.33,75194.62,custeio,PR,130.5,31.5,0.18,160.83,11.34,4.18,4.877,101.75,0.2151
APP0001325,PRD000525,2026-11-06,112535.08,24,9.04,124512.44,industrializacao,PR,80.6,30.2,0.073,157.11,16.32,7.8,6.864,85.41,0.328
APP0001326,PRD000525,2025-06-07,25447.53,18,6.61,21569.57,comercializacao,PR,74.2,20.8,0.424,136.75,16.84,7.51,6.986,80.33,0.4612
APP0001327,PRD000525,2022-05-12,98285.89,24,11.0,127412.11,comercializacao,PR,67.2,21.4,0.137,157.4,10.73,4.53,5.077,99.68,0.1712
APP0001328,PRD000526,2025-02-05,13811.13,6,12.13,13247.48,industrializacao,GO,90.3,31.3,0.5,68.7,14.99,6.26,6.101,85.95,0.6367
APP0001329,PRD000526,2022-01-08,42970.36,6,10.62,42172.03,industrializacao,GO,217.9,27.4,0.018,79.71,10.46,4.45,5.045,98.92,0.3626
APP0001330,PRD000526,2025-12-15,23628.89,12,7.9,37894.8,comercializacao,GO,79.2,29.4,0.038,84.81,16.61,7.74,6.957,81.85,0.5066
APP0001331,PRD000527,2025-11-30,23892.16,36,17.26,23635.38,investimento,PI,148.0,32.3,0.041,156.31,16.6,7.75,6.959,81.73,0.3723
APP0001332,PRD000527,2024-07-22,63428.13,12,10.52,58684.72,comercializacao,PI,148.0,31.4,0.157,155.17,11.7,4.51,4.809,97.34,0.2234
APP0001333,PRD000528,2023-11-28,103139.23,36,10.69,157380.77,comercializacao,GO,93.4,18.8,0.132,82.2,11.34,4.18,4.877,101.75,0.1845
APP0001334,PRD000528,2023-10-17,36897.65,12,11.82,53315.23,investimento,GO,211.1,20.0,0.284,79.17,11.35,4.2,4.922,102.76,0.2054
APP0001335,PRD000529,2022-03-24,17254.39,12,6.73,29162.87,custeio,RS,200.8,30.1,0.216,98.17,10.67,4.59,5.055,98.83,0.2055
APP0001336,PRD000529,2025-12-18,71139.8,36,11.47,110916.0,comercializacao,RS,188.0,27.1,0.112,83.46,16.61,7.74,6.957,81.85,0.4065
APP0001337,PRD000529,2026-08-21,70950.78,12,10.73,102383.52,comercializacao,RS,66.7,18.9,0.295,90.96,16.48,7.96,6.926,83.04,0.4162
APP0001338,PRD000529,2025-09-15,79592.4,12,7.02,118094.64,industrializacao,RS,101.7,21.2,0.105,94.01,16.79,7.7,7.0,79.08,0.421
APP0001339,PRD000530,2025-05-12,98585.38,6,14.33,152048.76,investimento,PI,44.8,32.2,0.561,136.06,16.25,7.09,6.729,81.39,0.429
APP0001340,PRD000530,2022-02-07,118914.59,24,11.23,91725.39,comercializacao,PI,88.1,30.2,0.15,181.83,10.54,4.52,5.093,99.9,0.2337
APP0001341,PRD000530,2026-04-20,88524.75,18,17.63,113712.53,custeio,PI,120.1,30.5,0.089,173.73,16.55,7.95,7.038,80.49,0.3404
APP0001342,PRD000530,2026-06-23,5134.12,12,10.86,6294.56,custeio,PI,145.6,23.9,0.115,187.45,16.47,8.03,6.961,81.3,0.3701
APP0001343,PRD000531,2024-11-18,16795.96,6,7.99,20308.08,investimento,PR,135.2,26.7,0.136,181.55,13.13,5.44,5.596,90.86,0.3308
APP0001344,PRD000532,2025-11-07,30693.45,6,15.1,45322.78,industrializacao,PR,138.7,28.7,0.103,162.57,16.6,7.75,6.959,81.73,0.645
APP0001345,PRD000533,2024-08-13,24620.05,6,16.99,40070.63,industrializacao,RS,146.5,19.2,0.208,88.06,11.97,4.69,5.047,96.01,0.5217
APP0001346,PRD000533,2025-10-17,11161.06,36,10.7,15304.6,industrializacao,RS,75.0,22.1,0.264,83.3,16.74,7.72,7.0,80.46,0.7313
APP0001347,PRD000534,2025-01-23,60175.87,12,17.65,69857.8,custeio,RS,106.6,32.3,0.634,75.25,14.32,6.06,5.846,87.46,0.7171
APP0001348,PRD000535,2025-08-14,49607.24,36,16.27,85878.42,comercializacao,MS,199.0,21.6,0.017,193.18,16.68,7.68,6.994,80.38,0.4747
APP0001349,PRD000536,2023-10-03,21648.8,18,16.5,21035.02,custeio,PR,140.9,21.6,0.188,162.44,11.35,4.2,4.922,102.76,0.4528
APP0001350,PRD000536,2026-08-24,16510.79,24,13.86,28258.25,investimento,PR,118.7,26.2,0.298,165.42,16.48,7.96,6.926,83.04,0.6001
APP0001351,PRD000536,2026-08-28,22884.37,24,6.86,35708.74,comercializacao,PR,118.7,26.2,0.298,165.42,16.48,7.96,6.926,83.04,0.6146
APP0001352,PRD000537,2025-06-05,58542.26,36,15.02,67585.49,industrializacao,SP,91.0,31.4,0.617,53.12,16.84,7.51,6.986,80.33,0.8129
APP0001353,PRD000537,2023-10-06,27470.35,24,10.29,38436.29,custeio,SP,115.2,18.8,0.252,69.98,11.35,4.2,4.922,102.76,0.5275
APP0001354,PRD000538,2024-09-03,20785.71,6,12.12,36297.96,industrializacao,PR,174.0,27.1,0.284,175.66,12.34,4.97,5.245,93.58,0.2625
APP0001355,PRD000538,2026-07-10,58678.51,24,7.58,100073.09,investimento,PR,91.9,25.5,0.117,174.51,16.33,7.98,6.914,82.48,0.402
APP0001356,PRD000538,2023-10-10,66435.89,6,12.16,82481.6,investimento,PR,140.9,21.6,0.188,162.44,11.35,4.2,4.922,102.76,0.259
APP0001357,PRD000538,2022-11-01,8169.72,36,10.2,5035.69,industrializacao,PR,125.5,18.2,0.247,163.83,11.17,4.25,4.99,99.15,0.311
APP0001358,PRD000539,2022-09-24,92416.64,6,14.87,80314.68,investimento,GO,193.1,19.0,0.297,85.26,11.12,4.39,5.008,98.34,0.3291
APP0001359,PRD000539,2026-08-10,54958.41,12,8.32,48664.1,comercializacao,GO,108.0,19.2,0.213,90.42,16.48,7.96,6.926,83.04,0.5258
APP0001360,PRD000539,2026-07-15,9066.39,12,9.52,12946.5,investimento,GO,122.4,26.3,0.126,87.07,16.33,7.98,6.914,82.48,0.4447
APP0001361,PRD000540,2022-06-03,9194.06,18,16.69,11972.43,comercializacao,MS,130.8,26.1,0.024,204.01,10.82,4.51,5.065,99.4,0.3161
APP0001362,PRD000540,2024-01-24,24621.37,6,17.0,19169.11,custeio,MS,101.3,26.5,0.515,149.11,11.38,4.15,4.823,100.55,0.4895
APP0001363,PRD000540,2023-02-03,30862.25,18,12.98,48119.95,custeio,MS,117.3,31.0,0.111,178.89,11.2,3.98,4.998,100.89,0.2946
APP0001364,PRD000540,2026-04-18,12849.75,12,17.16,16916.42,investimento,MS,131.3,33.5,0.202,196.4,16.55,7.95,7.038,80.49,0.551
APP0001365,PRD000541,2025-10-18,160882.47,24,10.24,181011.98,investimento,GO,133.0,19.5,0.257,92.08,16.74,7.72,7.0,80.46,0.6413
APP0001366,PRD000541,2025-01-13,65857.68,6,10.69,62910.39,comercializacao,GO,88.5,32.4,0.511,64.5,14.32,6.06,5.846,87.46,0.6504
APP0001367,PRD000541,2023-06-10,27948.54,18,13.18,18481.42,investimento,GO,202.9,29.4,0.173,82.03,11.43,4.08,4.974,101.38,0.4804
APP0001368,PRD000541,2025-12-16,35977.21,36,15.72,35039.5,investimento,GO,79.2,29.4,0.038,84.81,16.61,7.74,6.957,81.85,0.6012
APP0001369,PRD000542,2024-09-26,47243.7,18,14.3,51650.21,investimento,PI,205.3,32.7,0.265,178.11,12.34,4.97,5.245,93.58,0.3974
APP0001370,PRD000542,2023-05-16,29154.78,12,17.4,32329.93,custeio,PI,66.5,24.2,0.284,176.44,11.32,3.99,4.959,101.0,0.3703
APP0001371,PRD000543,2025-11-05,8097.74,6,11.1,9308.3,industrializacao,PR,138.7,28.7,0.103,162.57,16.6,7.75,6.959,81.73,0.4488
APP0001372,PRD000543,2025-08-10,111213.12,6,17.5,157239.59,custeio,PR,195.7,22.0,0.034,182.92,16.68,7.68,6.994,80.38,0.3628
APP0001373,PRD000544,2023-06-02,27704.67,24,13.39,46345.93,industrializacao,MG,195.6,24.5,0.133,72.78,11.43,4.08,4.974,101.38,0.2573
APP0001374,PRD000544,2023-01-09,72956.99,12,14.39,109865.28,custeio,MG,116.6,21.8,0.007,79.57,11.2,4.06,4.981,99.95,0.2522
APP0001375,PRD000545,2025-03-29,43009.26,18,9.08,50598.71,industrializacao,PR,118.3,25.8,0.49,135.18,15.36,6.47,6.304,83.95,0.3418
APP0001376,PRD000545,2025-02-19,19916.81,12,14.0,22573.03,industrializacao,PR,119.0,28.3,0.522,153.27,14.99,6.26,6.101,85.95,0.3553
APP0001377,PRD000546,2024-10-02,72784.43,24,15.58,121462.43,custeio,PI,115.3,32.2,0.023,175.48,12.65,5.14,5.398,92.17,0.2652
APP0001378,PRD000546,2024-03-30,22026.06,36,16.05,32967.48,custeio,PI,140.5,21.9,0.456,160.24,11.47,4.33,4.765,101.33,0.3758
APP0001379,PRD000546,2025-03-27,76450.55,18,11.28,84317.58,comercializacao,PI,77.2,18.3,0.731,140.34,15.36,6.47,6.304,83.95,0.5825
APP0001380,PRD000547,2024-10-02,16161.45,24,15.91,25636.89,comercializacao,GO,125.2,26.6,0.229,91.37,12.65,5.14,5.398,92.17,0.3404
APP0001381,PRD000547,2024-06-20,10206.61,18,8.53,11770.65,industrializacao,GO,60.8,29.8,0.423,74.12,11.35,4.33,4.729,101.06,0.3868
APP0001382,PRD000547,2025-11-24,18443.75,36,9.5,20838.17,comercializacao,GO,128.2,18.4,0.163,80.38,16.6,7.75,6.959,81.73,0.4663
APP0001383,PRD000548,2023-10-14,34395.25,6,17.93,24203.69,industrializacao,RS,162.3,30.1,0.061,97.82,11.35,4.2,4.922,102.76,0.5015
APP0001384,PRD000548,2022-11-10,39117.33,36,7.2,51575.69,investimento,RS,157.1,31.9,0.2,82.96,11.17,4.25,4.99,99.15,0.4877
APP0001385,PRD000548,2024-04-01,47874.71,24,9.46,53861.74,investimento,RS,41.7,21.6,0.671,66.52,11.32,4.4,4.805,100.32,0.6154
APP0001386,PRD000548,2024-11-22,21004.24,36,12.43,32638.03,industrializacao,RS,216.2,31.1,0.067,87.1,13.13,5.44,5.596,90.86,0.4646
APP0001387,PRD000549,2026-11-17,42942.68,6,8.16,55789.41,custeio,PI,182.2,33.6,0.009,169.92,16.32,7.8,6.864,85.41,0.6019
APP0001388,PRD000549,2023-06-22,7367.34,12,17.8,10363.65,industrializacao,PI,119.8,22.6,0.262,161.14,11.43,4.08,4.974,101.38,0.4473
APP0001389,PRD000549,2025-05-21,8232.27,18,12.9,10099.01,custeio,PI,44.8,32.2,0.561,136.06,16.25,7.09,6.729,81.39,0.7417
APP0001390,PRD000549,2024-11-19,122775.12,24,16.53,88806.44,industrializacao,PI,162.3,27.2,0.033,164.77,13.13,5.44,5.596,90.86,0.5716
APP0001391,PRD000550,2024-08-23,18894.42,36,13.16,27933.73,industrializacao,SP,95.7,22.2,0.267,70.62,11.97,4.69,5.047,96.01,0.4665
APP0001392,PRD000551,2025-08-20,95046.49,6,10.27,64712.25,custeio,RS,89.3,23.0,0.053,90.05,16.68,7.68,6.994,80.38,0.3442
APP0001393,PRD000551,2022-04-15,85737.04,18,6.82,69612.7,investimento,RS,194.1,22.1,0.188,89.97,10.71,4.56,5.06,99.87,0.1998
APP0001394,PRD000552,2025-09-24,20954.04,12,14.59,28106.25,custeio,MG,66.5,33.7,0.254,71.49,16.79,7.7,7.0,79.08,0.3073
APP0001395,PRD000552,2024-08-21,22133.24,36,11.94,30501.97,comercializacao,MG,119.0,20.9,0.16,73.35,11.97,4.69,5.047,96.01,0.1522
APP0001396,PRD000552,2025-08-03,14412.08,18,13.34,21591.68,comercializacao,MG,201.9,32.0,0.023,75.03,16.68,7.68,6.994,80.38,0.2333
APP0001397,PRD000553,2026-08-30,62708.09,24,14.13,88829.04,comercializacao,RS,66.7,18.9,0.295,90.96,16.48,7.96,6.926,83.04,0.482
APP0001398,PRD000553,2025-10-02,45064.6,6,11.15,33149.83,investimento,RS,75.0,22.1,0.264,83.3,16.74,7.72,7.0,80.46,0.5613
APP0001399,PRD000553,2024-06-21,16452.61,36,15.32,27016.47,industrializacao,RS,58.4,26.3,0.472,80.6,11.35,4.33,4.729,101.06,0.3545
APP0001400,PRD000554,2024-02-16,43463.01,24,15.32,26328.07,comercializacao,MT,114.1,23.9,0.55,90.07,11.51,4.24,4.804,101.19,0.3472
APP0001401,PRD000554,2024-10-13,245383.91,24,9.96,340779.13,comercializacao,MT,137.1,25.7,0.114,125.44,12.65,5.14,5.398,92.17,0.2225
APP0001402,PRD000554,2025-06-14,68478.64,6,9.66,89424.68,custeio,MT,121.2,19.2,0.561,100.71,16.84,7.51,6.986,80.33,0.4573
APP0001403,PRD000554,2026-06-21,25024.69,18,14.95,35249.99,comercializacao,MT,193.5,23.9,0.092,126.84,16.47,8.03,6.961,81.3,0.298
APP0001404,PRD000555,2022-02-24,44845.03,24,8.9,40814.56,comercializacao,MT,139.8,26.5,0.051,118.67,10.54,4.52,5.093,99.9,0.5123
APP0001405,PRD000555,2022-10-25,117075.67,6,17.56,105408.19,comercializacao,MT,169.9,28.1,0.191,121.4,11.13,4.34,5.037,97.77,0.5426
APP0001406,PRD000555,2025-05-06,22998.15,12,10.61,29719.36,investimento,MT,70.5,21.3,0.55,96.75,16.25,7.09,6.729,81.39,0.7724
APP0001407,PRD000556,2026-01-21,77986.23,36,6.6,117855.25,investimento,MT,197.9,23.5,0.206,129.17,16.52,7.83,6.952,81.49,0.5898
APP0001408,PRD000556,2025-09-06,70897.63,18,13.59,123214.78,investimento,MT,125.1,22.3,0.189,117.18,16.79,7.7,7.0,79.08,0.5503
APP0001409,PRD000556,2022-01-18,25872.95,36,16.0,41064.59,industrializacao,MT,149.2,23.5,0.096,129.17,10.46,4.45,5.045,98.92,0.3555
APP0001410,PRD000556,2026-06-10,39083.27,36,8.12,26462.71,comercializacao,MT,193.5,23.9,0.092,126.84,16.47,8.03,6.961,81.3,0.6145
APP0001411,PRD000557,2025-10-30,10529.24,18,11.64,11202.22,investimento,RS,75.0,22.1,0.264,83.3,16.74,7.72,7.0,80.46,0.5639
APP0001412,PRD000557,2024-09-13,30399.74,24,10.36,19969.69,investimento,RS,187.3,27.3,0.029,98.95,12.34,4.97,5.245,93.58,0.374
APP0001413,PRD000557,2023-01-06,16810.04,24,13.63,20241.58,industrializacao,RS,173.5,27.7,0.245,95.31,11.2,4.06,4.981,99.95,0.3732
APP0001414,PRD000557,2025-04-22,89644.76,18,10.29,81538.98,comercializacao,RS,118.7,33.7,0.627,82.09,15.89,6.77,6.48,81.98,0.6401
APP0001415,PRD000558,2022-08-25,12661.72,6,14.45,22222.25,industrializacao,PR,112.9,20.8,0.117,158.83,10.97,4.34,5.033,99.26,0.3775
APP0001416,PRD000559,2025-09-20,42160.33,12,12.43,26673.09,comercializacao,MT,125.1,22.3,0.189,117.18,16.79,7.7,7.0,79.08,0.7596
APP0001417,PRD000559,2023-08-27,34929.35,18,11.18,59566.64,comercializacao,MT,188.6,31.4,0.262,131.26,11.42,4.09,4.906,103.9,0.5074
APP0001418,PRD000559,2024-04-03,20423.14,12,16.48,13775.88,industrializacao,MT,85.8,22.1,0.388,97.09,11.32,4.4,4.805,100.32,0.6824
APP0001419,PRD000560,2025-09-08,27231.45,36,6.85,26667.41,industrializacao,GO,114.0,33.9,0.056,84.69,16.79,7.7,7.0,79.08,0.483
APP0001420,PRD000561,2024-07-09,47372.64,12,7.11,76004.48,investimento,PI,148.0,31.4,0.157,155.17,11.7,4.51,4.809,97.34,0.26
APP0001421,PRD000561,2026-07-14,164707.95,24,7.28,180623.29,comercializacao,PI,76.5,18.3,0.15,165.37,16.33,7.98,6.914,82.48,0.4744
APP0001422,PRD000562,2024-07-24,79896.0,12,16.41,124618.66,custeio,MT,153.3,20.4,0.004,118.04,11.7,4.51,4.809,97.34,0.4819
APP0001423,PRD000562,2022-01-30,33655.13,36,16.9,41984.89,industrializacao,MT,149.2,23.5,0.096,129.17,10.46,4.45,5.045,98.92,0.5236
APP0001424,PRD000562,2024-05-02,17472.67,36,10.31,18898.58,industrializacao,MT,97.6,29.4,0.535,107.72,11.35,4.3,4.766,101.07,0.6645
APP0001425,PRD000563,2022-06-13,37509.04,36,14.33,30428.26,investimento,MS,130.8,26.1,0.024,204.01,10.82,4.51,5.065,99.4,0.2343
APP0001426,PRD000563,2025-01-11,24542.29,18,16.09,32792.02,comercializacao,MS,85.5,24.1,0.438,143.66,14.32,6.06,5.846,87.46,0.3937
APP0001427,PRD000563,2022-11-17,123114.59,6,10.28,80436.57,investimento,MS,204.4,19.0,0.227,183.73,11.17,4.25,4.99,99.15,0.2594
APP0001428,PRD000564,2022-07-06,186655.18,12,8.91,147683.54,industrializacao,PR,204.1,19.9,0.087,181.54,10.92,4.41,5.063,99.17,0.5085
APP0001429,PRD000564,2023-08-24,14489.73,24,12.77,11061.76,comercializacao,PR,176.0,18.7,0.004,156.29,11.42,4.09,4.906,103.9,0.4868
APP0001430,PRD000564,2023-01-17,33391.05,24,17.79,48979.67,industrializacao,PR,80.6,29.0,0.021,155.0,11.2,4.06,4.981,99.95,0.4563
APP0001431,PRD000564,2026-08-30,14150.29,12,9.56,19243.75,comercializacao,PR,118.7,26.2,0.298,165.42,16.48,7.96,6.926,83.04,0.6866
APP0001432,PRD000565,2023-05-13,24909.15,12,17.47,18803.38,industrializacao,RS,117.4,28.9,0.106,99.82,11.32,3.99,4.959,101.0,0.2505
APP0001433,PRD000565,2024-10-20,85002.43,6,9.43,72724.56,industrializacao,RS,145.7,19.7,0.248,86.35,12.65,5.14,5.398,92.17,0.3064
APP0001434,PRD000565,2023-03-24,29632.61,12,8.46,30025.81,industrializacao,RS,179.1,24.9,0.272,86.13,11.34,4.05,4.953,99.59,0.2619
APP0001435,PRD000565,2022-02-16,26687.24,18,6.98,39288.56,comercializacao,RS,97.1,25.0,0.247,92.07,10.54,4.52,5.093,99.9,0.2022
APP0001436,PRD000566,2024-12-03,71428.42,12,17.78,111065.23,industrializacao,MS,64.6,28.3,0.126,181.44,13.83,5.67,5.708,89.04,0.2147
APP0001437,PRD000566,2025-08-22,111889.76,18,15.57,123704.31,comercializacao,MS,199.0,21.6,0.017,193.18,16.68,7.68,6.994,80.38,0.3575
APP0001438,PRD000566,2024-03-29,92907.64,36,11.0,143461.01,industrializacao,MS,132.8,25.6,0.565,161.43,11.47,4.33,4.765,101.33,0.2571
APP0001439,PRD000566,2025-05-31,14408.87,18,15.08,16101.64,investimento,MS,90.7,32.8,0.36,137.91,16.25,7.09,6.729,81.39,0.4349
APP0001440,PRD000567,2025-12-28,39771.78,36,11.85,56768.89,industrializacao,PI,175.8,18.9,0.2,170.25,16.61,7.74,6.957,81.85,0.5957
APP0001441,PRD000567,2025-06-13,22566.83,36,14.29,21096.76,comercializacao,PI,110.2,19.2,0.633,129.81,16.84,7.51,6.986,80.33,0.7494
APP0001442,PRD000568,2025-07-26,40612.18,6,7.48,70375.45,investimento,MS,171.1,26.8,0.027,175.43,16.76,7.58,6.979,80.98,0.6575
APP0001443,PRD000569,2023-05-10,67045.77,6,16.47,70472.17,investimento,SP,208.9,30.7,0.254,68.17,11.32,3.99,4.959,101.0,0.5704
APP0001444,PRD000570,2023-10-19,119108.2,6,6.94,167750.83,comercializacao,SP,115.2,18.8,0.252,69.98,11.35,4.2,4.922,102.76,0.5418
APP0001445,PRD000571,2023-02-28,25252.16,12,10.25,29041.53,industrializacao,GO,84.4,23.3,0.055,88.79,11.2,3.98,4.998,100.89,0.2704
APP0001446,PRD000571,2026-04-20,91299.31,24,14.09,95107.32,comercializacao,GO,146.3,29.1,0.299,81.65,16.55,7.95,7.038,80.49,0.5387
APP0001447,PRD000572,2024-10-10,26028.56,36,10.76,27106.49,comercializacao,MS,107.3,19.0,0.265,187.21,12.65,5.14,5.398,92.17,0.5476
APP0001448,PRD000572,2025-08-21,13872.41,12,12.98,18836.65,comercializacao,MS,199.0,21.6,0.017,193.18,16.68,7.68,6.994,80.38,0.6393
APP0001449,PRD000572,2026-09-16,26451.27,12,13.68,45773.17,investimento,MS,112.4,33.7,0.181,173.86,16.34,7.89,6.904,83.16,0.6059
APP0001450,PRD000573,2022-10-21,29906.25,36,13.92,35909.88,custeio,PR,173.6,32.4,0.093,182.74,11.13,4.34,5.037,97.77,0.2186
APP0001451,PRD000573,2024-03-18,45613.76,6,13.52,66218.36,comercializacao,PR,88.5,27.1,0.463,143.46,11.47,4.33,4.765,101.33,0.3118
APP0001452,PRD000573,2023-08-29,27908.91,12,6.96,43766.74,industrializacao,PR,176.0,18.7,0.004,156.29,11.42,4.09,4.906,103.9,0.1768
APP0001453,PRD000574,2023-02-19,39816.08,6,8.67,58710.33,investimento,BA,146.8,23.8,0.13,115.79,11.2,3.98,4.998,100.89,0.4484
APP0001454,PRD000574,2022-12-19,50901.39,12,14.99,47919.39,custeio,BA,148.2,20.3,0.221,110.0,11.08,4.15,5.026,98.95,0.5631
APP0001455,PRD000574,2026-02-17,70627.73,24,9.19,96956.54,custeio,BA,123.1,21.1,0.218,110.61,16.55,7.87,6.969,81.38,0.6984
APP0001456,PRD000574,2025-03-25,23967.47,6,15.96,40299.24,investimento,BA,90.6,30.7,0.538,96.08,15.36,6.47,6.304,83.95,0.7018
APP0001457,PRD000575,2025-04-08,50001.63,18,17.14,58709.09,custeio,PI,93.0,19.5,0.713,149.27,15.89,6.77,6.48,81.98,0.6067
APP0001458,PRD000575,2022-10-07,120177.33,12,10.24,130748.56,custeio,PI,208.5,31.8,0.076,172.9,11.13,4.34,5.037,97.77,0.285
APP0001459,PRD000575,2023-09-12,123556.86,12,9.51,148615.11,custeio,PI,213.6,26.5,0.275,155.5,11.49,4.14,4.898,102.79,0.3468
APP0001460,PRD000576,2023-03-15,56396.08,24,14.46,94237.43,industrializacao,MT,63.7,27.8,0.05,124.39,11.34,4.05,4.953,99.59,0.2265
APP0001461,PRD000576,2022-06-28,20597.12,12,7.83,15237.68,investimento,MT,105.4,29.9,0.297,118.31,10.82,4.51,5.065,99.4,0.3478
APP0001462,PRD000577,2024-10-26,17391.41,6,9.83,28368.12,investimento,PR,134.1,31.8,0.238,163.75,12.65,5.14,5.398,92.17,0.4721
APP0001463,PRD000577,2025-06-19,39675.89,36,12.77,48958.07,industrializacao,PR,74.2,20.8,0.424,136.75,16.84,7.51,6.986,80.33,0.7314
APP0001464,PRD000578,2022-11-20,10208.9,36,6.92,8012.92,investimento,PI,178.2,22.2,0.22,187.81,11.17,4.25,4.99,99.15,0.1835
APP0001465,PRD000578,2023-10-20,25942.82,12,7.58,45423.83,industrializacao,PI,98.6,29.2,0.156,183.28,11.35,4.2,4.922,102.76,0.1381
APP0001466,PRD000578,2026-11-02,50946.81,18,17.7,74067.99,custeio,PI,182.2,33.6,0.009,169.92,16.32,7.8,6.864,85.41,0.2365
APP0001467,PRD000579,2022-06-24,37636.62,18,6.91,59306.6,investimento,SP,123.4,21.4,0.129,62.48,10.82,4.51,5.065,99.4,0.2467
APP0001468,PRD000579,2022-11-22,21731.49,6,17.52,15036.8,industrializacao,SP,86.4,23.0,0.03,72.52,11.17,4.25,4.99,99.15,0.311
APP0001469,PRD000579,2026-04-26,30975.68,24,11.72,46505.49,industrializacao,SP,182.6,27.5,0.142,66.68,16.55,7.95,7.038,80.49,0.4196
APP0001470,PRD000579,2026-08-18,18697.5,6,11.04,29958.96,custeio,SP,216.0,23.8,0.149,69.12,16.48,7.96,6.926,83.04,0.4182
APP0001471,PRD000580,2025-08-28,120311.93,24,17.73,212381.04,industrializacao,RS,89.3,23.0,0.053,90.05,16.68,7.68,6.994,80.38,0.4208
APP0001472,PRD000581,2022-05-04,16405.48,6,6.66,21533.33,industrializacao,TO,89.6,32.7,0.21,121.46,10.73,4.53,5.077,99.68,0.511
APP0001473,PRD000581,2023-05-18,64506.26,12,9.01,74405.07,custeio,TO,122.3,21.0,0.2,143.7,11.32,3.99,4.959,101.0,0.56
APP0001474,PRD000582,2026-05-20,10014.31,6,9.66,6592.09,investimento,RS,86.8,19.6,0.058,85.02,16.46,8.05,6.992,80.92,0.6534
APP0001475,PRD000583,2026-09-26,22501.03,24,9.87,37307.2,investimento,PR,115.4,22.2,0.058,160.62,16.34,7.89,6.904,83.16,0.3753
APP0001476,PRD000583,2025-06-30,67598.59,24,10.35,99954.66,industrializacao,PR,74.2,20.8,0.424,136.75,16.84,7.51,6.986,80.33,0.5069
APP0001477,PRD000584,2022-10-19,49270.74,36,16.14,37921.12,comercializacao,MT,169.9,28.1,0.191,121.4,11.13,4.34,5.037,97.77,0.4091
APP0001478,PRD000584,2026-11-18,8955.14,6,16.78,15633.69,investimento,MT,103.8,19.2,0.048,126.75,16.32,7.8,6.864,85.41,0.4523
APP0001479,PRD000585,2024-11-29,17668.06,36,16.95,22215.2,industrializacao,MT,93.0,20.4,0.183,126.89,13.13,5.44,5.596,90.86,0.3042
APP0001480,PRD000585,2025-02-26,64853.56,12,12.62,41444.66,industrializacao,MT,67.2,33.4,0.643,101.28,14.99,6.26,6.101,85.95,0.5533
APP0001481,PRD000585,2023-06-07,30513.49,24,11.34,47585.05,industrializacao,MT,92.0,20.1,0.019,109.96,11.43,4.08,4.974,101.38,0.1878
APP0001482,PRD000586,2022-07-21,27205.05,6,8.0,29392.06,comercializacao,BA,152.3,18.7,0.019,119.59,10.92,4.41,5.063,99.17,0.4679
APP0001483,PRD000586,2025-03-23,31825.36,6,9.49,38701.63,custeio,BA,90.6,30.7,0.538,96.08,15.36,6.47,6.304,83.95,0.7096
APP0001484,PRD000586,2023-07-06,25130.5,24,8.55,18478.15,investimento,BA,60.6,33.0,0.199,105.87,11.39,4.11,4.951,102.57,0.5452
APP0001485,PRD000587,2022-05-29,30013.96,6,10.03,51051.33,industrializacao,MT,153.6,28.0,0.169,119.29,10.73,4.53,5.077,99.68,0.1871
APP0001486,PRD000588,2022-07-02,37309.2,6,15.5,37683.57,comercializacao,TO,125.3,28.9,0.263,133.93,10.92,4.41,5.063,99.17,0.4311
APP0001487,PRD000589,2023-12-20,71828.49,24,12.26,64369.7,comercializacao,PR,110.8,19.8,0.02,168.56,11.37,4.23,4.853,101.44,0.181
APP0001488,PRD000589,2026-10-06,16839.82,6,8.78,27831.88,comercializacao,PR,167.5,30.9,0.274,180.1,16.29,7.86,6.879,84.46,0.259
APP0001489,PRD000589,2023-07-30,25864.54,24,6.83,22684.26,custeio,PR,130.7,30.3,0.199,168.08,11.39,4.11,4.951,102.57,0.1683
APP0001490,PRD000589,2024-04-27,45634.96,24,15.42,79758.66,industrializacao,PR,65.0,33.7,0.667,131.06,11.32,4.4,4.805,100.32,0.2125
APP0001491,PRD000590,2023-07-01,83206.18,24,15.05,130093.35,investimento,MT,169.4,25.1,0.073,113.5,11.39,4.11,4.951,102.57,0.3575
APP0001492,PRD000590,2024-12-31,15534.32,6,17.34,15376.07,industrializacao,MT,139.8,27.1,0.192,109.5,13.83,5.67,5.708,89.04,0.5074
APP0001493,PRD000590,2022-02-13,8007.88,36,13.1,8709.89,comercializacao,MT,139.8,26.5,0.051,118.67,10.54,4.52,5.093,99.9,0.3918
APP0001494,PRD000590,2022-03-09,38727.68,24,15.74,59983.94,custeio,MT,151.4,19.3,0.146,133.11,10.67,4.59,5.055,98.83,0.3886
APP0001495,PRD000591,2023-07-18,116759.93,36,9.63,192178.22,industrializacao,GO,76.1,26.5,0.283,79.42,11.39,4.11,4.951,102.57,0.3257
APP0001496,PRD000591,2022-03-11,11543.01,24,17.17,11506.81,comercializacao,GO,177.2,31.2,0.262,89.05,10.67,4.59,5.055,98.83,0.3512
APP0001497,PRD000592,2023-09-17,103994.53,18,9.43,138902.17,comercializacao,PI,213.6,26.5,0.275,155.5,11.49,4.14,4.898,102.79,0.3777
APP0001498,PRD000593,2022-10-11,70183.99,18,16.21,53095.36,custeio,TO,158.6,32.2,0.212,125.45,11.13,4.34,5.037,97.77,0.438
APP0001499,PRD000593,2026-03-01,50075.08,24,8.85,48434.6,comercializacao,TO,80.2,32.5,0.153,134.73,16.55,7.88,7.004,81.6,0.5889
APP0001500,PRD000593,2025-04-13,19320.73,6,15.89,28090.77,investimento,TO,52.8,25.4,0.681,97.32,15.89,6.77,6.48,81.98,0.6868
APP0001501,PRD000594,2026-01-11,31532.2,6,7.94,45864.32,comercializacao,RS,139.7,26.6,0.293,83.96,16.52,7.83,6.952,81.49,0.6689
APP0001502,PRD000594,2022-06-03,55762.07,18,16.55,85529.16,comercializacao,RS,213.6,31.8,0.072,97.71,10.82,4.51,5.065,99.4,0.4325
APP0001503,PRD000594,2025-02-19,13437.31,18,8.5,19440.25,investimento,RS,65.2,32.3,0.335,75.36,14.99,6.26,6.101,85.95,0.6721
APP0001504,PRD000594,2026-05-04,92899.45,12,12.06,130932.81,comercializacao,RS,86.8,19.6,0.058,85.02,16.46,8.05,6.992,80.92,0.6374
APP0001505,PRD000595,2025-09-10,6545.45,6,14.08,4306.47,comercializacao,TO,217.5,32.2,0.047,145.03,16.79,7.7,7.0,79.08,0.5805
APP0001506,PRD000595,2024-07-23,117240.63,6,10.43,149181.8,custeio,TO,81.9,24.6,0.013,131.04,11.7,4.51,4.809,97.34,0.3332
APP0001507,PRD000595,2026-09-08,598080.35,24,17.54,843390.74,comercializacao,TO,73.4,20.6,0.223,135.53,16.34,7.89,6.904,83.16,0.5622
APP0001508,PRD000595,2022-01-05,34888.61,6,17.87,25926.16,industrializacao,TO,205.0,28.5,0.03,129.37,10.46,4.45,5.045,98.92,0.3362
APP0001509,PRD000596,2022-07-31,8352.57,24,10.68,8052.86,comercializacao,BA,152.3,18.7,0.019,119.59,10.92,4.41,5.063,99.17,0.3466
APP0001510,PRD000597,2023-03-12,35789.71,24,17.66,45505.95,industrializacao,RS,179.1,24.9,0.272,86.13,11.34,4.05,4.953,99.59,0.4314
APP0001511,PRD000597,2024-07-27,39913.76,12,10.42,32214.33,investimento,RS,118.2,30.8,0.129,88.85,11.7,4.51,4.809,97.34,0.4231
APP0001512,PRD000597,2022-06-27,128281.96,36,16.03,161727.85,investimento,RS,213.6,31.8,0.072,97.71,10.82,4.51,5.065,99.4,0.3746
APP0001513,PRD000597,2025-04-14,13082.02,24,11.24,8155.78,comercializacao,RS,118.7,33.7,0.627,82.09,15.89,6.77,6.48,81.98,0.7231
APP0001514,PRD000598,2026-08-25,33041.51,24,15.22,46336.22,custeio,PR,118.7,26.2,0.298,165.42,16.48,7.96,6.926,83.04,0.2848
APP0001515,PRD000598,2022-01-29,28983.03,36,16.19,18126.28,investimento,PR,106.0,28.9,0.017,179.08,10.46,4.45,5.045,98.92,0.1726
APP0001516,PRD000599,2024-12-16,75150.4,24,17.07,108671.87,investimento,MS,64.6,28.3,0.126,181.44,13.83,5.67,5.708,89.04,0.1723
APP0001517,PRD000600,2022-03-16,35914.41,6,13.06,59875.15,comercializacao,GO,177.2,31.2,0.262,89.05,10.67,4.59,5.055,98.83,0.3774
APP0001518,PRD000600,2024-10-30,25053.84,24,12.15,24186.03,industrializacao,GO,125.2,26.6,0.229,91.37,12.65,5.14,5.398,92.17,0.5196
APP0001519,PRD000601,2023-12-13,11479.97,18,14.24,10594.01,comercializacao,PI,162.3,33.9,0.087,161.76,11.37,4.23,4.853,101.44,0.5179
APP0001520,PRD000601,2024-08-22,23262.37,6,15.39,28189.28,industrializacao,PI,161.9,26.0,0.219,183.02,11.97,4.69,5.047,96.01,0.5165
APP0001521,PRD000601,2024-09-03,11803.64,12,7.2,13278.58,investimento,PI,205.3,32.7,0.265,178.11,12.34,4.97,5.245,93.58,0.5609
APP0001522,PRD000601,2026-09-27,97858.68,18,10.47,170629.96,industrializacao,PI,107.1,20.3,0.291,168.62,16.34,7.89,6.904,83.16,0.6459
APP0001523,PRD000602,2024-08-03,250924.54,6,14.92,218936.77,comercializacao,MS,159.3,27.0,0.235,203.36,11.97,4.69,5.047,96.01,0.5243
APP0001524,PRD000603,2024-08-10,27889.49,6,7.94,40431.62,custeio,SP,95.7,22.2,0.267,70.62,11.97,4.69,5.047,96.01,0.3842
APP0001525,PRD000603,2024-01-04,5886.96,24,13.41,5007.68,industrializacao,SP,58.1,31.9,0.416,47.41,11.38,4.15,4.823,100.55,0.5337
APP0001526,PRD000603,2023-06-13,12230.84,18,14.52,9677.15,investimento,SP,172.5,18.6,0.018,70.92,11.43,4.08,4.974,101.38,0.4134
APP0001527,PRD000604,2022-10-14,85510.79,12,8.64,128360.1,custeio,BA,212.3,25.8,0.069,121.38,11.13,4.34,5.037,97.77,0.4055
APP0001528,PRD000604,2026-01-09,30713.66,6,6.58,43966.96,investimento,BA,210.0,31.2,0.122,119.2,16.52,7.83,6.952,81.49,0.6196
APP0001529,PRD000604,2022-03-11,17466.65,18,8.77,15368.31,custeio,BA,207.1,29.9,0.205,102.82,10.67,4.59,5.055,98.83,0.4363
APP0001530,PRD000604,2025-07-18,169837.9,36,8.92,159157.97,custeio,BA,66.4,21.2,0.09,119.07,16.76,7.58,6.979,80.98,0.6401
APP0001531,PRD000605,2025-01-26,43262.93,24,9.02,31202.66,comercializacao,TO,124.0,21.5,0.609,100.89,14.32,6.06,5.846,87.46,0.8036
APP0001532,PRD000605,2024-09-04,153148.45,24,12.71,256121.56,industrializacao,TO,119.3,18.6,0.004,134.22,12.34,4.97,5.245,93.58,0.5213
APP0001533,PRD000605,2023-08-29,19749.94,18,9.98,31568.27,comercializacao,TO,104.7,24.8,0.004,139.45,11.42,4.09,4.906,103.9,0.4636
APP0001534,PRD000605,2025-01-09,76566.09,12,11.5,48706.82,investimento,TO,124.0,21.5,0.609,100.89,14.32,6.06,5.846,87.46,0.8089
APP0001535,PRD000606,2025-08-19,29496.68,36,8.85,43389.42,investimento,PI,137.6,30.2,0.193,159.63,16.68,7.68,6.994,80.38,0.6697
APP0001536,PRD000606,2022-03-19,17942.79,36,11.89,30494.63,investimento,PI,141.1,25.5,0.013,156.4,10.67,4.59,5.055,98.83,0.3878
APP0001537,PRD000607,2022-06-14,11706.51,18,15.21,18603.16,comercializacao,MG,148.1,24.3,0.02,83.14,10.82,4.51,5.065,99.4,0.1898
APP0001538,PRD000607,2026-06-23,29589.73,6,7.97,18168.69,industrializacao,MG,93.7,33.9,0.049,71.01,16.47,8.03,6.961,81.3,0.4191
APP0001539,PRD000608,2024-04-05,47020.68,18,12.18,54790.26,industrializacao,PR,65.0,33.7,0.667,131.06,11.32,4.4,4.805,100.32,0.5634
APP0001540,PRD000609,2022-10-19,41245.57,36,7.52,60913.76,comercializacao,GO,213.6,32.0,0.098,88.16,11.13,4.34,5.037,97.77,0.3648
APP0001541,PRD000609,2026-10-21,34543.32,6,10.24,44186.97,industrializacao,GO,215.5,33.6,0.294,85.57,16.29,7.86,6.879,84.46,0.6206
APP0001542,PRD000610,2023-04-12,43408.93,18,17.04,41101.16,comercializacao,BA,141.0,31.8,0.188,115.72,11.38,4.0,4.932,99.91,0.202
APP0001543,PRD000610,2023-08-09,29518.31,18,8.78,34356.84,investimento,BA,113.6,19.9,0.22,120.21,11.42,4.09,4.906,103.9,0.1937
APP0001544,PRD000610,2022-03-06,6894.87,24,17.31,7282.38,investimento,BA,207.1,29.9,0.205,102.82,10.67,4.59,5.055,98.83,0.1812
APP0001545,PRD000610,2023-12-20,93255.12,24,8.86,134788.36,investimento,BA,109.0,30.1,0.091,106.88,11.37,4.23,4.853,101.44,0.1605
APP0001546,PRD000611,2024-10-31,31221.61,36,17.77,34696.62,custeio,BA,175.9,22.1,0.035,113.85,12.65,5.14,5.398,92.17,0.3593
APP0001547,PRD000611,2025-04-03,9886.72,18,12.81,11042.97,custeio,BA,42.5,25.0,0.644,85.11,15.89,6.77,6.48,81.98,0.632
APP0001548,PRD000611,2026-03-12,64552.14,18,17.13,73378.28,investimento,BA,96.0,32.5,0.144,123.67,16.55,7.88,7.004,81.6,0.5038
APP0001549,PRD000612,2024-11-18,26708.66,18,7.55,47810.2,custeio,MG,185.3,25.4,0.136,81.54,13.13,5.44,5.596,90.86,0.4748
APP0001550,PRD000612,2025-05-12,22945.62,24,9.87,39586.98,comercializacao,MG,100.4,30.1,0.522,73.37,16.25,7.09,6.729,81.39,0.7176
APP0001551,PRD000612,2022-08-09,13026.64,24,15.87,19004.92,comercializacao,MG,217.1,28.0,0.147,72.12,10.97,4.34,5.033,99.26,0.4534
APP0001552,PRD000612,2026-06-12,18902.93,36,16.65,28222.84,comercializacao,MG,93.7,33.9,0.049,71.01,16.47,8.03,6.961,81.3,0.6174
APP0001553,PRD000613,2024-10-23,24102.17,6,12.86,27259.61,comercializacao,GO,125.2,26.6,0.229,91.37,12.65,5.14,5.398,92.17,0.6374
APP0001554,PRD000613,2026-02-24,33643.63,36,17.11,41976.99,industrializacao,GO,141.7,20.3,0.204,92.3,16.55,7.87,6.969,81.38,0.7478
APP0001555,PRD000614,2023-12-28,37392.13,36,6.97,29513.28,investimento,SP,179.2,29.3,0.198,72.02,11.37,4.23,4.853,101.44,0.5287
APP0001556,PRD000614,2026-10-29,46049.26,24,9.72,71959.25,investimento,SP,76.0,19.8,0.292,69.51,16.29,7.86,6.879,84.46,0.6801
APP0001557,PRD000614,2023-06-28,84248.34,12,10.62,103968.15,investimento,SP,172.5,18.6,0.018,70.92,11.43,4.08,4.974,101.38,0.4825
APP0001558,PRD000615,2023-01-18,147246.01,24,6.87,129894.75,custeio,MG,116.6,21.8,0.007,79.57,11.2,4.06,4.981,99.95,0.1719
APP0001559,PRD000616,2023-03-06,25898.32,36,9.84,28814.47,custeio,RS,179.1,24.9,0.272,86.13,11.34,4.05,4.953,99.59,0.1911
APP0001560,PRD000617,2024-09-03,28571.25,24,11.45,48479.91,custeio,GO,64.6,18.4,0.009,86.96,12.34,4.97,5.245,93.58,0.198
APP0001561,PRD000617,2022-12-30,16373.94,12,14.86,25860.63,comercializacao,GO,142.2,31.6,0.172,86.92,11.08,4.15,5.026,98.95,0.1996
APP0001562,PRD000618,2025-02-02,142457.21,6,13.84,239830.84,comercializacao,MG,120.8,27.2,0.585,67.46,14.99,6.26,6.101,85.95,0.6839
APP0001563,PRD000618,2025-05-18,22297.93,12,16.22,24509.45,industrializacao,MG,100.4,30.1,0.522,73.37,16.25,7.09,6.729,81.39,0.7534
APP0001564,PRD000618,2023-04-03,37471.46,6,15.31,23648.03,industrializacao,MG,98.7,27.8,0.268,84.79,11.38,4.0,4.932,99.91,0.5545
APP0001565,PRD000619,2026-06-06,37370.65,6,7.29,60790.11,industrializacao,PI,145.6,23.9,0.115,187.45,16.47,8.03,6.961,81.3,0.2668
APP0001566,PRD000619,2022-07-13,30278.27,6,13.37,40242.93,custeio,PI,148.4,18.6,0.141,168.71,10.92,4.41,5.063,99.17,0.1552
APP0001567,PRD000620,2024-04-01,67776.41,6,16.59,67996.79,investimento,SP,54.4,28.9,0.663,58.02,11.32,4.4,4.805,100.32,0.6767
APP0001568,PRD000620,2024-06-16,13184.6,24,7.38,8033.96,comercializacao,SP,142.7,25.3,0.398,52.13,11.35,4.33,4.729,101.06,0.6511
APP0001569,PRD000621,2025-12-19,150919.28,18,6.7,256878.33,industrializacao,SP,216.2,29.9,0.25,71.7,16.61,7.74,6.957,81.85,0.5104
APP0001570,PRD000621,2022-06-21,11361.54,12,15.85,7828.91,comercializacao,SP,123.4,21.4,0.129,62.48,10.82,4.51,5.065,99.4,0.4176
APP0001571,PRD000622,2025-02-26,35903.44,18,10.93,52405.29,custeio,MT,67.2,33.4,0.643,101.28,14.99,6.26,6.101,85.95,0.4656
APP0001572,PRD000623,2025-11-15,17205.33,12,14.79,23736.47,industrializacao,PI,148.0,32.3,0.041,156.31,16.6,7.75,6.959,81.73,0.5873
APP0001573,PRD000624,2022-05-31,30021.56,6,8.43,22259.65,custeio,PR,67.2,21.4,0.137,157.4,10.73,4.53,5.077,99.68,0.4302
APP0001574,PRD000624,2025-01-15,134910.35,36,16.2,230885.33,investimento,PR,83.9,33.1,0.504,134.71,14.32,6.06,5.846,87.46,0.5514
APP0001575,PRD000624,2026-11-27,156173.08,36,14.79,119127.21,investimento,PR,80.6,30.2,0.073,157.11,16.32,7.8,6.864,85.41,0.6211
APP0001576,PRD000625,2026-07-30,63478.09,36,14.07,76546.6,custeio,TO,178.0,23.1,0.049,126.01,16.33,7.98,6.914,82.48,0.6883
APP0001577,PRD000625,2025-12-12,30517.07,24,16.39,20082.76,custeio,TO,145.7,32.8,0.262,121.76,16.61,7.74,6.957,81.85,0.7724
APP0001578,PRD000625,2022-05-14,18549.04,36,7.91,28625.4,custeio,TO,89.6,32.7,0.21,121.46,10.73,4.53,5.077,99.68,0.4948
APP0001579,PRD000626,2023-06-07,211077.57,6,16.58,304323.85,industrializacao,TO,103.8,18.8,0.001,130.95,11.43,4.08,4.974,101.38,0.3395
APP0001580,PRD000626,2022-07-29,6582.71,36,16.17,6107.51,comercializacao,TO,125.3,28.9,0.263,133.93,10.92,4.41,5.063,99.17,0.3947
APP0001581,PRD000626,2023-07-29,41770.78,24,6.63,59152.66,comercializacao,TO,69.5,25.3,0.087,129.63,11.39,4.11,4.951,102.57,0.3134
APP0001582,PRD000627,2024-04-27,156632.88,24,9.52,168858.03,investimento,BA,65.6,25.6,0.657,105.16,11.32,4.4,4.805,100.32,0.2784
APP0001583,PRD000628,2025-03-16,54814.64,12,13.5,50923.65,custeio,RS,107.8,23.0,0.611,71.17,15.36,6.47,6.304,83.95,0.6782
APP0001584,PRD000628,2024-07-19,31654.91,18,16.25,44613.78,comercializacao,RS,118.2,30.8,0.129,88.85,11.7,4.51,4.809,97.34,0.3344
APP0001585,PRD000628,2024-07-19,29403.2,6,16.6,46095.59,custeio,RS,118.2,30.8,0.129,88.85,11.7,4.51,4.809,97.34,0.3204
APP0001586,PRD000629,2024-10-11,28100.66,18,14.23,29516.65,custeio,MG,86.7,25.5,0.254,74.21,12.65,5.14,5.398,92.17,0.4618
APP0001587,PRD000629,2022-10-03,24467.34,24,17.51,17170.27,industrializacao,MG,77.2,26.6,0.038,71.93,11.13,4.34,5.037,97.77,0.3947
APP0001588,PRD000629,2022-10-08,80984.02,24,6.59,67019.88,investimento,MG,77.2,26.6,0.038,71.93,11.13,4.34,5.037,97.77,0.3828
APP0001589,PRD000630,2026-07-13,51625.48,24,12.06,33823.33,industrializacao,GO,122.4,26.3,0.126,87.07,16.33,7.98,6.914,82.48,0.5974
APP0001590,PRD000630,2026-03-08,34935.01,6,8.32,58558.59,industrializacao,GO,144.1,30.5,0.169,88.01,16.55,7.88,7.004,81.6,0.5245
APP0001591,PRD000630,2022-09-28,8748.28,12,10.21,8120.33,comercializacao,GO,193.1,19.0,0.297,85.26,11.12,4.39,5.008,98.34,0.3946
APP0001592,PRD000631,2023-12-01,75951.73,6,6.51,74830.3,comercializacao,BA,109.0,30.1,0.091,106.88,11.37,4.23,4.853,101.44,0.2393
APP0001593,PRD000631,2025-05-14,30935.73,12,7.74,54043.11,investimento,BA,91.7,21.9,0.616,82.04,16.25,7.09,6.729,81.39,0.4934
APP0001594,PRD000632,2023-11-08,23098.87,6,12.42,24155.88,comercializacao,MT,157.1,33.8,0.214,119.85,11.34,4.18,4.877,101.75,0.1812
APP0001595,PRD000632,2025-06-08,25801.5,12,7.96,37706.16,custeio,MT,121.2,19.2,0.561,100.71,16.84,7.51,6.986,80.33,0.4207
APP0001596,PRD000633,2023-06-13,72413.07,6,15.62,67532.17,custeio,GO,202.9,29.4,0.173,82.03,11.43,4.08,4.974,101.38,0.4514
APP0001597,PRD000633,2023-07-30,46629.49,36,9.06,66848.04,investimento,GO,76.1,26.5,0.283,79.42,11.39,4.11,4.951,102.57,0.4247
APP0001598,PRD000633,2025-10-26,87588.28,24,13.31,109729.71,comercializacao,GO,133.0,19.5,0.257,92.08,16.74,7.72,7.0,80.46,0.6275
APP0001599,PRD000634,2026-03-29,29338.97,12,7.57,34928.15,custeio,MS,101.0,21.1,0.269,182.34,16.55,7.88,7.004,81.6,0.4359
APP0001600,PRD000635,2025-08-30,54321.06,18,8.37,59214.29,industrializacao,SP,206.2,30.9,0.238,60.52,16.68,7.68,6.994,80.38,0.5248
APP0001601,PRD000636,2025-10-23,22847.13,24,17.68,34991.8,investimento,BA,136.5,21.4,0.052,114.68,16.74,7.72,7.0,80.46,0.5572
APP0001602,PRD000636,2024-05-04,9681.64,36,12.51,12003.53,industrializacao,BA,137.7,29.0,0.616,87.25,11.35,4.3,4.766,101.07,0.5379
APP0001603,PRD000637,2023-08-29,53648.35,18,8.83,39705.47,investimento,PR,176.0,18.7,0.004,156.29,11.42,4.09,4.906,103.9,0.4437
APP0001604,PRD000637,2025-02-07,21633.1,12,12.87,26667.57,industrializacao,PR,119.0,28.3,0.522,153.27,14.99,6.26,6.101,85.95,0.7021
APP0001605,PRD000637,2023-06-21,31175.76,24,17.02,45214.5,industrializacao,PR,73.4,29.1,0.02,165.8,11.43,4.08,4.974,101.38,0.4062
APP0001606,PRD000638,2023-10-20,188696.46,24,7.41,263826.29,industrializacao,RS,162.3,30.1,0.061,97.82,11.35,4.2,4.922,102.76,0.1353
APP0001607,PRD000638,2025-11-01,66041.67,24,12.89,87506.05,investimento,RS,75.3,18.0,0.296,82.42,16.6,7.75,6.959,81.73,0.3084
APP0001608,PRD000638,2025-09-06,54680.71,18,14.69,94525.52,comercializacao,RS,101.7,21.2,0.105,94.01,16.79,7.7,7.0,79.08,0.2592
APP0001609,PRD000639,2022-02-01,57307.84,18,10.59,75019.24,industrializacao,GO,130.1,22.5,0.142,94.14,10.54,4.52,5.093,99.9,0.4688
APP0001610,PRD000640,2023-12-23,54968.01,12,8.96,72238.47,industrializacao,RS,109.7,26.1,0.193,87.6,11.37,4.23,4.853,101.44,0.1924
APP0001611,PRD000640,2022-07-18,139762.56,18,9.11,221163.82,industrializacao,RS,129.2,18.9,0.032,96.25,10.92,4.41,5.063,99.17,0.1464
APP0001612,PRD000640,2022-12-04,104992.29,24,6.83,66164.11,investimento,RS,162.8,19.6,0.028,99.84,11.08,4.15,5.026,98.95,0.2228
APP0001613,PRD000641,2023-09-10,47658.7,36,14.56,75132.39,custeio,MG,92.9,20.3,0.023,83.53,11.49,4.14,4.898,102.79,0.4742
APP0001614,PRD000641,2026-02-11,39550.94,24,12.38,26278.63,investimento,MG,141.0,34.0,0.046,83.33,16.55,7.87,6.969,81.38,0.7606
APP0001615,PRD000641,2025-04-24,10826.61,12,11.75,19197.28,investimento,MG,70.1,18.4,0.596,67.17,15.89,6.77,6.48,81.98,0.7693
APP0001616,PRD000642,2023-03-08,22771.27,12,9.13,30114.97,custeio,PR,171.2,22.6,0.086,179.9,11.34,4.05,4.953,99.59,0.3697
APP0001617,PRD000643,2023-02-28,108301.01,24,12.89,105223.61,industrializacao,MT,95.9,27.8,0.151,111.16,11.2,3.98,4.998,100.89,0.2245
APP0001618,PRD000643,2023-06-08,28946.58,18,11.13,17497.58,industrializacao,MT,92.0,20.1,0.019,109.96,11.43,4.08,4.974,101.38,0.2368
APP0001619,PRD000643,2026-01-08,39362.36,12,15.56,54084.77,investimento,MT,197.9,23.5,0.206,129.17,16.52,7.83,6.952,81.49,0.3916
APP0001620,PRD000643,2025-01-05,12907.22,18,15.27,9814.6,investimento,MT,120.9,32.4,0.713,97.51,14.32,6.06,5.846,87.46,0.5159
APP0001621,PRD000644,2023-09-06,58454.67,36,17.98,65297.75,custeio,GO,218.6,21.7,0.276,92.24,11.49,4.14,4.898,102.79,0.1955
APP0001622,PRD000645,2022-03-08,116278.55,12,7.59,98006.71,comercializacao,MT,151.4,19.3,0.146,133.11,10.67,4.59,5.055,98.83,0.3247
APP0001623,PRD000645,2023-02-26,76019.6,36,7.55,133787.2,industrializacao,MT,95.9,27.8,0.151,111.16,11.2,3.98,4.998,100.89,0.2281
APP0001624,PRD000645,2023-12-21,29747.27,36,14.35,34762.89,comercializacao,MT,189.9,31.3,0.218,110.17,11.37,4.23,4.853,101.44,0.2993
APP0001625,PRD000645,2025-02-19,61763.92,36,7.59,88146.81,comercializacao,MT,67.2,33.4,0.643,101.28,14.99,6.26,6.101,85.95,0.5366
APP0001626,PRD000646,2026-02-20,47773.12,18,8.42,64359.84,investimento,TO,152.9,29.8,0.041,132.38,16.55,7.87,6.969,81.38,0.2768
APP0001627,PRD000646,2022-08-02,9372.88,18,13.13,7617.52,industrializacao,TO,138.8,21.8,0.129,134.9,10.97,4.34,5.033,99.26,0.1885
APP0001628,PRD000646,2024-11-30,35580.23,36,8.91,55006.17,investimento,TO,188.9,30.7,0.161,135.32,13.13,5.44,5.596,90.86,0.179
APP0001629,PRD000647,2022-07-02,14821.29,36,6.77,18634.38,comercializacao,PR,204.1,19.9,0.087,181.54,10.92,4.41,5.063,99.17,0.3441
APP0001630,PRD000647,2023-01-02,30256.41,12,8.71,40221.87,industrializacao,PR,80.6,29.0,0.021,155.0,11.2,4.06,4.981,99.95,0.3514
APP0001631,PRD000647,2026-11-09,8348.44,18,10.04,14696.77,investimento,PR,80.6,30.2,0.073,157.11,16.32,7.8,6.864,85.41,0.5192
APP0001632,PRD000648,2024-10-19,71131.1,18,17.92,94209.63,industrializacao,MG,86.7,25.5,0.254,74.21,12.65,5.14,5.398,92.17,0.4016
APP0001633,PRD000648,2024-02-27,19235.82,36,6.71,30913.79,custeio,MG,55.4,21.5,0.483,63.38,11.51,4.24,4.804,101.19,0.4276
APP0001634,PRD000648,2023-12-03,129713.42,36,14.11,81993.6,industrializacao,MG,70.4,29.4,0.007,79.37,11.37,4.23,4.853,101.44,0.3878
APP0001635,PRD000649,2025-09-26,18520.19,6,13.22,19877.43,investimento,RS,101.7,21.2,0.105,94.01,16.79,7.7,7.0,79.08,0.4717
APP0001636,PRD000649,2024-06-04,15991.66,6,10.68,24917.03,industrializacao,RS,58.4,26.3,0.472,80.6,11.35,4.33,4.729,101.06,0.3143
APP0001637,PRD000649,2022-11-21,49577.81,18,10.66,70322.6,investimento,RS,157.1,31.9,0.2,82.96,11.17,4.25,4.99,99.15,0.2693
APP0001638,PRD000649,2026-04-23,95715.23,6,7.83,95980.49,custeio,RS,79.2,32.9,0.281,84.16,16.55,7.95,7.038,80.49,0.4779
APP0001639,PRD000650,2025-10-16,36200.94,12,14.9,58647.59,industrializacao,PI,144.4,25.2,0.058,164.98,16.74,7.72,7.0,80.46,0.5233
APP0001640,PRD000650,2024-11-07,42332.1,36,11.33,28591.26,comercializacao,PI,162.3,27.2,0.033,164.77,13.13,5.44,5.596,90.86,0.495
APP0001641,PRD000650,2025-10-11,43484.08,18,12.26,77556.99,comercializacao,PI,144.4,25.2,0.058,164.98,16.74,7.72,7.0,80.46,0.5069
APP0001642,PRD000650,2023-02-03,114446.68,18,16.66,75680.43,investimento,PI,168.5,29.6,0.157,176.91,11.2,3.98,4.998,100.89,0.4195
APP0001643,PRD000651,2025-09-09,21492.85,18,13.34,33747.44,comercializacao,TO,217.5,32.2,0.047,145.03,16.79,7.7,7.0,79.08,0.436
APP0001644,PRD000651,2024-11-27,27042.62,24,13.62,42811.65,industrializacao,TO,188.9,30.7,0.161,135.32,13.13,5.44,5.596,90.86,0.319
APP0001645,PRD000651,2026-03-05,14834.24,12,9.66,16792.7,comercializacao,TO,80.2,32.5,0.153,134.73,16.55,7.88,7.004,81.6,0.4783
APP0001646,PRD000651,2025-07-31,26015.15,12,13.41,15782.67,industrializacao,TO,84.6,19.7,0.069,140.16,16.76,7.58,6.979,80.98,0.5489
APP0001647,PRD000652,2023-04-10,47207.45,6,9.23,73911.54,custeio,GO,122.4,18.1,0.097,81.36,11.38,4.0,4.932,99.91,0.2502
APP0001648,PRD000652,2026-05-02,140317.35,18,9.14,120545.88,comercializacao,GO,161.6,31.7,0.068,95.01,16.46,8.05,6.992,80.92,0.5043
APP0001649,PRD000652,2024-04-05,41587.43,36,7.89,45267.84,custeio,GO,106.6,31.0,0.742,59.79,11.32,4.4,4.805,100.32,0.4606
APP0001650,PRD000653,2024-08-30,22395.5,18,7.5,13472.45,investimento,TO,76.4,33.8,0.165,137.67,11.97,4.69,5.047,96.01,0.35
APP0001651,PRD000654,2026-07-19,27937.9,36,11.7,36255.32,comercializacao,MT,109.3,27.0,0.229,109.34,16.33,7.98,6.914,82.48,0.5917
APP0001652,PRD000654,2025-08-19,26245.86,24,16.43,39229.17,investimento,MT,162.8,27.4,0.19,127.54,16.68,7.68,6.994,80.38,0.5628
APP0001653,PRD000655,2023-06-26,9745.28,6,14.65,14710.37,custeio,MS,121.0,31.9,0.045,181.33,11.43,4.08,4.974,101.38,0.1632
APP0001654,PRD000655,2022-04-20,49626.62,24,15.75,36337.11,comercializacao,MS,174.7,24.2,0.188,174.88,10.71,4.56,5.06,99.87,0.2104
APP0001655,PRD000655,2022-08-24,33163.5,12,12.46,59528.95,custeio,MS,181.0,21.6,0.118,198.86,10.97,4.34,5.033,99.26,0.1577
APP0001656,PRD000655,2024-05-24,17034.29,18,11.64,23615.67,industrializacao,MS,131.6,23.0,0.67,149.15,11.35,4.3,4.766,101.07,0.3046
APP0001657,PRD000656,2022-02-16,98731.2,12,11.21,81243.47,industrializacao,PI,88.1,30.2,0.15,181.83,10.54,4.52,5.093,99.9,0.2128
APP0001658,PRD000656,2026-10-29,38461.61,24,7.2,27009.12,custeio,PI,125.3,29.2,0.297,170.99,16.29,7.86,6.879,84.46,0.4148
APP0001659,PRD000656,2022-11-24,43471.72,24,17.11,71086.45,investimento,PI,178.2,22.2,0.22,187.81,11.17,4.25,4.99,99.15,0.1647
APP0001660,PRD000657,2024-10-04,33436.66,36,12.49,32002.73,investimento,BA,175.9,22.1,0.035,113.85,12.65,5.14,5.398,92.17,0.504
APP0001661,PRD000657,2023-05-24,34979.4,24,6.6,59464.97,custeio,BA,85.5,30.8,0.042,120.65,11.32,3.99,4.959,101.0,0.376
APP0001662,PRD000658,2025-03-31,72944.01,18,7.87,46389.11,custeio,TO,41.2,22.4,0.391,96.0,15.36,6.47,6.304,83.95,0.5502
APP0001663,PRD000658,2024-07-20,42589.24,18,11.58,62900.1,investimento,TO,81.9,24.6,0.013,131.04,11.7,4.51,4.809,97.34,0.2481
APP0001664,PRD000658,2026-07-08,74779.69,12,11.48,122585.07,custeio,TO,178.0,23.1,0.049,126.01,16.33,7.98,6.914,82.48,0.3796
APP0001665,PRD000658,2026-11-13,24618.78,12,12.01,29958.28,investimento,TO,160.9,33.5,0.008,122.67,16.32,7.8,6.864,85.41,0.4369
APP0001666,PRD000659,2026-11-11,21879.79,36,9.32,30541.22,comercializacao,TO,160.9,33.5,0.008,122.67,16.32,7.8,6.864,85.41,0.3599
APP0001667,PRD000660,2026-02-23,106455.47,36,10.24,143609.49,comercializacao,MS,159.6,22.3,0.112,182.18,16.55,7.87,6.969,81.38,0.4278
APP0001668,PRD000660,2023-07-02,119112.43,36,16.86,213904.32,custeio,MS,204.9,20.4,0.284,175.79,11.39,4.11,4.951,102.57,0.2811
APP0001669,PRD000661,2023-01-17,47857.06,6,16.21,76084.04,custeio,MG,116.6,21.8,0.007,79.57,11.2,4.06,4.981,99.95,0.1747
APP0001670,PRD000661,2022-11-22,30733.24,6,17.53,48774.42,investimento,MG,66.4,28.6,0.018,72.17,11.17,4.25,4.99,99.15,0.1708
APP0001671,PRD000662,2023-12-24,19427.46,36,7.85,19891.07,custeio,MG,70.4,29.4,0.007,79.37,11.37,4.23,4.853,101.44,0.379
APP0001672,PRD000662,2026-07-06,16031.42,12,6.8,12426.97,comercializacao,MG,95.1,32.6,0.05,80.95,16.33,7.98,6.914,82.48,0.6185
APP0001673,PRD000662,2023-03-17,5000,6,13.02,8460.29,comercializacao,MG,158.3,33.6,0.243,72.38,11.34,4.05,4.953,99.59,0.3626
APP0001674,PRD000662,2025-12-22,15722.79,18,11.6,24990.83,investimento,MG,115.5,23.2,0.11,82.97,16.61,7.74,6.957,81.85,0.5238
APP0001675,PRD000663,2023-07-09,71508.88,18,9.22,114116.78,custeio,BA,60.6,33.0,0.199,105.87,11.39,4.11,4.951,102.57,0.427
APP0001676,PRD000663,2022-10-25,66673.98,36,16.51,74935.48,investimento,BA,212.3,25.8,0.069,121.38,11.13,4.34,5.037,97.77,0.4579
APP0001677,PRD000664,2024-10-30,6871.35,18,13.93,9775.69,custeio,BA,175.9,22.1,0.035,113.85,12.65,5.14,5.398,92.17,0.4118
APP0001678,PRD000665,2023-11-25,42894.0,36,7.93,47520.82,comercializacao,TO,137.7,21.5,0.285,132.17,11.34,4.18,4.877,101.75,0.1801
APP0001679,PRD000665,2026-09-27,12770.28,24,10.96,18009.27,comercializacao,TO,73.4,20.6,0.223,135.53,16.34,7.89,6.904,83.16,0.3324
APP0001680,PRD000665,2024-11-15,43478.11,6,16.67,70189.67,investimento,TO,188.9,30.7,0.161,135.32,13.13,5.44,5.596,90.86,0.1822
APP0001681,PRD000666,2023-08-14,30349.62,12,17.05,19184.44,industrializacao,GO,71.1,31.9,0.279,90.24,11.42,4.09,4.906,103.9,0.406
APP0001682,PRD000666,2025-05-04,89668.26,18,13.42,139874.24,comercializacao,GO,78.0,20.3,0.647,81.36,16.25,7.09,6.729,81.39,0.5821
APP0001683,PRD000666,2026-10-30,22708.72,6,12.34,33022.26,industrializacao,GO,215.5,33.6,0.294,85.57,16.29,7.86,6.879,84.46,0.5227
APP0001684,PRD000667,2026-05-09,23799.5,24,13.72,40947.66,investimento,SP,79.2,31.0,0.236,67.8,16.46,8.05,6.992,80.92,0.663
APP0001685,PRD000667,2025-12-21,18576.72,24,8.21,17576.36,investimento,SP,216.2,29.9,0.25,71.7,16.61,7.74,6.957,81.85,0.7017
APP0001686,PRD000667,2025-06-14,10401.56,18,16.55,17383.59,comercializacao,SP,91.0,31.4,0.617,53.12,16.84,7.51,6.986,80.33,0.7557
APP0001687,PRD000667,2025-03-11,56490.21,18,17.1,91205.83,industrializacao,SP,56.6,22.7,0.449,53.19,15.36,6.47,6.304,83.95,0.6903
APP0001688,PRD000668,2026-06-03,18129.95,6,8.27,18797.43,custeio,SP,128.1,18.6,0.032,71.77,16.47,8.03,6.961,81.3,0.6843
APP0001689,PRD000668,2024-06-01,29899.77,6,10.82,22386.25,investimento,SP,142.7,25.3,0.398,52.13,11.35,4.33,4.729,101.06,0.6482
APP0001690,PRD000668,2024-09-15,30467.0,6,17.33,48151.36,investimento,SP,152.7,24.3,0.001,62.4,12.34,4.97,5.245,93.58,0.4975
APP0001691,PRD000669,2022-07-31,33901.81,6,7.14,31850.79,investimento,PR,204.1,19.9,0.087,181.54,10.92,4.41,5.063,99.17,0.3158
APP0001692,PRD000669,2026-06-07,23208.4,18,16.71,24049.39,investimento,PR,65.0,32.0,0.278,151.52,16.47,8.03,6.961,81.3,0.5466
APP0001693,PRD000669,2025-02-17,5022.61,24,14.54,8200.77,custeio,PR,119.0,28.3,0.522,153.27,14.99,6.26,6.101,85.95,0.5329
APP0001694,PRD000670,2026-04-03,52490.47,36,11.3,76691.06,custeio,MS,131.3,33.5,0.202,196.4,16.55,7.95,7.038,80.49,0.4801
APP0001695,PRD000670,2023-11-07,63697.66,12,7.58,93115.58,investimento,MS,157.3,20.3,0.156,186.12,11.34,4.18,4.877,101.75,0.2833
APP0001696,PRD000670,2023-04-02,28486.79,6,15.45,38151.65,custeio,MS,111.9,30.7,0.284,182.73,11.38,4.0,4.932,99.91,0.2797
APP0001697,PRD000671,2022-03-15,75193.88,36,17.81,94412.38,custeio,MS,89.7,29.5,0.027,183.84,10.67,4.59,5.055,98.83,0.1655
APP0001698,PRD000671,2022-06-30,13103.58,36,8.76,9093.03,investimento,MS,130.8,26.1,0.024,204.01,10.82,4.51,5.065,99.4,0.2163
APP0001699,PRD000671,2024-04-11,90196.93,12,14.64,155906.95,industrializacao,MS,120.3,27.2,0.623,161.97,11.32,4.4,4.805,100.32,0.2566
APP0001700,PRD000671,2025-04-18,284188.17,36,12.95,323137.72,custeio,MS,118.1,28.3,0.542,167.89,15.89,6.77,6.48,81.98,0.4591
APP0001701,PRD000672,2024-12-17,33640.88,24,15.39,37635.14,comercializacao,PI,114.9,18.4,0.042,189.0,13.83,5.67,5.708,89.04,0.3385
APP0001702,PRD000672,2025-01-18,17105.63,6,8.63,14088.5,industrializacao,PI,55.4,21.4,0.548,121.7,14.32,6.06,5.846,87.46,0.5262
APP0001703,PRD000673,2024-09-11,11856.38,24,10.03,19182.12,investimento,BA,71.1,20.9,0.082,114.95,12.34,4.97,5.245,93.58,0.1464
APP0001704,PRD000673,2026-04-19,49183.93,24,13.39,55130.89,comercializacao,BA,199.5,28.2,0.072,113.96,16.55,7.95,7.038,80.49,0.2989
APP0001705,PRD000673,2025-11-20,41048.64,18,9.64,52532.98,industrializacao,BA,71.3,28.7,0.257,105.43,16.6,7.75,6.959,81.73,0.3005
APP0001706,PRD000674,2023-09-19,80717.66,36,9.0,125257.94,comercializacao,TO,115.7,28.3,0.135,136.88,11.49,4.14,4.898,102.79,0.1891
APP0001707,PRD000675,2022-07-08,68599.03,24,11.14,94962.55,comercializacao,MT,211.8,20.0,0.119,114.33,10.92,4.41,5.063,99.17,0.297
APP0001708,PRD000675,2025-07-07,16206.86,6,16.24,27981.0,comercializacao,MT,108.0,18.2,0.129,131.17,16.76,7.58,6.979,80.98,0.4192
APP0001709,PRD000676,2024-03-10,69143.57,6,14.1,86106.52,investimento,TO,54.5,18.3,0.627,108.18,11.47,4.33,4.765,101.33,0.2688
APP0001710,PRD000676,2023-05-13,69342.98,12,9.56,88219.66,custeio,TO,122.3,21.0,0.2,143.7,11.32,3.99,4.959,101.0,0.1751
APP0001711,PRD000676,2023-04-17,34767.49,18,7.11,36998.43,investimento,TO,120.6,26.3,0.083,136.21,11.38,4.0,4.932,99.91,0.1543
APP0001712,PRD000676,2024-11-20,8271.53,36,17.58,9883.87,comercializacao,TO,188.9,30.7,0.161,135.32,13.13,5.44,5.596,90.86,0.2009
APP0001713,PRD000677,2023-11-03,52483.1,18,14.27,59790.15,comercializacao,PI,81.5,27.8,0.209,177.89,11.34,4.18,4.877,101.75,0.4994
APP0001714,PRD000677,2025-02-24,46949.01,18,10.38,76042.16,industrializacao,PI,65.5,18.6,0.712,136.04,14.99,6.26,6.101,85.95,0.7214
APP0001715,PRD000677,2025-08-27,27235.55,36,9.54,47981.91,investimento,PI,137.6,30.2,0.193,159.63,16.68,7.68,6.994,80.38,0.6371
APP0001716,PRD000678,2022-03-16,29628.84,24,10.58,49165.28,investimento,MG,175.6,22.7,0.074,79.79,10.67,4.59,5.055,98.83,0.4264
APP0001717,PRD000678,2022-03-28,139610.63,24,9.38,203612.42,investimento,MG,175.6,22.7,0.074,79.79,10.67,4.59,5.055,98.83,0.4462
APP0001718,PRD000678,2022-04-14,24965.59,36,7.57,44069.6,custeio,MG,202.0,31.0,0.112,76.56,10.71,4.56,5.06,99.87,0.4188
APP0001719,PRD000678,2025-07-08,17944.09,36,10.17,22467.93,investimento,MG,83.3,28.2,0.03,76.28,16.76,7.58,6.979,80.98,0.6718
APP0001720,PRD000679,2024-05-16,15607.7,36,14.46,10256.52,investimento,MS,131.6,23.0,0.67,149.15,11.35,4.3,4.766,101.07,0.7045
APP0001721,PRD000679,2022-01-04,6771.43,36,13.58,4691.95,custeio,MS,71.3,27.3,0.29,203.82,10.46,4.45,5.045,98.92,0.5472
APP0001722,PRD000679,2022-03-20,29308.67,6,12.58,29879.78,comercializacao,MS,89.7,29.5,0.027,183.84,10.67,4.59,5.055,98.83,0.4666
APP0001723,PRD000679,2025-04-03,78226.43,36,13.38,78265.76,custeio,MS,118.1,28.3,0.542,167.89,15.89,6.77,6.48,81.98,0.7824
APP0001724,PRD000680,2022-07-15,36551.18,18,17.34,22204.36,comercializacao,SP,113.8,27.6,0.178,70.63,10.92,4.41,5.063,99.17,0.2742
APP0001725,PRD000680,2022-09-10,18583.7,6,13.35,14565.37,investimento,SP,171.6,20.4,0.015,65.59,11.12,4.39,5.008,98.34,0.242
APP0001726,PRD000680,2022-08-11,26160.06,18,10.4,45074.7,custeio,SP,178.0,20.4,0.129,71.21,10.97,4.34,5.033,99.26,0.1597
APP0001727,PRD000680,2023-08-02,14861.16,24,9.74,23180.73,industrializacao,SP,137.1,24.6,0.279,68.19,11.42,4.09,4.906,103.9,0.1988
APP0001728,PRD000681,2022-12-26,19178.14,24,17.63,19325.87,investimento,GO,142.2,31.6,0.172,86.92,11.08,4.15,5.026,98.95,0.2119
APP0001729,PRD000682,2023-11-24,14988.1,12,16.78,21123.37,industrializacao,BA,202.9,33.5,0.24,113.37,11.34,4.18,4.877,101.75,0.3466
APP0001730,PRD000682,2026-03-11,11922.4,18,7.8,7263.65,industrializacao,BA,96.0,32.5,0.144,123.67,16.55,7.88,7.004,81.6,0.6245
APP0001731,PRD000682,2025-01-31,35239.65,6,10.17,61610.15,investimento,BA,57.4,24.0,0.489,91.88,14.32,6.06,5.846,87.46,0.5253
APP0001732,PRD000683,2025-11-30,44599.96,24,16.5,58809.24,investimento,GO,128.2,18.4,0.163,80.38,16.6,7.75,6.959,81.73,0.2891
APP0001733,PRD000684,2026-06-26,94235.8,12,15.24,160469.62,comercializacao,MS,107.8,29.0,0.064,189.81,16.47,8.03,6.961,81.3,0.4268
APP0001734,PRD000684,2026-02-12,42914.05,6,16.52,47305.19,custeio,MS,159.6,22.3,0.112,182.18,16.55,7.87,6.969,81.38,0.4624
APP0001735,PRD000684,2024-06-24,41694.11,6,14.62,36384.05,investimento,MS,132.6,33.2,0.672,145.82,11.35,4.33,4.729,101.06,0.4756
APP0001736,PRD000685,2026-03-16,38499.05,18,15.0,49596.19,custeio,MG,177.0,28.2,0.043,82.36,16.55,7.88,7.004,81.6,0.3119
APP0001737,PRD000685,2026-05-06,45420.32,18,12.76,29038.69,custeio,MG,91.0,30.8,0.265,77.11,16.46,8.05,6.992,80.92,0.3928
APP0001738,PRD000685,2023-08-06,28714.79,12,9.08,31585.61,custeio,MG,200.0,23.5,0.006,78.37,11.42,4.09,4.906,103.9,0.1689
APP0001739,PRD000685,2023-10-09,32581.41,18,8.73,46939.02,comercializacao,MG,124.6,21.5,0.106,74.72,11.35,4.2,4.922,102.76,0.1513
APP0001740,PRD000686,2023-04-23,32130.21,12,7.6,37107.39,comercializacao,PR,123.2,32.2,0.061,154.06,11.38,4.0,4.932,99.91,0.1532
APP0001741,PRD000686,2024-06-21,17544.32,36,8.45,29443.35,investimento,PR,70.2,18.7,0.448,152.52,11.35,4.33,4.729,101.06,0.2039
APP0001742,PRD000686,2026-11-02,202791.46,6,11.66,326226.8,industrializacao,PR,80.6,30.2,0.073,157.11,16.32,7.8,6.864,85.41,0.2876
APP0001743,PRD000687,2024-07-18,26905.17,6,10.58,19190.72,investimento,PR,93.3,24.5,0.265,166.63,11.7,4.51,4.809,97.34,0.5749
APP0001744,PRD000688,2022-03-04,53555.59,6,14.38,78476.65,custeio,BA,207.1,29.9,0.205,102.82,10.67,4.59,5.055,98.83,0.1421
APP0001745,PRD000688,2026-05-06,17631.56,12,9.34,24341.29,investimento,BA,156.0,24.7,0.169,118.12,16.46,8.05,6.992,80.92,0.2842
APP0001746,PRD000689,2023-08-12,44476.61,36,14.7,40439.91,industrializacao,BA,113.6,19.9,0.22,120.21,11.42,4.09,4.906,103.9,0.4867
APP0001747,PRD000689,2026-06-30,429640.19,18,16.02,762585.67,investimento,BA,66.4,22.4,0.084,116.88,16.47,8.03,6.961,81.3,0.5488
APP0001748,PRD000689,2025-09-21,34251.45,24,16.45,20826.52,investimento,BA,189.8,23.1,0.073,113.03,16.79,7.7,7.0,79.08,0.6982
APP0001749,PRD000689,2025-08-20,27197.1,12,11.68,35278.99,industrializacao,BA,141.6,18.2,0.157,108.16,16.68,7.68,6.994,80.38,0.6324
APP0001750,PRD000690,2026-04-06,48663.83,6,7.89,54665.64,custeio,BA,199.5,28.2,0.072,113.96,16.55,7.95,7.038,80.49,0.6069
APP0001751,PRD000691,2022-02-24,73180.92,6,13.26,49880.4,custeio,GO,130.1,22.5,0.142,94.14,10.54,4.52,5.093,99.9,0.1916
APP0001752,PRD000692,2025-08-31,34644.25,12,17.94,41556.23,investimento,PR,195.7,22.0,0.034,182.92,16.68,7.68,6.994,80.38,0.4738
APP0001753,PRD000693,2024-08-10,55667.05,36,11.84,80004.28,custeio,MG,119.0,20.9,0.16,73.35,11.97,4.69,5.047,96.01,0.279
APP0001754,PRD000693,2022-08-04,42245.17,36,16.95,40854.9,industrializacao,MG,217.1,28.0,0.147,72.12,10.97,4.34,5.033,99.26,0.3081
APP0001755,PRD000693,2023-10-14,98058.8,36,14.39,175386.7,investimento,MG,124.6,21.5,0.106,74.72,11.35,4.2,4.922,102.76,0.2287
APP0001756,PRD000693,2022-03-17,12234.76,6,17.67,12749.52,industrializacao,MG,175.6,22.7,0.074,79.79,10.67,4.59,5.055,98.83,0.279
APP0001757,PRD000694,2023-12-22,10516.68,6,11.38,15737.26,industrializacao,MS,213.1,28.1,0.102,179.28,11.37,4.23,4.853,101.44,0.1289
APP0001758,PRD000694,2025-08-01,34254.32,6,12.84,50593.2,industrializacao,MS,199.0,21.6,0.017,193.18,16.68,7.68,6.994,80.38,0.2613
APP0001759,PRD000695,2024-11-09,36204.78,18,16.43,48408.05,comercializacao,PI,162.3,27.2,0.033,164.77,13.13,5.44,5.596,90.86,0.2678
APP0001760,PRD000695,2025-09-02,39642.64,12,10.79,52538.1,custeio,PI,102.2,30.0,0.012,163.05,16.79,7.7,7.0,79.08,0.3441
APP0001761,PRD000695,2022-12-30,14721.54,6,13.53,9920.82,comercializacao,PI,135.8,32.1,0.075,161.39,11.08,4.15,5.026,98.95,0.2452
APP0001762,PRD000696,2025-08-04,41177.0,24,7.79,29106.21,investimento,GO,132.5,22.2,0.132,91.76,16.68,7.68,6.994,80.38,0.4875
APP0001763,PRD000696,2025-10-21,16553.12,36,8.99,16306.88,investimento,GO,133.0,19.5,0.257,92.08,16.74,7.72,7.0,80.46,0.5106
APP0001764,PRD000696,2026-01-22,67520.91,12,10.29,67370.97,investimento,GO,210.3,33.5,0.292,81.92,16.52,7.83,6.952,81.49,0.4804
APP0001765,PRD000696,2025-10-15,18414.5,24,9.42,22189.79,investimento,GO,133.0,19.5,0.257,92.08,16.74,7.72,7.0,80.46,0.4886
APP0001766,PRD000697,2023-08-18,53350.49,12,13.06,42586.64,investimento,MS,103.3,21.2,0.149,173.6,11.42,4.09,4.906,103.9,0.1959
APP0001767,PRD000697,2024-07-31,37125.87,6,15.62,47565.28,industrializacao,MS,118.2,30.4,0.142,176.03,11.7,4.51,4.809,97.34,0.206
APP0001768,PRD000698,2026-09-10,99421.84,18,10.25,117201.11,industrializacao,MS,112.4,33.7,0.181,173.86,16.34,7.89,6.904,83.16,0.4848
APP0001769,PRD000698,2026-05-19,27024.52,12,14.2,23079.47,investimento,MS,122.0,19.7,0.28,175.36,16.46,8.05,6.992,80.92,0.5274
APP0001770,PRD000698,2023-12-18,36056.7,36,8.12,63547.34,comercializacao,MS,213.1,28.1,0.102,179.28,11.37,4.23,4.853,101.44,0.2379
APP0001771,PRD000699,2024-02-19,86176.05,24,13.9,154270.09,comercializacao,BA,51.4,33.1,0.573,81.44,11.51,4.24,4.804,101.19,0.4462
APP0001772,PRD000699,2022-07-25,29578.46,24,17.73,46376.18,comercializacao,BA,152.3,18.7,0.019,119.59,10.92,4.41,5.063,99.17,0.3235
APP0001773,PRD000700,2024-03-29,41646.55,36,13.9,38610.65,custeio,MG,44.0,21.7,0.562,60.43,11.47,4.33,4.765,101.33,0.3886
APP0001774,PRD000701,2022-02-02,5239.69,36,11.95,7056.19,investimento,SP,208.2,29.2,0.152,64.82,10.54,4.52,5.093,99.9,0.3808
APP0001775,PRD000702,2022-08-07,38374.12,36,11.28,64176.13,custeio,MS,181.0,21.6,0.118,198.86,10.97,4.34,5.033,99.26,0.4299
APP0001776,PRD000703,2022-11-15,43815.71,18,8.92,42414.64,custeio,GO,70.7,19.2,0.028,88.5,11.17,4.25,4.99,99.15,0.3059
APP0001777,PRD000703,2022-07-26,33016.17,6,16.51,52975.74,investimento,GO,96.4,23.8,0.06,95.72,10.92,4.41,5.063,99.17,0.2513
APP0001778,PRD000704,2023-01-19,79459.37,12,6.54,64635.62,investimento,RS,173.5,27.7,0.245,95.31,11.2,4.06,4.981,99.95,0.2235
APP0001779,PRD000704,2026-06-13,21546.53,12,8.16,19390.81,industrializacao,RS,132.7,28.5,0.25,96.51,16.47,8.03,6.961,81.3,0.3404
APP0001780,PRD000704,2023-05-20,48837.01,24,10.9,32939.13,comercializacao,RS,117.4,28.9,0.106,99.82,11.32,3.99,4.959,101.0,0.2053
APP0001781,PRD000704,2026-09-03,110014.43,6,14.79,72693.53,investimento,RS,180.7,27.5,0.254,83.85,16.34,7.89,6.904,83.16,0.3735
APP0001782,PRD000705,2022-04-16,26336.3,18,8.03,24011.08,custeio,MS,174.7,24.2,0.188,174.88,10.71,4.56,5.06,99.87,0.2815
APP0001783,PRD000706,2022-01-01,71580.61,6,12.11,77252.09,custeio,PI,156.1,27.2,0.143,171.61,10.46,4.45,5.045,98.92,0.2958
APP0001784,PRD000706,2025-05-28,26937.94,6,12.58,47010.02,custeio,PI,44.8,32.2,0.561,136.06,16.25,7.09,6.729,81.39,0.5594
APP0001785,PRD000707,2024-06-09,20945.84,6,8.12,21127.08,custeio,TO,88.0,21.9,0.415,104.12,11.35,4.33,4.729,101.06,0.6235
APP0001786,PRD000707,2023-11-05,116038.04,24,13.94,83394.76,industrializacao,TO,137.7,21.5,0.285,132.17,11.34,4.18,4.877,101.75,0.5696
APP0001787,PRD000708,2025-12-12,14856.78,18,13.32,11948.13,custeio,SP,216.2,29.9,0.25,71.7,16.61,7.74,6.957,81.85,0.5025
APP0001788,PRD000709,2025-08-25,18163.37,36,9.61,13358.86,custeio,RS,89.3,23.0,0.053,90.05,16.68,7.68,6.994,80.38,0.7309
APP0001789,PRD000710,2025-11-21,47346.77,18,16.33,51826.99,custeio,GO,128.2,18.4,0.163,80.38,16.6,7.75,6.959,81.73,0.5908
APP0001790,PRD000710,2022-03-04,16804.74,6,8.25,22571.05,comercializacao,GO,177.2,31.2,0.262,89.05,10.67,4.59,5.055,98.83,0.4075
APP0001791,PRD000710,2025-12-08,18158.9,36,12.41,22238.96,comercializacao,GO,79.2,29.4,0.038,84.81,16.61,7.74,6.957,81.85,0.5844
APP0001792,PRD000711,2024-08-06,7906.82,24,16.7,7846.24,custeio,PI,161.9,26.0,0.219,183.02,11.97,4.69,5.047,96.01,0.4058
APP0001793,PRD000711,2024-05-02,25472.76,36,7.92,43065.02,investimento,PI,139.0,33.9,0.473,155.59,11.35,4.3,4.766,101.07,0.4037
APP0001794,PRD000712,2022-07-14,27040.67,6,10.63,43118.66,investimento,MT,211.8,20.0,0.119,114.33,10.92,4.41,5.063,99.17,0.1893
APP0001795,PRD000713,2023-08-17,20321.46,6,14.86,15791.03,comercializacao,BA,113.6,19.9,0.22,120.21,11.42,4.09,4.906,103.9,0.2147
APP0001796,PRD000713,2024-03-19,17381.96,6,13.74,31268.17,investimento,BA,103.4,32.7,0.591,92.79,11.47,4.33,4.765,101.33,0.2311
APP0001797,PRD000714,2022-11-22,19628.69,6,15.86,22944.06,investimento,GO,70.7,19.2,0.028,88.5,11.17,4.25,4.99,99.15,0.4114
APP0001798,PRD000714,2023-02-10,64216.41,36,15.14,76558.29,industrializacao,GO,84.4,23.3,0.055,88.79,11.2,3.98,4.998,100.89,0.3896
APP0001799,PRD000714,2025-12-21,27683.31,6,17.67,39890.54,industrializacao,GO,79.2,29.4,0.038,84.81,16.61,7.74,6.957,81.85,0.5654
APP0001800,PRD000715,2026-11-03,46679.95,18,16.19,30907.3,investimento,GO,154.6,22.0,0.105,82.69,16.32,7.8,6.864,85.41,0.7144
APP0001801,PRD000715,2026-06-09,29973.7,36,14.72,35718.33,comercializacao,GO,212.8,24.8,0.061,79.58,16.47,8.03,6.961,81.3,0.668
APP0001802,PRD000715,2026-06-23,5000,18,9.68,5593.56,custeio,GO,212.8,24.8,0.061,79.58,16.47,8.03,6.961,81.3,0.6744
APP0001803,PRD000715,2025-09-26,22280.95,24,15.15,38862.5,investimento,GO,114.0,33.9,0.056,84.69,16.79,7.7,7.0,79.08,0.6216
APP0001804,PRD000716,2025-12-03,13741.43,6,15.76,11035.9,investimento,BA,218.4,19.2,0.049,116.36,16.61,7.74,6.957,81.85,0.3265
APP0001805,PRD000716,2024-02-20,79151.35,24,12.82,87998.51,custeio,BA,51.4,33.1,0.573,81.44,11.51,4.24,4.804,101.19,0.261
APP0001806,PRD000716,2026-11-30,30627.04,6,12.49,40504.33,custeio,BA,96.5,32.8,0.097,107.56,16.32,7.8,6.864,85.41,0.2973
APP0001807,PRD000717,2026-01-25,28573.63,12,14.26,39459.06,comercializacao,MT,197.9,23.5,0.206,129.17,16.52,7.83,6.952,81.49,0.4058
APP0001808,PRD000718,2023-12-10,149150.68,24,12.01,90587.55,comercializacao,SP,179.2,29.3,0.198,72.02,11.37,4.23,4.853,101.44,0.3139
APP0001809,PRD000719,2025-09-10,47829.77,24,8.77,48585.66,industrializacao,SP,85.7,31.0,0.16,65.69,16.79,7.7,7.0,79.08,0.4324
APP0001810,PRD000719,2022-09-14,58908.54,6,15.84,99811.29,comercializacao,SP,171.6,20.4,0.015,65.59,11.12,4.39,5.008,98.34,0.222
APP0001811,PRD000719,2025-02-05,22648.35,12,8.37,23666.27,custeio,SP,40.5,24.9,0.585,53.83,14.99,6.26,6.101,85.95,0.5175
APP0001812,PRD000720,2025-12-20,14048.79,6,10.54,10052.2,comercializacao,PR,88.4,28.0,0.203,181.95,16.61,7.74,6.957,81.85,0.7241
APP0001813,PRD000720,2025-12-12,47295.59,18,7.73,41453.21,industrializacao,PR,88.4,28.0,0.203,181.95,16.61,7.74,6.957,81.85,0.711
APP0001814,PRD000721,2024-04-03,136365.7,6,17.34,136667.01,custeio,GO,106.6,31.0,0.742,59.79,11.32,4.4,4.805,100.32,0.5341
APP0001815,PRD000721,2022-10-19,18635.75,24,16.46,22069.15,industrializacao,GO,213.6,32.0,0.098,88.16,11.13,4.34,5.037,97.77,0.3685
APP0001816,PRD000722,2025-12-23,49639.35,36,7.79,60517.58,investimento,GO,79.2,29.4,0.038,84.81,16.61,7.74,6.957,81.85,0.3621
APP0001817,PRD000723,2026-10-29,22581.03,18,16.59,39405.28,investimento,TO,136.9,30.9,0.132,142.31,16.29,7.86,6.879,84.46,0.6677
APP0001818,PRD000723,2025-04-05,23505.64,24,16.75,20237.16,investimento,TO,52.8,25.4,0.681,97.32,15.89,6.77,6.48,81.98,0.8399
APP0001819,PRD000723,2022-08-04,36546.31,12,7.12,40872.72,comercializacao,TO,138.8,21.8,0.129,134.9,10.97,4.34,5.033,99.26,0.5528
APP0001820,PRD000724,2022-02-24,19842.36,36,17.45,28936.43,custeio,TO,200.5,19.5,0.1,138.27,10.54,4.52,5.093,99.9,0.221
APP0001821,PRD000725,2022-05-19,36372.87,18,6.77,25631.7,comercializacao,PI,120.4,20.0,0.124,182.15,10.73,4.53,5.077,99.68,0.1812
APP0001822,PRD000725,2025-07-23,42082.04,12,8.61,28492.78,industrializacao,PI,68.3,24.9,0.165,169.72,16.76,7.58,6.979,80.98,0.3658
APP0001823,PRD000726,2023-03-06,15548.73,24,9.44,22842.39,investimento,BA,117.4,25.5,0.226,121.69,11.34,4.05,4.953,99.59,0.2947
APP0001824,PRD000727,2022-03-30,31878.97,6,15.76,30383.03,custeio,TO,211.2,18.1,0.267,119.84,10.67,4.59,5.055,98.83,0.2878
APP0001825,PRD000728,2025-07-12,25438.0,12,10.37,25457.07,comercializacao,MT,108.0,18.2,0.129,131.17,16.76,7.58,6.979,80.98,0.5675
APP0001826,PRD000729,2022-04-07,128220.54,12,14.37,96612.11,comercializacao,MS,174.7,24.2,0.188,174.88,10.71,4.56,5.06,99.87,0.3258
APP0001827,PRD000729,2025-11-19,31476.42,24,10.84,48389.47,industrializacao,MS,106.3,18.4,0.214,183.17,16.6,7.75,6.959,81.73,0.4943
APP0001828,PRD000730,2024-10-02,24418.26,18,16.44,21031.08,custeio,MT,137.1,25.7,0.114,125.44,12.65,5.14,5.398,92.17,0.6363
APP0001829,PRD000730,2025-05-27,40492.61,36,9.07,46476.03,investimento,MT,70.5,21.3,0.55,96.75,16.25,7.09,6.729,81.39,0.8009
APP0001830,PRD000730,2024-09-02,21572.15,6,13.25,21203.31,industrializacao,MT,140.2,26.4,0.113,131.68,12.34,4.97,5.245,93.58,0.5807
APP0001831,PRD000730,2024-11-10,57667.55,24,16.03,50056.35,custeio,MT,93.0,20.4,0.183,126.89,13.13,5.44,5.596,90.86,0.6611
APP0001832,PRD000731,2026-05-15,16302.55,12,13.7,25341.19,industrializacao,MS,122.0,19.7,0.28,175.36,16.46,8.05,6.992,80.92,0.2748
APP0001833,PRD000731,2026-07-07,25045.08,12,16.93,18214.08,comercializacao,MS,163.7,21.7,0.267,199.14,16.33,7.98,6.914,82.48,0.3688
APP0001834,PRD000731,2023-05-04,80280.33,6,10.66,75039.08,investimento,MS,84.4,29.8,0.116,203.09,11.32,3.99,4.959,101.0,0.1533
APP0001835,PRD000731,2026-04-21,23293.08,6,14.25,22814.18,industrializacao,MS,131.3,33.5,0.202,196.4,16.55,7.95,7.038,80.49,0.3385
APP0001836,PRD000732,2024-07-23,14689.64,24,12.93,13733.73,comercializacao,MS,118.2,30.4,0.142,176.03,11.7,4.51,4.809,97.34,0.3035
APP0001837,PRD000732,2023-12-15,124310.55,18,9.57,214356.63,industrializacao,MS,213.1,28.1,0.102,179.28,11.37,4.23,4.853,101.44,0.2008
APP0001838,PRD000732,2026-04-04,126170.12,36,14.29,144747.29,investimento,MS,131.3,33.5,0.202,196.4,16.55,7.95,7.038,80.49,0.4577
APP0001839,PRD000732,2025-08-12,108730.29,6,15.27,69319.94,investimento,MS,199.0,21.6,0.017,193.18,16.68,7.68,6.994,80.38,0.4793
APP0001840,PRD000733,2022-02-14,95601.22,24,15.24,65167.63,investimento,MG,174.0,26.8,0.061,77.67,10.54,4.52,5.093,99.9,0.5527
APP0001841,PRD000733,2025-11-10,28748.93,36,14.47,48039.62,custeio,MG,141.5,28.1,0.111,77.44,16.6,7.75,6.959,81.73,0.6763
APP0001842,PRD000733,2025-02-04,29954.27,36,11.31,52157.67,industrializacao,MG,120.8,27.2,0.585,67.46,14.99,6.26,6.101,85.95,0.7338
APP0001843,PRD000734,2026-08-14,123203.41,18,12.97,135192.79,custeio,RS,66.7,18.9,0.295,90.96,16.48,7.96,6.926,83.04,0.5689
APP0001844,PRD000734,2024-08-12,59703.57,12,10.25,91458.09,comercializacao,RS,146.5,19.2,0.208,88.06,11.97,4.69,5.047,96.01,0.3402
APP0001845,PRD000734,2023-04-05,21869.7,24,14.08,33399.7,industrializacao,RS,112.6,22.7,0.124,82.71,11.38,4.0,4.932,99.91,0.3199
APP0001846,PRD000735,2025-05-15,137613.19,12,13.85,91988.42,investimento,PI,44.8,32.2,0.561,136.06,16.25,7.09,6.729,81.39,0.669
APP0001847,PRD000735,2024-11-17,29869.81,36,17.24,38475.27,investimento,PI,162.3,27.2,0.033,164.77,13.13,5.44,5.596,90.86,0.3747
APP0001848,PRD000735,2023-08-02,63229.45,12,7.18,76759.86,comercializacao,PI,167.0,25.5,0.092,181.96,11.42,4.09,4.906,103.9,0.2968
APP0001849,PRD000736,2022-10-06,5630.15,18,14.43,8888.37,custeio,PI,208.5,31.8,0.076,172.9,11.13,4.34,5.037,97.77,0.4609
APP0001850,PRD000736,2025-05-02,16215.24,12,16.89,18685.68,investimento,PI,44.8,32.2,0.561,136.06,16.25,7.09,6.729,81.39,0.7997
APP0001851,PRD000737,2023-08-30,22884.55,6,16.57,32178.07,custeio,BA,113.6,19.9,0.22,120.21,11.42,4.09,4.906,103.9,0.4628
APP0001852,PRD000737,2025-07-28,8451.73,6,13.86,5352.66,custeio,BA,66.4,21.2,0.09,119.07,16.76,7.58,6.979,80.98,0.7087
APP0001853,PRD000737,2025-08-23,40959.49,6,10.65,30896.31,comercializacao,BA,141.6,18.2,0.157,108.16,16.68,7.68,6.994,80.38,0.7032
APP0001854,PRD000737,2026-11-06,8595.83,12,15.11,8928.01,comercializacao,BA,96.5,32.8,0.097,107.56,16.32,7.8,6.864,85.41,0.6816
APP0001855,PRD000738,2022-09-03,15147.81,18,14.18,20379.99,comercializacao,MG,82.4,20.0,0.228,85.99,11.12,4.39,5.008,98.34,0.2054
APP0001856,PRD000738,2023-07-08,62848.67,6,12.64,101891.66,investimento,MG,180.1,18.4,0.23,73.64,11.39,4.11,4.951,102.57,0.166
APP0001857,PRD000738,2024-06-17,31103.27,36,10.74,38587.62,comercializacao,MG,69.0,25.5,0.548,55.64,11.35,4.33,4.729,101.06,0.2968
APP0001858,PRD000738,2023-01-28,16805.5,18,13.32,26730.37,investimento,MG,116.6,21.8,0.007,79.57,11.2,4.06,4.981,99.95,0.139
APP0001859,PRD000739,2026-11-29,54394.19,6,10.36,93083.08,custeio,SP,152.2,27.3,0.024,60.02,16.32,7.8,6.864,85.41,0.675
APP0001860,PRD000739,2024-11-07,70392.91,18,16.99,72487.4,industrializacao,SP,203.9,33.0,0.005,70.84,13.13,5.44,5.596,90.86,0.5956
APP0001861,PRD000739,2023-06-03,41036.48,36,9.32,39696.35,custeio,SP,172.5,18.6,0.018,70.92,11.43,4.08,4.974,101.38,0.5715
APP0001862,PRD000740,2025-03-09,39736.34,12,10.99,49893.11,industrializacao,MG,52.1,18.6,0.503,69.43,15.36,6.47,6.304,83.95,0.4692
APP0001863,PRD000740,2026-07-02,17222.28,12,15.53,27188.63,comercializacao,MG,95.1,32.6,0.05,80.95,16.33,7.98,6.914,82.48,0.3923
APP0001864,PRD000740,2025-08-30,73879.94,24,8.31,76285.01,comercializacao,MG,201.9,32.0,0.023,75.03,16.68,7.68,6.994,80.38,0.3999
APP0001865,PRD000740,2026-02-06,17441.71,6,15.19,11730.18,investimento,MG,141.0,34.0,0.046,83.33,16.55,7.87,6.969,81.38,0.47
APP0001866,PRD000741,2026-09-22,46300.28,6,11.56,35743.29,comercializacao,MT,92.4,28.6,0.077,129.41,16.34,7.89,6.904,83.16,0.7466
APP0001867,PRD000741,2025-09-30,54352.76,6,14.38,83084.81,comercializacao,MT,125.1,22.3,0.189,117.18,16.79,7.7,7.0,79.08,0.6858
APP0001868,PRD000742,2026-03-16,81247.78,36,9.92,114460.56,comercializacao,MT,208.4,21.4,0.202,117.06,16.55,7.88,7.004,81.6,0.3239
APP0001869,PRD000742,2023-07-02,110482.38,36,10.61,157195.97,custeio,MT,169.4,25.1,0.073,113.5,11.39,4.11,4.951,102.57,0.1529
APP0001870,PRD000743,2025-04-26,134504.89,18,10.37,209575.58,comercializacao,MT,140.9,22.3,0.564,97.96,15.89,6.77,6.48,81.98,0.3802
APP0001871,PRD000743,2025-12-27,106391.69,36,16.57,85960.32,custeio,MT,141.5,25.9,0.054,127.66,16.61,7.74,6.957,81.85,0.3444
APP0001872,PRD000743,2024-10-06,54394.42,12,11.55,39586.33,investimento,MT,137.1,25.7,0.114,125.44,12.65,5.14,5.398,92.17,0.2674
APP0001873,PRD000743,2022-02-18,11374.35,12,11.03,15910.36,industrializacao,MT,139.8,26.5,0.051,118.67,10.54,4.52,5.093,99.9,0.1606
APP0001874,PRD000744,2025-12-26,90197.67,24,10.37,93796.54,industrializacao,TO,145.7,32.8,0.262,121.76,16.61,7.74,6.957,81.85,0.7259
APP0001875,PRD000744,2022-09-09,96931.78,12,14.63,151755.27,investimento,TO,106.8,20.2,0.292,129.58,11.12,4.39,5.008,98.34,0.5051
APP0001876,PRD000744,2022-03-19,33162.55,18,13.26,26651.08,investimento,TO,211.2,18.1,0.267,119.84,10.67,4.59,5.055,98.83,0.5564
APP0001877,PRD000745,2026-05-17,100755.07,24,15.64,82525.7,comercializacao,MS,122.0,19.7,0.28,175.36,16.46,8.05,6.992,80.92,0.57
APP0001878,PRD000745,2025-12-02,12982.3,24,8.73,20058.23,investimento,MS,65.8,21.7,0.147,180.72,16.61,7.74,6.957,81.85,0.5084
APP0001879,PRD000745,2025-05-30,23338.6,12,7.42,40847.69,custeio,MS,90.7,32.8,0.36,137.91,16.25,7.09,6.729,81.39,0.5476
APP0001880,PRD000745,2024-09-29,32959.94,18,8.73,44615.84,industrializacao,MS,201.3,21.2,0.243,174.72,12.34,4.97,5.245,93.58,0.3432
APP0001881,PRD000746,2026-06-07,88536.6,24,7.29,149018.14,custeio,GO,212.8,24.8,0.061,79.58,16.47,8.03,6.961,81.3,0.3367
APP0001882,PRD000746,2022-02-23,40762.43,36,11.71,25940.62,comercializacao,GO,130.1,22.5,0.142,94.14,10.54,4.52,5.093,99.9,0.3039
APP0001883,PRD000746,2022-04-16,34851.98,12,11.87,56459.83,custeio,GO,130.1,23.2,0.164,90.29,10.71,4.56,5.06,99.87,0.2139
APP0001884,PRD000746,2022-09-24,75864.36,6,15.03,92602.55,investimento,GO,193.1,19.0,0.297,85.26,11.12,4.39,5.008,98.34,0.2657
APP0001885,PRD000747,2025-05-27,223606.36,6,12.54,244708.06,custeio,SP,138.2,19.1,0.684,55.55,16.25,7.09,6.729,81.39,0.7756
APP0001886,PRD000747,2022-11-05,13064.88,24,7.48,10294.43,comercializacao,SP,86.4,23.0,0.03,72.52,11.17,4.25,4.99,99.15,0.4963
APP0001887,PRD000747,2023-12-13,12238.33,18,13.06,18686.84,investimento,SP,179.2,29.3,0.198,72.02,11.37,4.23,4.853,101.44,0.4207
APP0001888,PRD000748,2023-12-20,15888.81,36,6.84,12724.08,custeio,MT,189.9,31.3,0.218,110.17,11.37,4.23,4.853,101.44,0.2783
APP0001889,PRD000748,2025-05-24,26391.54,18,6.64,46071.51,custeio,MT,70.5,21.3,0.55,96.75,16.25,7.09,6.729,81.39,0.453
APP0001890,PRD000748,2023-03-29,37798.98,24,13.97,46069.75,comercializacao,MT,63.7,27.8,0.05,124.39,11.34,4.05,4.953,99.59,0.2073
APP0001891,PRD000748,2023-11-29,53048.44,6,13.26,68435.06,comercializacao,MT,157.1,33.8,0.214,119.85,11.34,4.18,4.877,101.75,0.2208
APP0001892,PRD000749,2022-12-27,89679.89,36,9.85,96138.22,industrializacao,PR,184.7,22.1,0.003,174.42,11.08,4.15,5.026,98.95,0.5406
APP0001893,PRD000749,2022-09-13,14217.0,6,10.05,25038.63,comercializacao,PR,84.9,27.6,0.187,159.83,11.12,4.39,5.008,98.34,0.4621
APP0001894,PRD000749,2022-04-05,81022.33,24,8.18,95962.26,investimento,PR,169.5,24.9,0.153,179.68,10.71,4.56,5.06,99.87,0.5323
APP0001895,PRD000749,2023-02-17,95158.49,6,11.58,159227.57,industrializacao,PR,70.6,26.6,0.05,176.02,11.2,3.98,4.998,100.89,0.4344
APP0001896,PRD000750,2024-12-27,25622.22,6,17.51,18018.87,industrializacao,SP,186.1,30.3,0.199,65.93,13.83,5.67,5.708,89.04,0.4275
APP0001897,PRD000750,2024-05-28,26429.99,24,13.69,36572.3,comercializacao,SP,135.4,21.1,0.649,54.77,11.35,4.3,4.766,101.07,0.4383
APP0001898,PRD000750,2023-03-20,34000.25,12,9.71,29080.87,industrializacao,SP,95.8,22.5,0.118,63.85,11.34,4.05,4.953,99.59,0.3346
APP0001899,PRD000751,2023-12-31,66144.5,12,17.15,60219.03,industrializacao,RS,109.7,26.1,0.193,87.6,11.37,4.23,4.853,101.44,0.4389
APP0001900,PRD000751,2024-06-20,45265.19,18,7.29,54804.97,industrializacao,RS,58.4,26.3,0.472,80.6,11.35,4.33,4.729,101.06,0.5015
APP0001901,PRD000751,2024-06-03,55818.58,18,10.98,65894.99,custeio,RS,58.4,26.3,0.472,80.6,11.35,4.33,4.729,101.06,0.5046
APP0001902,PRD000752,2022-02-25,40519.68,36,16.42,41277.87,comercializacao,TO,200.5,19.5,0.1,138.27,10.54,4.52,5.093,99.9,0.5349
APP0001903,PRD000753,2022-10-18,51269.97,24,10.88,31186.94,custeio,PR,173.6,32.4,0.093,182.74,11.13,4.34,5.037,97.77,0.199
APP0001904,PRD000753,2026-11-28,62479.17,36,7.03,108993.49,comercializacao,PR,80.6,30.2,0.073,157.11,16.32,7.8,6.864,85.41,0.2803
APP0001905,PRD000754,2026-08-11,48238.79,12,7.94,58788.58,comercializacao,RS,66.7,18.9,0.295,90.96,16.48,7.96,6.926,83.04,0.5257
APP0001906,PRD000754,2025-05-18,62356.75,6,14.97,97371.42,custeio,RS,119.6,19.1,0.515,77.72,16.25,7.09,6.729,81.39,0.5953
APP0001907,PRD000755,2022-07-23,19448.07,6,15.52,28781.33,industrializacao,RS,129.2,18.9,0.032,96.25,10.92,4.41,5.063,99.17,0.172
APP0001908,PRD000755,2023-08-05,14118.07,6,14.09,19261.5,industrializacao,RS,140.0,19.4,0.106,92.02,11.42,4.09,4.906,103.9,0.1914
APP0001909,PRD000755,2023-05-04,36946.55,24,8.64,25685.35,industrializacao,RS,117.4,28.9,0.106,99.82,11.32,3.99,4.959,101.0,0.2565
APP0001910,PRD000755,2025-12-20,35594.9,6,15.0,32247.56,industrializacao,RS,188.0,27.1,0.112,83.46,16.61,7.74,6.957,81.85,0.4242
APP0001911,PRD000756,2023-08-18,132780.44,18,7.27,106809.64,investimento,TO,104.7,24.8,0.004,139.45,11.42,4.09,4.906,103.9,0.1595
APP0001912,PRD000756,2025-07-09,69310.67,24,8.49,58823.13,investimento,TO,84.6,19.7,0.069,140.16,16.76,7.58,6.979,80.98,0.3165
APP0001913,PRD000757,2023-02-24,72569.02,36,16.1,89186.12,investimento,MG,214.6,24.1,0.163,70.7,11.2,3.98,4.998,100.89,0.1791
APP0001914,PRD000757,2022-09-09,11051.4,6,11.8,17534.6,investimento,MG,82.4,20.0,0.228,85.99,11.12,4.39,5.008,98.34,0.1744
APP0001915,PRD000758,2023-08-16,8022.37,24,11.71,12467.42,comercializacao,PI,167.0,25.5,0.092,181.96,11.42,4.09,4.906,103.9,0.1889
APP0001916,PRD000759,2025-08-24,56432.04,18,10.13,70972.74,custeio,TO,148.8,28.8,0.285,143.31,16.68,7.68,6.994,80.38,0.4815
APP0001917,PRD000759,2022-07-22,17270.95,18,10.76,23894.18,industrializacao,TO,125.3,28.9,0.263,133.93,10.92,4.41,5.063,99.17,0.2862
APP0001918,PRD000759,2026-03-20,170860.31,24,11.11,154124.46,custeio,TO,80.2,32.5,0.153,134.73,16.55,7.88,7.004,81.6,0.4932
APP0001919,PRD000759,2025-02-25,63457.45,24,10.07,105120.85,custeio,TO,83.4,23.6,0.427,110.28,14.99,6.26,6.101,85.95,0.4653
APP0001920,PRD000760,2024-01-15,8879.94,36,12.47,10967.29,industrializacao,PR,114.3,23.1,0.312,137.67,11.38,4.15,4.823,100.55,0.232
APP0001921,PRD000760,2022-10-22,34111.2,18,8.13,20669.21,comercializacao,PR,173.6,32.4,0.093,182.74,11.13,4.34,5.037,97.77,0.2092
APP0001922,PRD000760,2025-05-28,31586.52,36,11.47,44937.68,industrializacao,PR,116.3,33.3,0.573,125.31,16.25,7.09,6.729,81.39,0.4134
APP0001923,PRD000760,2024-04-29,86816.92,36,6.93,68991.02,comercializacao,PR,65.0,33.7,0.667,131.06,11.32,4.4,4.805,100.32,0.3189
APP0001924,PRD000761,2022-04-24,14458.0,12,18.0,22914.68,custeio,PI,120.5,28.2,0.027,179.61,10.71,4.56,5.06,99.87,0.2986
APP0001925,PRD000761,2022-08-18,84126.94,6,11.11,75874.96,comercializacao,PI,158.3,25.4,0.107,189.06,10.97,4.34,5.033,99.26,0.347
APP0001926,PRD000762,2023-10-17,20312.81,18,8.27,21759.78,comercializacao,PR,140.9,21.6,0.188,162.44,11.35,4.2,4.922,102.76,0.3494
APP0001927,PRD000762,2024-07-25,90799.82,36,8.93,62418.48,investimento,PR,93.3,24.5,0.265,166.63,11.7,4.51,4.809,97.34,0.4297
APP0001928,PRD000762,2025-08-24,36606.48,6,14.05,36380.04,industrializacao,PR,195.7,22.0,0.034,182.92,16.68,7.68,6.994,80.38,0.5083
APP0001929,PRD000762,2025-06-18,17034.27,12,15.79,21312.1,comercializacao,PR,74.2,20.8,0.424,136.75,16.84,7.51,6.986,80.33,0.646
APP0001930,PRD000763,2025-09-22,19163.59,36,17.12,19018.42,custeio,MG,66.5,33.7,0.254,71.49,16.79,7.7,7.0,79.08,0.3995
APP0001931,PRD000763,2025-11-19,9469.76,36,17.92,14487.75,industrializacao,MG,141.5,28.1,0.111,77.44,16.6,7.75,6.959,81.73,0.3208
APP0001932,PRD000763,2022-09-22,20671.38,36,10.02,24074.56,investimento,MG,82.4,20.0,0.228,85.99,11.12,4.39,5.008,98.34,0.2252
APP0001933,PRD000763,2025-04-27,62632.97,12,11.46,102217.45,industrializacao,MG,70.1,18.4,0.596,67.17,15.89,6.77,6.48,81.98,0.4148
APP0001934,PRD000764,2023-01-27,29504.69,36,16.69,19423.94,custeio,RS,173.5,27.7,0.245,95.31,11.2,4.06,4.981,99.95,0.2589
APP0001935,PRD000764,2022-09-26,42425.31,36,10.1,62125.82,investimento,RS,62.1,29.4,0.146,92.89,11.12,4.39,5.008,98.34,0.1863
APP0001936,PRD000764,2026-09-10,47179.83,12,7.93,77023.27,custeio,RS,180.7,27.5,0.254,83.85,16.34,7.89,6.904,83.16,0.3156
APP0001937,PRD000764,2025-03-17,15262.78,18,14.91,16166.78,comercializacao,RS,107.8,23.0,0.611,71.17,15.36,6.47,6.304,83.95,0.4526
APP0001938,PRD000765,2025-11-11,27975.29,12,13.77,24701.79,comercializacao,PR,138.7,28.7,0.103,162.57,16.6,7.75,6.959,81.73,0.3753
APP0001939,PRD000765,2023-08-13,22202.25,12,10.21,31267.78,comercializacao,PR,176.0,18.7,0.004,156.29,11.42,4.09,4.906,103.9,0.1443
APP0001940,PRD000765,2025-08-10,35919.61,36,15.2,57680.46,comercializacao,PR,195.7,22.0,0.034,182.92,16.68,7.68,6.994,80.38,0.2591
APP0001941,PRD000765,2023-08-03,38157.79,18,7.07,35716.6,investimento,PR,176.0,18.7,0.004,156.29,11.42,4.09,4.906,103.9,0.1692
APP0001942,PRD000766,2026-10-17,251618.58,36,13.49,291564.73,comercializacao,BA,158.6,19.0,0.189,123.33,16.29,7.86,6.879,84.46,0.5552
APP0001943,PRD000767,2022-06-26,34596.07,36,8.5,48891.65,investimento,BA,168.5,18.5,0.149,120.97,10.82,4.51,5.065,99.4,0.3551
APP0001944,PRD000767,2022-09-22,72317.6,12,12.13,74163.06,industrializacao,BA,131.7,18.0,0.195,121.95,11.12,4.39,5.008,98.34,0.3799
APP0001945,PRD000768,2024-01-02,34792.55,18,10.06,59568.42,custeio,TO,116.6,18.3,0.632,122.69,11.38,4.15,4.823,100.55,0.4279
APP0001946,PRD000768,2024-04-12,31268.17,12,13.17,48727.21,investimento,TO,115.2,29.5,0.508,120.12,11.32,4.4,4.805,100.32,0.4215
APP0001947,PRD000768,2025-05-28,19989.87,6,16.07,35063.5,custeio,TO,104.2,32.1,0.57,112.35,16.25,7.09,6.729,81.39,0.5895
APP0001948,PRD000768,2026-08-28,138262.2,36,7.08,109105.05,comercializacao,TO,182.5,30.5,0.233,136.95,16.48,7.96,6.926,83.04,0.5567
APP0001949,PRD000769,2023-08-13,81934.98,12,14.61,130987.84,investimento,PI,167.0,25.5,0.092,181.96,11.42,4.09,4.906,103.9,0.2486
APP0001950,PRD000769,2026-11-06,11623.73,6,14.42,8503.58,comercializacao,PI,182.2,33.6,0.009,169.92,16.32,7.8,6.864,85.41,0.4941
APP0001951,PRD000770,2025-03-07,55481.23,24,14.18,39116.54,investimento,MT,64.4,30.8,0.498,102.46,15.36,6.47,6.304,83.95,0.5905
APP0001952,PRD000770,2022-07-03,26104.56,12,6.89,44674.48,comercializacao,MT,211.8,20.0,0.119,114.33,10.92,4.41,5.063,99.17,0.2755
APP0001953,PRD000771,2022-04-04,20685.17,12,11.01,19612.06,investimento,TO,77.1,20.5,0.282,142.33,10.71,4.56,5.06,99.87,0.5148
APP0001954,PRD000772,2025-04-19,78672.56,24,13.74,62794.86,industrializacao,MG,70.1,18.4,0.596,67.17,15.89,6.77,6.48,81.98,0.8197
APP0001955,PRD000772,2024-03-26,53786.83,12,11.81,35302.92,industrializacao,MG,44.0,21.7,0.562,60.43,11.47,4.33,4.765,101.33,0.7015
APP0001956,PRD000772,2024-09-14,9360.42,12,8.67,14047.48,custeio,MG,87.5,22.4,0.244,78.27,12.34,4.97,5.245,93.58,0.5312
APP0001957,PRD000772,2022-05-03,48451.22,12,10.43,71565.41,industrializacao,MG,133.5,23.5,0.076,71.56,10.73,4.53,5.077,99.68,0.5
APP0001958,PRD000773,2024-04-04,26774.4,24,8.41,37207.96,custeio,BA,65.6,25.6,0.657,105.16,11.32,4.4,4.805,100.32,0.5048
APP0001959,PRD000773,2023-05-10,8340.88,12,9.03,12128.35,comercializacao,BA,85.5,30.8,0.042,120.65,11.32,3.99,4.959,101.0,0.3506
APP0001960,PRD000773,2025-08-21,190479.86,24,16.34,235058.68,custeio,BA,141.6,18.2,0.157,108.16,16.68,7.68,6.994,80.38,0.5746
APP0001961,PRD000774,2023-08-31,131473.47,18,7.89,128203.78,custeio,MS,103.3,21.2,0.149,173.6,11.42,4.09,4.906,103.9,0.1574
APP0001962,PRD000774,2026-08-02,104822.05,24,11.05,147751.2,comercializacao,MS,62.0,31.3,0.258,175.39,16.48,7.96,6.926,83.04,0.2712
APP0001963,PRD000774,2025-04-02,20008.79,6,6.98,34301.71,investimento,MS,118.1,28.3,0.542,167.89,15.89,6.77,6.48,81.98,0.3423
APP0001964,PRD000775,2024-07-05,53932.98,36,16.19,80042.81,investimento,RS,118.2,30.8,0.129,88.85,11.7,4.51,4.809,97.34,0.2012
APP0001965,PRD000775,2022-06-30,16960.89,18,12.02,22141.56,investimento,RS,213.6,31.8,0.072,97.71,10.82,4.51,5.065,99.4,0.2094
APP0001966,PRD000776,2025-08-06,13573.08,24,7.02,9285.4,industrializacao,MT,162.8,27.4,0.19,127.54,16.68,7.68,6.994,80.38,0.3059
APP0001967,PRD000776,2023-01-14,49453.46,36,7.39,76558.42,investimento,MT,75.7,27.3,0.125,119.36,11.2,4.06,4.981,99.95,0.1367
APP0001968,PRD000776,2022-09-07,16618.18,18,16.76,23355.32,investimento,MT,94.8,32.4,0.084,127.9,11.12,4.39,5.008,98.34,0.1299
APP0001969,PRD000776,2025-05-28,44169.51,18,13.03,74086.58,custeio,MT,70.5,21.3,0.55,96.75,16.25,7.09,6.729,81.39,0.3323
APP0001970,PRD000777,2026-07-08,27947.26,36,15.81,23413.2,industrializacao,MT,109.3,27.0,0.229,109.34,16.33,7.98,6.914,82.48,0.7335
APP0001971,PRD000777,2025-09-12,36207.85,36,6.78,63040.07,investimento,MT,125.1,22.3,0.189,117.18,16.79,7.7,7.0,79.08,0.6781
APP0001972,PRD000777,2024-06-01,104724.04,18,14.41,90730.52,custeio,MT,55.1,30.9,0.384,108.78,11.35,4.33,4.729,101.06,0.6432
APP0001973,PRD000777,2025-10-24,18545.79,12,16.61,27671.87,custeio,MT,163.2,22.2,0.16,117.49,16.74,7.72,7.0,80.46,0.684
APP0001974,PRD000778,2023-11-18,42762.77,24,8.4,50120.92,industrializacao,BA,202.9,33.5,0.24,113.37,11.34,4.18,4.877,101.75,0.5378
APP0001975,PRD000778,2022-10-27,14941.64,12,12.11,20296.85,industrializacao,BA,212.3,25.8,0.069,121.38,11.13,4.34,5.037,97.77,0.5361
APP0001976,PRD000778,2025-05-25,63049.0,6,14.87,58293.74,investimento,BA,91.7,21.9,0.616,82.04,16.25,7.09,6.729,81.39,0.8376
APP0001977,PRD000779,2024-05-02,31348.4,6,17.28,30029.09,industrializacao,PR,68.8,29.7,0.737,133.79,11.35,4.3,4.766,101.07,0.4545
APP0001978,PRD000779,2022-06-28,84180.89,36,15.86,89512.57,industrializacao,PR,174.2,25.9,0.171,171.75,10.82,4.51,5.065,99.4,0.3012
APP0001979,PRD000779,2025-06-15,87564.72,18,13.45,156038.22,investimento,PR,74.2,20.8,0.424,136.75,16.84,7.51,6.986,80.33,0.5095
APP0001980,PRD000779,2025-10-25,68844.43,6,12.48,76602.71,industrializacao,PR,218.0,23.8,0.132,170.37,16.74,7.72,7.0,80.46,0.4584
APP0001981,PRD000780,2023-04-16,49796.97,36,17.71,43494.15,custeio,RS,112.6,22.7,0.124,82.71,11.38,4.0,4.932,99.91,0.1868
APP0001982,PRD000781,2025-01-20,12437.07,12,9.58,13742.88,investimento,BA,57.4,24.0,0.489,91.88,14.32,6.06,5.846,87.46,0.6769
APP0001983,PRD000781,2023-02-21,35725.57,12,13.76,47583.09,custeio,BA,146.8,23.8,0.13,115.79,11.2,3.98,4.998,100.89,0.4176
APP0001984,PRD000782,2022-11-24,30524.75,18,8.57,18531.11,custeio,BA,155.7,25.3,0.142,105.85,11.17,4.25,4.99,99.15,0.2302
APP0001985,PRD000782,2022-05-30,78875.91,24,13.83,112230.95,comercializacao,BA,103.2,29.2,0.144,118.73,10.73,4.53,5.077,99.68,0.194
APP0001986,PRD000783,2025-04-30,39320.12,24,7.02,35124.17,industrializacao,BA,42.5,25.0,0.644,85.11,15.89,6.77,6.48,81.98,0.6508
APP0001987,PRD000784,2023-01-10,55531.97,12,7.62,84849.51,comercializacao,BA,134.8,23.6,0.088,120.61,11.2,4.06,4.981,99.95,0.3623
APP0001988,PRD000785,2025-03-24,87767.15,36,13.85,131842.03,industrializacao,BA,90.6,30.7,0.538,96.08,15.36,6.47,6.304,83.95,0.5368
APP0001989,PRD000785,2026-09-23,100806.58,18,17.9,155341.89,industrializacao,BA,185.7,20.2,0.101,117.82,16.34,7.89,6.904,83.16,0.4391
APP0001990,PRD000785,2022-08-21,30079.95,18,14.77,29037.2,custeio,BA,136.7,30.8,0.007,108.3,10.97,4.34,5.033,99.26,0.2957
APP0001991,PRD000785,2024-08-10,70328.43,6,8.03,54065.54,custeio,BA,75.2,28.9,0.178,117.45,11.97,4.69,5.047,96.01,0.4188
APP0001992,PRD000786,2022-04-20,16058.5,36,6.61,26391.89,investimento,TO,77.1,20.5,0.282,142.33,10.71,4.56,5.06,99.87,0.1985
APP0001993,PRD000786,2023-08-03,54376.68,6,8.56,45995.83,custeio,TO,104.7,24.8,0.004,139.45,11.42,4.09,4.906,103.9,0.2066
APP0001994,PRD000786,2025-05-14,69381.98,18,14.53,87120.27,comercializacao,TO,104.2,32.1,0.57,112.35,16.25,7.09,6.729,81.39,0.4794
APP0001995,PRD000787,2022-11-25,20867.95,6,16.67,14730.88,industrializacao,GO,70.7,19.2,0.028,88.5,11.17,4.25,4.99,99.15,0.3458
APP0001996,PRD000787,2026-01-25,19698.72,12,8.43,20950.3,custeio,GO,210.3,33.5,0.292,81.92,16.52,7.83,6.952,81.49,0.5161
APP0001997,PRD000787,2026-03-15,65498.17,36,7.77,102429.03,industrializacao,GO,144.1,30.5,0.169,88.01,16.55,7.88,7.004,81.6,0.4897
APP0001998,PRD000787,2026-06-16,96399.34,12,17.46,58656.22,comercializacao,GO,212.8,24.8,0.061,79.58,16.47,8.03,6.961,81.3,0.5098
APP0001999,PRD000788,2026-03-25,16090.37,6,8.46,10441.93,custeio,PR,118.4,22.0,0.154,184.15,16.55,7.88,7.004,81.6,0.4334
APP0002000,PRD000788,2024-09-16,19559.4,6,9.75,27548.45,investimento,PR,174.0,27.1,0.284,175.66,12.34,4.97,5.245,93.58,0.2535
APP0002001,PRD000788,2022-06-08,44658.12,6,7.2,45161.02,comercializacao,PR,174.2,25.9,0.171,171.75,10.82,4.51,5.065,99.4,0.2664
APP0002002,PRD000789,2024-12-16,22350.09,36,9.85,38328.26,investimento,MG,157.0,18.7,0.295,72.55,13.83,5.67,5.708,89.04,0.5505
APP0002003,PRD000790,2024-07-14,42565.07,6,12.93,62625.67,industrializacao,GO,84.2,31.0,0.201,85.12,11.7,4.51,4.809,97.34,0.1724
APP0002004,PRD000790,2024-03-15,23338.95,6,10.41,28285.04,custeio,GO,49.4,23.8,0.439,68.3,11.47,4.33,4.765,101.33,0.2516
APP0002005,PRD000790,2022-06-22,36169.87,12,11.73,47524.73,investimento,GO,213.2,23.8,0.232,91.8,10.82,4.51,5.065,99.4,0.1994
APP0002006,PRD000790,2025-01-28,103866.26,12,8.0,107315.43,investimento,GO,88.5,32.4,0.511,64.5,14.32,6.06,5.846,87.46,0.3832
APP0002007,PRD000791,2022-02-26,32073.27,24,12.64,22053.43,custeio,SP,208.2,29.2,0.152,64.82,10.54,4.52,5.093,99.9,0.5377
APP0002008,PRD000791,2024-01-16,14381.64,24,10.12,9770.48,comercializacao,SP,58.1,31.9,0.416,47.41,11.38,4.15,4.823,100.55,0.6587
APP0002009,PRD000791,2026-01-12,26366.79,24,13.02,44687.25,investimento,SP,133.3,23.2,0.111,71.25,16.52,7.83,6.952,81.49,0.6544
APP0002010,PRD000792,2026-05-28,29415.19,6,10.04,28159.61,investimento,BA,156.0,24.7,0.169,118.12,16.46,8.05,6.992,80.92,0.3371
APP0002011,PRD000792,2025-01-15,125032.04,6,17.96,217380.34,comercializacao,BA,57.4,24.0,0.489,91.88,14.32,6.06,5.846,87.46,0.2883
APP0002012,PRD000793,2024-08-09,15434.96,36,16.4,11654.87,custeio,BA,75.2,28.9,0.178,117.45,11.97,4.69,5.047,96.01,0.4214
APP0002013,PRD000793,2022-07-17,34508.04,6,11.67,33393.72,industrializacao,BA,152.3,18.7,0.019,119.59,10.92,4.41,5.063,99.17,0.3297
APP0002014,PRD000793,2022-03-24,19911.6,12,12.88,17958.25,investimento,BA,207.1,29.9,0.205,102.82,10.67,4.59,5.055,98.83,0.3325
APP0002015,PRD000793,2023-09-18,21558.79,24,11.8,16453.28,investimento,BA,165.1,24.3,0.173,119.14,11.49,4.14,4.898,102.79,0.36
APP0002016,PRD000794,2025-06-18,175301.77,12,12.62,215439.09,investimento,MT,121.2,19.2,0.561,100.71,16.84,7.51,6.986,80.33,0.7115
APP0002017,PRD000795,2022-12-24,136742.9,12,8.97,200971.6,custeio,MS,131.3,33.6,0.202,179.57,11.08,4.15,5.026,98.95,0.1722
APP0002018,PRD000795,2022-12-01,52494.04,36,9.29,63183.66,investimento,MS,131.3,33.6,0.202,179.57,11.08,4.15,5.026,98.95,0.1879
APP0002019,PRD000795,2026-01-02,49502.97,24,9.79,46691.06,industrializacao,MS,141.5,31.3,0.119,173.38,16.52,7.83,6.952,81.49,0.3961
APP0002020,PRD000795,2023-04-22,12973.63,18,8.01,11516.63,industrializacao,MS,111.9,30.7,0.284,182.73,11.38,4.0,4.932,99.91,0.2172
APP0002021,PRD000796,2026-06-04,123982.33,18,17.69,203309.33,comercializacao,RS,132.7,28.5,0.25,96.51,16.47,8.03,6.961,81.3,0.3766
APP0002022,PRD000796,2022-01-07,31632.02,6,7.84,45214.42,comercializacao,RS,112.4,28.2,0.156,91.76,10.46,4.45,5.045,98.92,0.2114
APP0002023,PRD000797,2025-11-12,69606.71,12,15.7,85881.79,investimento,GO,128.2,18.4,0.163,80.38,16.6,7.75,6.959,81.73,0.6767
APP0002024,PRD000797,2022-03-07,24213.13,18,15.69,17933.02,comercializacao,GO,177.2,31.2,0.262,89.05,10.67,4.59,5.055,98.83,0.5729
APP0002025,PRD000797,2023-02-21,23314.64,12,7.47,16933.5,comercializacao,GO,84.4,23.3,0.055,88.79,11.2,3.98,4.998,100.89,0.5388
APP0002026,PRD000798,2024-09-06,45849.56,6,13.77,56751.41,comercializacao,MS,201.3,21.2,0.243,174.72,12.34,4.97,5.245,93.58,0.4781
APP0002027,PRD000798,2022-08-13,44095.6,24,9.64,52444.8,comercializacao,MS,181.0,21.6,0.118,198.86,10.97,4.34,5.033,99.26,0.4507
APP0002028,PRD000798,2025-09-14,30091.13,36,16.6,53828.12,industrializacao,MS,171.6,25.7,0.013,195.97,16.79,7.7,7.0,79.08,0.5368
APP0002029,PRD000799,2024-02-07,84507.47,6,10.64,137314.55,comercializacao,MT,114.1,23.9,0.55,90.07,11.51,4.24,4.804,101.19,0.3075
APP0002030,PRD000799,2025-08-26,10534.26,18,12.02,13511.28,investimento,MT,162.8,27.4,0.19,127.54,16.68,7.68,6.994,80.38,0.3652
APP0002031,PRD000799,2022-04-10,24055.7,36,8.47,23794.41,custeio,MT,144.7,22.9,0.225,120.16,10.71,4.56,5.06,99.87,0.2499
APP0002032,PRD000799,2022-07-07,15851.91,18,16.9,14050.09,industrializacao,MT,211.8,20.0,0.119,114.33,10.92,4.41,5.063,99.17,0.2589
APP0002033,PRD000800,2023-09-24,21089.74,24,11.34,31468.74,custeio,PR,88.1,25.4,0.27,153.05,11.49,4.14,4.898,102.79,0.3832
APP0002034,PRD000800,2024-02-13,103460.25,24,9.29,117432.42,custeio,PR,79.3,27.1,0.561,154.42,11.51,4.24,4.804,101.19,0.5414
