payment_id,application_id,due_date,payment_date,amount,days_late,default_flag,loss_amount
PAY0000001,APP0000001,2027-05-31,2027-05-31,11902.09,0,0,0.0
PAY0000002,APP0000002,2025-05-21,2025-05-21,30438.19,0,0,0.0
PAY0000003,APP0000003,2023-12-26,2023-12-26,86265.01,0,0,0.0
PAY0000004,APP0000004,2025-05-28,2025-05-28,43781.3,0,0,0.0
PAY0000005,APP0000005,2025-08-19,2026-07-02,57426.17,317,1,23593.23
PAY0000006,APP0000006,2027-09-20,2027-09-20,34458.94,0,0,0.0
PAY0000007,APP0000007,2026-10-10,2026-10-10,149718.04,0,0,0.0
PAY0000008,APP0000008,2024-12-27,2025-03-23,56423.37,86,1,23268.95
PAY0000009,APP0000009,2025-02-08,2025-02-08,7235.31,0,0,0.0
PAY0000010,APP0000010,2026-12-21,2026-12-21,18363.83,0,0,0.0
PAY0000011,APP0000011,2026-05-27,2027-06-18,9990.17,387,1,5840.53
PAY0000012,APP0000012,2026-08-17,2026-08-17,13787.0,0,0,0.0
PAY0000013,APP0000013,2025-09-25,2025-09-25,21244.01,0,0,0.0
PAY0000014,APP0000014,2024-04-19,2024-04-19,44188.6,0,0,0.0
PAY0000015,APP0000015,2026-03-30,2026-03-30,64699.44,0,0,0.0
PAY0000016,APP0000016,2027-05-28,2027-05-28,77302.4,0,0,0.0
PAY0000017,APP0000017,2023-12-11,2024-02-01,76859.72,52,1,23162.68
PAY0000018,APP0000018,2024-09-15,2024-09-15,28937.12,0,0,0.0
PAY0000019,APP0000019,2028-05-07,2029-03-18,26460.36,315,1,17987.77
PAY0000020,APP0000020,2028-10-12,2028-10-12,16528.05,0,0,0.0
PAY0000021,APP0000021,2023-10-18,2023-10-18,36177.38,0,0,0.0
PAY0000022,APP0000022,2025-10-18,2025-10-18,53603.32,0,0,0.0
PAY0000023,APP0000023,2026-02-17,2026-05-23,5000,95,1,1650.59
PAY0000024,APP0000024,2024-04-13,2024-04-13,157081.01,0,0,0.0
PAY0000025,APP0000025,2025-11-25,2025-11-25,22585.65,0,0,0.0
PAY0000026,APP0000026,2026-03-28,2026-10-09,37349.86,195,1,13790.37
PAY0000027,APP0000027,2025-01-08,2025-01-08,40779.94,0,0,0.0
PAY0000028,APP0000028,2024-10-08,2025-05-27,50657.62,231,1,11879.86
PAY0000029,APP0000029,2027-05-14,2027-09-23,16654.8,132,1,8125.61
PAY0000030,APP0000030,2028-02-15,2028-06-12,27203.71,118,1,22333.49
PAY0000031,APP0000031,2029-01-24,2029-06-25,31299.21,152,1,24502.88
PAY0000032,APP0000032,2027-02-21,2027-12-01,39382.83,283,1,13479.28
PAY0000033,APP0000033,2027-01-10,2027-12-19,29884.5,343,1,19875.26
PAY0000034,APP0000034,2025-08-11,2025-12-02,16435.89,113,1,3879.44
PAY0000035,APP0000035,2028-09-11,2028-12-21,102299.31,101,1,58998.68
PAY0000036,APP0000036,2026-02-12,2026-02-12,129554.09,0,0,0.0
PAY0000037,APP0000037,2026-12-10,2026-12-10,18256.88,0,0,0.0
PAY0000038,APP0000038,2028-03-28,2028-03-28,43875.37,0,0,0.0
PAY0000039,APP0000039,2027-05-14,2027-07-15,110888.54,62,1,79745.48
PAY0000040,APP0000040,2029-03-02,2029-09-26,30709.71,208,1,22813.31
PAY0000041,APP0000041,2023-09-03,2023-09-03,119223.21,0,0,0.0
PAY0000042,APP0000042,2027-09-11,2027-09-11,14229.56,0,0,0.0
PAY0000043,APP0000043,2022-07-10,2022-10-08,36298.34,90,1,12149.4
PAY0000044,APP0000044,2023-08-25,2023-08-25,105925.53,0,0,0.0
PAY0000045,APP0000045,2023-08-14,2024-03-07,30334.68,206,1,19114.38
PAY0000046,APP0000046,2024-05-19,2024-05-19,12094.48,0,0,0.0
PAY0000047,APP0000047,2025-02-20,2025-06-07,42026.66,107,1,29285.61
PAY0000048,APP0000048,2024-01-28,2024-01-28,22281.46,0,0,0.0
PAY0000049,APP0000049,2025-05-15,2025-06-23,116534.18,39,1,86933.85
PAY0000050,APP0000050,2026-06-03,2027-07-05,26046.59,397,1,16500.98
PAY0000051,APP0000051,2028-04-20,2028-07-20,13876.77,91,1,4055.09
PAY0000052,APP0000052,2027-05-03,2027-05-03,136802.12,0,0,0.0
PAY0000053,APP0000053,2028-03-23,2028-05-23,100937.74,61,1,31101.81
PAY0000054,APP0000054,2024-12-23,2024-12-23,18327.77,0,0,0.0
PAY0000055,APP0000055,2024-04-14,2024-06-14,151078.45,61,1,42460.83
PAY0000056,APP0000056,2027-06-05,2027-12-10,5021.66,188,1,3037.55
PAY0000057,APP0000057,2025-07-23,2025-12-29,28480.04,159,1,14573.85
PAY0000058,APP0000058,2024-09-27,2025-07-18,67316.41,294,1,18829.34
PAY0000059,APP0000059,2024-02-14,2024-11-21,179045.08,281,1,54647.84
PAY0000060,APP0000060,2027-11-08,2027-11-08,29564.87,0,0,0.0
PAY0000061,APP0000061,2024-06-11,2024-06-11,33333.79,0,0,0.0
PAY0000062,APP0000062,2025-12-30,2026-05-03,35822.85,124,1,15289.44
PAY0000063,APP0000063,2028-10-16,2028-10-16,38556.09,0,0,0.0
PAY0000064,APP0000064,2023-08-30,2023-08-30,41199.8,0,0,0.0
PAY0000065,APP0000065,2027-09-08,2028-10-01,31523.41,389,1,23798.2
PAY0000066,APP0000066,2023-08-02,2023-10-31,28802.39,90,1,6707.37
PAY0000067,APP0000067,2026-10-12,2027-08-17,34997.6,309,1,24476.53
PAY0000068,APP0000068,2028-01-30,2028-01-30,122414.76,0,0,0.0
PAY0000069,APP0000069,2029-05-10,2029-12-29,19842.17,233,1,14071.31
PAY0000070,APP0000070,2027-12-04,2028-02-25,46794.49,83,1,21856.62
PAY0000071,APP0000071,2026-02-11,2026-08-26,23503.18,196,1,11375.09
PAY0000072,APP0000072,2029-02-02,2029-02-02,62001.91,0,0,0.0
PAY0000073,APP0000073,2028-06-30,2029-03-27,71379.04,270,1,16641.13
PAY0000074,APP0000074,2027-08-01,2027-10-19,14496.0,79,1,10904.65
PAY0000075,APP0000075,2028-01-07,2028-01-07,11484.23,0,0,0.0
PAY0000076,APP0000076,2025-10-12,2025-12-18,33591.34,67,1,27908.7
PAY0000077,APP0000077,2025-03-23,2025-03-23,79012.96,0,0,0.0
PAY0000078,APP0000078,2028-02-28,2028-10-30,5000,245,1,2541.5
PAY0000079,APP0000079,2025-08-22,2025-11-07,138067.97,77,1,96232.85
PAY0000080,APP0000080,2025-11-04,2025-11-04,37417.55,0,0,0.0
PAY0000081,APP0000081,2028-01-17,2028-06-13,82554.97,148,1,54791.59
PAY0000082,APP0000082,2025-06-03,2025-06-03,41159.81,0,0,0.0
PAY0000083,APP0000083,2026-03-19,2026-03-19,65715.89,0,0,0.0
PAY0000084,APP0000084,2026-09-26,2026-09-26,53515.57,0,0,0.0
PAY0000085,APP0000085,2027-02-09,2027-04-14,45691.8,64,1,22323.42
PAY0000086,APP0000086,2023-11-05,2023-11-05,39854.62,0,0,0.0
PAY0000087,APP0000087,2029-08-02,2030-01-16,46479.28,167,1,25447.61
PAY0000088,APP0000088,2025-06-24,2025-10-10,51515.6,108,1,43473.34
PAY0000089,APP0000089,2028-05-01,2029-03-28,43511.28,331,1,34044.91
PAY0000090,APP0000090,2029-01-08,2029-01-08,13100.45,0,0,0.0
PAY0000091,APP0000091,2027-12-24,2028-02-15,30771.57,53,1,24522.72
PAY0000092,APP0000092,2025-04-12,2025-04-12,39549.64,0,0,0.0
PAY0000093,APP0000093,2026-09-13,2026-09-13,26435.14,0,0,0.0
PAY0000094,APP0000094,2026-05-27,2026-05-27,42373.84,0,0,0.0
PAY0000095,APP0000095,2029-04-15,2029-04-15,39037.16,0,0,0.0
PAY0000096,APP0000096,2026-01-25,2026-06-20,62027.73,146,1,46261.99
PAY0000097,APP0000097,2027-06-18,2028-07-10,17771.26,388,1,14819.74
PAY0000098,APP0000098,2025-09-12,2026-03-29,66080.7,198,1,27832.22
PAY0000099,APP0000099,2024-06-13,2024-06-13,10400.98,0,0,0.0
PAY0000100,APP0000100,2026-05-27,2026-05-27,34178.63,0,0,0.0
PAY0000101,APP0000101,2024-02-24,2024-10-06,31450.53,225,1,16215.27
PAY0000102,APP0000102,2023-08-14,2023-08-14,52599.33,0,0,0.0
PAY0000103,APP0000103,2024-03-27,2024-03-27,23044.42,0,0,0.0
PAY0000104,APP0000104,2026-05-23,2026-05-23,36184.76,0,0,0.0
PAY0000105,APP0000105,2026-05-07,2026-05-07,97028.52,0,0,0.0
PAY0000106,APP0000106,2029-04-06,2029-09-16,26399.73,163,1,18989.44
PAY0000107,APP0000107,2027-11-24,2028-07-15,30107.06,234,1,18401.6
PAY0000108,APP0000108,2024-04-08,2024-12-14,101904.8,250,1,84256.63
PAY0000109,APP0000109,2026-08-27,2026-11-19,60234.32,84,1,15142.44
PAY0000110,APP0000110,2025-01-20,2025-01-20,49955.69,0,0,0.0
PAY0000111,APP0000111,2025-04-17,2025-04-17,38434.85,0,0,0.0
PAY0000112,APP0000112,2026-01-21,2026-01-21,67616.26,0,0,0.0
PAY0000113,APP0000113,2028-06-20,2028-06-20,25341.24,0,0,0.0
PAY0000114,APP0000114,2023-05-31,2023-05-31,21068.32,0,0,0.0
PAY0000115,APP0000115,2025-04-01,2025-04-01,26473.73,0,0,0.0
PAY0000116,APP0000116,2028-01-27,2028-11-10,48756.93,288,1,20029.07
PAY0000117,APP0000117,2024-11-24,2024-11-24,16901.8,0,0,0.0
PAY0000118,APP0000118,2024-08-02,2024-12-10,49801.71,130,1,14950.8
PAY0000119,APP0000119,2027-12-21,2027-12-21,45159.99,0,0,0.0
PAY0000120,APP0000120,2025-07-07,2025-07-07,24998.99,0,0,0.0
PAY0000121,APP0000121,2023-12-09,2024-12-09,41021.31,366,1,22680.12
PAY0000122,APP0000122,2028-06-18,2028-08-04,121816.01,47,1,54975.38
PAY0000123,APP0000123,2029-05-27,2029-12-13,96146.48,200,1,72210.89
PAY0000124,APP0000124,2025-09-07,2025-09-07,71652.71,0,0,0.0
PAY0000125,APP0000125,2025-06-01,2025-06-01,13075.26,0,0,0.0
PAY0000126,APP0000126,2027-02-02,2027-03-12,39160.3,38,1,24168.23
PAY0000127,APP0000127,2027-02-17,2027-12-02,210721.75,288,1,112339.98
PAY0000128,APP0000128,2025-05-28,2025-05-28,95344.36,0,0,0.0
PAY0000129,APP0000129,2025-09-26,2025-09-26,33299.32,0,0,0.0
PAY0000130,APP0000130,2027-01-26,2027-01-26,5249.38,0,0,0.0
PAY0000131,APP0000131,2026-06-17,2026-11-16,19265.5,152,1,10966.09
PAY0000132,APP0000132,2024-10-26,2024-10-26,56266.84,0,0,0.0
PAY0000133,APP0000133,2025-11-19,2025-11-19,69974.74,0,0,0.0
PAY0000134,APP0000134,2023-07-14,2023-07-14,27541.36,0,0,0.0
PAY0000135,APP0000135,2023-03-06,2023-03-06,23214.87,0,0,0.0
PAY0000136,APP0000136,2024-04-13,2024-04-13,64421.63,0,0,0.0
PAY0000137,APP0000137,2027-04-27,2027-04-27,191591.74,0,0,0.0
PAY0000138,APP0000138,2027-02-28,2027-07-02,47482.47,124,1,9604.77
PAY0000139,APP0000139,2024-05-04,2024-05-04,33102.61,0,0,0.0
PAY0000140,APP0000140,2026-05-04,2027-05-30,25776.4,391,1,19241.32
PAY0000141,APP0000141,2025-03-26,2025-03-26,32612.55,0,0,0.0
PAY0000142,APP0000142,2027-11-21,2027-11-21,46621.96,0,0,0.0
PAY0000143,APP0000143,2027-01-28,2027-01-28,40490.41,0,0,0.0
PAY0000144,APP0000144,2027-12-02,2028-11-11,19069.22,345,1,4714.31
PAY0000145,APP0000145,2025-07-23,2025-09-03,75177.05,42,1,48909.34
PAY0000146,APP0000146,2024-03-10,2024-03-10,26516.71,0,0,0.0
PAY0000147,APP0000147,2027-02-02,2027-09-05,39088.15,215,1,16344.68
PAY0000148,APP0000148,2023-02-26,2023-05-06,32871.39,69,1,8637.67
PAY0000149,APP0000149,2026-10-05,2027-06-16,114581.46,254,1,42747.62
PAY0000150,APP0000150,2024-11-19,2024-11-19,20919.01,0,0,0.0
PAY0000151,APP0000151,2024-12-21,2024-12-21,45725.27,0,0,0.0
PAY0000152,APP0000152,2023-06-30,2023-06-30,63033.7,0,0,0.0
PAY0000153,APP0000153,2023-11-01,2023-11-01,45813.42,0,0,0.0
PAY0000154,APP0000154,2024-07-19,2024-07-19,89335.47,0,0,0.0
PAY0000155,APP0000155,2024-12-26,2024-12-26,11182.71,0,0,0.0
PAY0000156,APP0000156,2024-03-30,2024-03-30,136486.27,0,0,0.0
PAY0000157,APP0000157,2023-02-22,2023-02-22,95838.76,0,0,0.0
PAY0000158,APP0000158,2028-02-29,2028-11-22,5000,267,1,1230.36
PAY0000159,APP0000159,2025-10-27,2026-11-19,84411.12,388,1,32960.27
PAY0000160,APP0000160,2029-07-03,2029-07-03,97567.4,0,0,0.0
PAY0000161,APP0000161,2025-11-26,2025-11-26,18384.38,0,0,0.0
PAY0000162,APP0000162,2027-08-14,2027-08-14,20068.47,0,0,0.0
PAY0000163,APP0000163,2026-05-28,2026-05-28,27667.67,0,0,0.0
PAY0000164,APP0000164,2025-02-21,2025-10-25,67728.04,246,1,36875.26
PAY0000165,APP0000165,2026-03-31,2026-03-31,25641.92,0,0,0.0
PAY0000166,APP0000166,2026-08-21,2026-08-21,119484.04,0,0,0.0
PAY0000167,APP0000167,2026-12-19,2027-08-08,39435.97,232,1,17117.93
PAY0000168,APP0000168,2024-06-20,2024-06-20,12414.79,0,0,0.0
PAY0000169,APP0000169,2025-07-23,2025-07-23,36932.21,0,0,0.0
PAY0000170,APP0000170,2026-12-08,2027-12-23,58315.64,380,1,18377.14
PAY0000171,APP0000171,2023-12-11,2023-12-11,48051.99,0,0,0.0
PAY0000172,APP0000172,2024-05-13,2024-05-13,48467.09,0,0,0.0
PAY0000173,APP0000173,2027-12-15,2028-06-07,71460.74,175,1,16327.84
PAY0000174,APP0000174,2027-09-01,2028-09-28,34721.29,393,1,23716.6
PAY0000175,APP0000175,2026-10-07,2027-04-03,30061.79,178,1,24719.97
PAY0000176,APP0000176,2024-03-13,2024-11-18,67470.56,250,1,15494.25
PAY0000177,APP0000177,2025-12-03,2026-04-26,113314.73,144,1,95616.75
PAY0000178,APP0000178,2028-05-29,2029-06-15,44081.47,382,1,25064.88
PAY0000179,APP0000179,2023-04-26,2023-04-26,13113.04,0,0,0.0
PAY0000180,APP0000180,2027-08-02,2028-05-04,38963.2,276,1,20479.84
PAY0000181,APP0000181,2027-01-02,2027-01-02,71960.27,0,0,0.0
PAY0000182,APP0000182,2027-10-27,2027-12-02,35585.09,36,1,8802.72
PAY0000183,APP0000183,2026-02-06,2027-01-01,27042.6,329,1,6483.37
PAY0000184,APP0000184,2024-01-13,2024-03-19,61002.14,66,1,12804.45
PAY0000185,APP0000185,2026-09-07,2026-09-07,26050.11,0,0,0.0
PAY0000186,APP0000186,2025-05-02,2025-05-02,15457.85,0,0,0.0
PAY0000187,APP0000187,2028-10-05,2028-10-05,84906.6,0,0,0.0
PAY0000188,APP0000188,2024-06-18,2025-02-18,6525.51,245,1,4151.36
PAY0000189,APP0000189,2027-06-16,2028-07-06,33186.65,386,1,19490.34
PAY0000190,APP0000190,2022-07-02,2022-07-02,7959.8,0,0,0.0
PAY0000191,APP0000191,2022-11-15,2022-11-15,5000,0,0,0.0
PAY0000192,APP0000192,2028-02-17,2029-01-04,14116.78,322,1,9701.84
PAY0000193,APP0000193,2025-11-23,2025-11-23,49466.72,0,0,0.0
PAY0000194,APP0000194,2026-04-14,2026-04-14,32067.17,0,0,0.0
PAY0000195,APP0000195,2025-11-02,2025-11-02,106681.24,0,0,0.0
PAY0000196,APP0000196,2028-10-30,2029-08-31,37158.75,305,1,10510.34
PAY0000197,APP0000197,2024-03-28,2024-03-28,47290.08,0,0,0.0
PAY0000198,APP0000198,2028-01-27,2028-01-27,37736.58,0,0,0.0
PAY0000199,APP0000199,2026-04-08,2026-04-08,9179.64,0,0,0.0
PAY0000200,APP0000200,2025-03-14,2025-08-16,63338.25,155,1,28021.16
PAY0000201,APP0000201,2024-07-26,2024-07-26,28653.86,0,0,0.0
PAY0000202,APP0000202,2027-12-25,2027-12-25,61259.05,0,0,0.0
PAY0000203,APP0000203,2025-12-02,2025-12-02,38519.84,0,0,0.0
PAY0000204,APP0000204,2024-10-28,2024-10-28,138700.34,0,0,0.0
PAY0000205,APP0000205,2025-08-17,2025-08-17,39265.92,0,0,0.0
PAY0000206,APP0000206,2023-02-27,2023-10-17,32479.66,232,1,16218.0
PAY0000207,APP0000207,2025-02-18,2025-02-18,19876.3,0,0,0.0
PAY0000208,APP0000208,2025-03-06,2025-03-06,60107.57,0,0,0.0
PAY0000209,APP0000209,2026-10-29,2027-02-22,11411.14,116,1,5646.8
PAY0000210,APP0000210,2024-09-12,2024-09-12,78723.09,0,0,0.0
PAY0000211,APP0000211,2024-09-10,2024-12-01,117314.25,82,1,75253.05
PAY0000212,APP0000212,2027-04-06,2027-04-06,42606.81,0,0,0.0
PAY0000213,APP0000213,2027-02-19,2027-02-19,48262.81,0,0,0.0
PAY0000214,APP0000214,2024-03-22,2024-03-22,19523.49,0,0,0.0
PAY0000215,APP0000215,2027-07-17,2027-07-17,29861.35,0,0,0.0
PAY0000216,APP0000216,2028-01-06,2028-01-06,48145.07,0,0,0.0
PAY0000217,APP0000217,2025-07-21,2026-08-25,22360.9,400,1,15694.17
PAY0000218,APP0000218,2026-07-20,2026-07-20,27392.5,0,0,0.0
PAY0000219,APP0000219,2027-02-28,2027-06-03,20493.01,95,1,5151.97
PAY0000220,APP0000220,2024-02-04,2024-02-04,24728.96,0,0,0.0
PAY0000221,APP0000221,2026-10-27,2026-10-27,15369.09,0,0,0.0
PAY0000222,APP0000222,2024-09-20,2024-12-29,22227.92,100,1,7907.32
PAY0000223,APP0000223,2024-12-20,2024-12-20,22070.21,0,0,0.0
PAY0000224,APP0000224,2027-12-04,2027-12-04,67613.95,0,0,0.0
PAY0000225,APP0000225,2027-02-24,2027-02-24,25583.1,0,0,0.0
PAY0000226,APP0000226,2026-12-19,2026-12-19,76310.83,0,0,0.0
PAY0000227,APP0000227,2022-12-09,2023-07-13,24329.07,216,1,17764.35
PAY0000228,APP0000228,2029-02-06,2029-02-06,94755.69,0,0,0.0
PAY0000229,APP0000229,2023-04-05,2023-04-05,18770.91,0,0,0.0
PAY0000230,APP0000230,2027-06-15,2028-02-05,15624.92,235,1,10051.19
PAY0000231,APP0000231,2023-07-20,2024-03-31,26269.51,255,1,21175.3
PAY0000232,APP0000232,2022-11-05,2022-11-05,22068.55,0,0,0.0
PAY0000233,APP0000233,2027-07-27,2027-09-09,17343.99,44,1,10280.48
PAY0000234,APP0000234,2023-10-07,2024-02-16,78172.16,132,1,34845.57
PAY0000235,APP0000235,2025-12-09,2025-12-09,65890.51,0,0,0.0
PAY0000236,APP0000236,2026-03-19,2026-03-19,313496.72,0,0,0.0
PAY0000237,APP0000237,2027-08-17,2028-01-11,177015.08,147,1,115865.55
PAY0000238,APP0000238,2026-05-29,2026-05-29,43124.59,0,0,0.0
PAY0000239,APP0000239,2028-05-10,2028-05-10,28852.66,0,0,0.0
PAY0000240,APP0000240,2024-06-26,2024-06-26,126233.78,0,0,0.0
PAY0000241,APP0000241,2027-04-10,2027-11-29,36652.62,233,1,9707.62
PAY0000242,APP0000242,2028-07-28,2029-05-07,72218.01,283,1,45717.14
PAY0000243,APP0000243,2028-03-14,2028-09-27,370691.99,197,1,180786.69
PAY0000244,APP0000244,2023-03-25,2023-10-19,7229.94,208,1,4078.69
PAY0000245,APP0000245,2026-09-29,2027-01-31,112700.09,124,1,82686.3
PAY0000246,APP0000246,2026-12-11,2027-05-16,100824.84,156,1,24534.2
PAY0000247,APP0000247,2026-12-14,2027-05-11,13206.27,148,1,9995.85
PAY0000248,APP0000248,2027-04-26,2027-08-24,11120.11,120,1,5124.59
PAY0000249,APP0000249,2024-04-17,2024-04-17,36929.9,0,0,0.0
PAY0000250,APP0000250,2025-02-24,2025-02-24,20378.46,0,0,0.0
PAY0000251,APP0000251,2023-11-19,2024-10-18,51782.96,334,1,43502.75
PAY0000252,APP0000252,2026-10-17,2026-10-17,21113.62,0,0,0.0
PAY0000253,APP0000253,2023-02-02,2023-02-02,19969.39,0,0,0.0
PAY0000254,APP0000254,2024-03-29,2025-03-12,51289.43,348,1,23710.94
PAY0000255,APP0000255,2026-04-01,2026-07-08,34971.79,98,1,16947.4
PAY0000256,APP0000256,2025-08-30,2026-08-28,46495.13,363,1,25760.76
PAY0000257,APP0000257,2024-12-17,2024-12-17,13432.44,0,0,0.0
PAY0000258,APP0000258,2024-02-15,2024-02-15,63070.91,0,0,0.0
PAY0000259,APP0000259,2024-10-14,2024-10-14,35233.15,0,0,0.0
PAY0000260,APP0000260,2024-01-05,2024-01-05,28352.09,0,0,0.0
PAY0000261,APP0000261,2025-02-23,2025-02-23,46359.13,0,0,0.0
PAY0000262,APP0000262,2024-06-10,2024-06-10,22062.51,0,0,0.0
PAY0000263,APP0000263,2026-01-27,2026-01-27,33177.04,0,0,0.0
PAY0000264,APP0000264,2026-10-04,2027-01-25,9679.65,113,1,5264.38
PAY0000265,APP0000265,2025-04-21,2025-04-21,55130.0,0,0,0.0
PAY0000266,APP0000266,2027-05-27,2027-05-27,5491.71,0,0,0.0
PAY0000267,APP0000267,2028-05-20,2029-01-08,59049.19,233,1,33663.98
PAY0000268,APP0000268,2026-05-15,2026-11-07,59573.72,176,1,20682.19
PAY0000269,APP0000269,2027-04-04,2027-04-04,18330.87,0,0,0.0
PAY0000270,APP0000270,2023-09-15,2023-09-15,47891.83,0,0,0.0
PAY0000271,APP0000271,2023-01-20,2023-01-20,24735.04,0,0,0.0
PAY0000272,APP0000272,2025-08-08,2025-08-08,34843.09,0,0,0.0
PAY0000273,APP0000273,2025-01-23,2025-07-27,11816.9,185,1,4499.75
PAY0000274,APP0000274,2029-09-18,2029-09-18,10505.56,0,0,0.0
PAY0000275,APP0000275,2024-07-27,2024-07-27,65902.39,0,0,0.0
PAY0000276,APP0000276,2025-10-29,2025-10-29,49208.37,0,0,0.0
PAY0000277,APP0000277,2026-09-11,2027-05-03,541231.76,234,1,244705.0
PAY0000278,APP0000278,2023-11-20,2023-11-20,15825.05,0,0,0.0
PAY0000279,APP0000279,2024-05-12,2024-06-21,15488.42,40,1,6130.59
PAY0000280,APP0000280,2028-09-04,2028-09-04,30924.97,0,0,0.0
PAY0000281,APP0000281,2023-08-30,2023-08-30,75182.07,0,0,0.0
PAY0000282,APP0000282,2024-08-19,2025-03-01,31024.7,194,1,7383.55
PAY0000283,APP0000283,2026-06-27,2026-10-17,109898.84,112,1,36193.06
PAY0000284,APP0000284,2023-09-26,2024-02-14,37531.2,141,1,12492.91
PAY0000285,APP0000285,2023-10-13,2023-10-13,28994.28,0,0,0.0
PAY0000286,APP0000286,2029-10-03,2029-10-03,23204.89,0,0,0.0
PAY0000287,APP0000287,2023-06-20,2023-06-20,22386.69,0,0,0.0
PAY0000288,APP0000288,2027-07-25,2027-07-25,35518.88,0,0,0.0
PAY0000289,APP0000289,2025-09-02,2025-09-02,40208.6,0,0,0.0
PAY0000290,APP0000290,2025-01-15,2025-01-15,46916.82,0,0,0.0
PAY0000291,APP0000291,2026-03-13,2026-03-13,96597.46,0,0,0.0
PAY0000292,APP0000292,2026-10-04,2026-10-04,77705.22,0,0,0.0
PAY0000293,APP0000293,2023-04-08,2024-03-26,23548.74,353,1,6980.31
PAY0000294,APP0000294,2025-12-19,2025-12-19,11178.22,0,0,0.0
PAY0000295,APP0000295,2025-10-30,2025-10-30,52141.83,0,0,0.0
PAY0000296,APP0000296,2026-12-12,2026-12-12,22140.31,0,0,0.0
PAY0000297,APP0000297,2026-04-12,2026-04-12,52897.97,0,0,0.0
PAY0000298,APP0000298,2027-10-13,2027-10-13,26982.15,0,0,0.0
PAY0000299,APP0000299,2026-05-22,2027-01-06,22128.36,229,1,15190.78
PAY0000300,APP0000300,2024-05-21,2024-12-30,17969.98,223,1,5651.49
PAY0000301,APP0000301,2028-10-06,2028-10-06,9869.55,0,0,0.0
PAY0000302,APP0000302,2027-05-12,2027-05-12,38852.14,0,0,0.0
PAY0000303,APP0000303,2027-10-10,2028-02-03,92342.07,116,1,19088.11
PAY0000304,APP0000304,2027-01-21,2027-01-21,46677.29,0,0,0.0
PAY0000305,APP0000305,2024-07-17,2024-11-06,74336.42,112,1,60655.44
PAY0000306,APP0000306,2026-04-18,2027-03-05,23171.55,321,1,6947.92
PAY0000307,APP0000307,2027-04-21,2028-03-10,13926.94,324,1,9349.61
PAY0000308,APP0000308,2023-05-18,2023-05-18,18567.07,0,0,0.0
PAY0000309,APP0000309,2025-03-12,2025-03-12,18019.83,0,0,0.0
PAY0000310,APP0000310,2027-02-06,2027-04-16,17612.23,69,1,7360.08
PAY0000311,APP0000311,2028-06-14,2028-06-14,38398.26,0,0,0.0
PAY0000312,APP0000312,2026-03-01,2026-03-01,51723.01,0,0,0.0
PAY0000313,APP0000313,2022-11-08,2022-11-08,28301.32,0,0,0.0
PAY0000314,APP0000314,2025-09-24,2026-01-01,54520.15,99,1,40571.8
PAY0000315,APP0000315,2028-09-25,2028-09-25,113066.48,0,0,0.0
PAY0000316,APP0000316,2027-07-20,2027-10-25,5000,97,1,1707.56
PAY0000317,APP0000317,2027-08-31,2028-03-05,11771.68,187,1,7635.29
PAY0000318,APP0000318,2024-07-31,2024-07-31,19556.76,0,0,0.0
PAY0000319,APP0000319,2026-08-12,2026-08-12,89263.78,0,0,0.0
PAY0000320,APP0000320,2027-11-03,2027-11-03,49321.2,0,0,0.0
PAY0000321,APP0000321,2022-08-11,2023-06-14,130466.41,307,1,54643.16
PAY0000322,APP0000322,2024-01-17,2024-01-17,47507.68,0,0,0.0
PAY0000323,APP0000323,2025-12-18,2025-12-18,39617.65,0,0,0.0
PAY0000324,APP0000324,2024-04-22,2024-09-16,31445.0,147,1,9913.09
PAY0000325,APP0000325,2027-02-02,2027-09-29,134241.87,239,1,105391.06
PAY0000326,APP0000326,2027-10-17,2027-10-17,28177.93,0,0,0.0
PAY0000327,APP0000327,2026-01-11,2026-01-11,13926.23,0,0,0.0
PAY0000328,APP0000328,2023-11-09,2024-06-05,106541.93,209,1,83476.93
PAY0000329,APP0000329,2025-01-29,2025-01-29,120345.21,0,0,0.0
PAY0000330,APP0000330,2026-04-01,2026-04-01,120568.28,0,0,0.0
PAY0000331,APP0000331,2023-07-07,2024-03-03,45084.35,240,1,12439.06
PAY0000332,APP0000332,2027-10-12,2027-10-12,54873.12,0,0,0.0
PAY0000333,APP0000333,2026-03-14,2026-10-23,35845.38,223,1,15758.19
PAY0000334,APP0000334,2027-08-06,2027-08-06,29009.23,0,0,0.0
PAY0000335,APP0000335,2026-10-09,2027-03-03,32770.83,145,1,19384.72
PAY0000336,APP0000336,2027-01-01,2027-01-01,80302.91,0,0,0.0
PAY0000337,APP0000337,2026-06-18,2026-06-18,44531.74,0,0,0.0
PAY0000338,APP0000338,2028-04-04,2028-04-04,29038.07,0,0,0.0
PAY0000339,APP0000339,2026-09-05,2026-09-05,60387.81,0,0,0.0
PAY0000340,APP0000340,2023-11-26,2023-11-26,49001.28,0,0,0.0
PAY0000341,APP0000341,2026-11-18,2026-11-18,91804.53,0,0,0.0
PAY0000342,APP0000342,2025-02-13,2025-02-13,81922.54,0,0,0.0
PAY0000343,APP0000343,2026-10-16,2026-10-16,12649.06,0,0,0.0
PAY0000344,APP0000344,2025-06-28,2025-06-28,74139.37,0,0,0.0
PAY0000345,APP0000345,2028-11-16,2028-11-16,46037.24,0,0,0.0
PAY0000346,APP0000346,2023-12-18,2023-12-18,216211.21,0,0,0.0
PAY0000347,APP0000347,2026-06-24,2026-06-24,87660.97,0,0,0.0
PAY0000348,APP0000348,2026-02-10,2026-12-15,99593.96,308,1,62966.11
PAY0000349,APP0000349,2026-05-24,2026-05-24,33722.86,0,0,0.0
PAY0000350,APP0000350,2023-05-27,2024-06-13,26143.11,383,1,7316.64
PAY0000351,APP0000351,2024-10-09,2025-03-29,23261.54,171,1,14711.12
PAY0000352,APP0000352,2026-08-12,2026-11-10,91285.14,90,1,37458.38
PAY0000353,APP0000353,2025-11-25,2025-11-25,47613.92,0,0,0.0
PAY0000354,APP0000354,2028-04-10,2028-12-22,11844.65,256,1,8475.24
PAY0000355,APP0000355,2025-06-03,2025-06-03,36210.52,0,0,0.0
PAY0000356,APP0000356,2026-05-10,2026-08-19,32723.83,101,1,12659.39
PAY0000357,APP0000357,2029-01-16,2029-04-03,28777.01,77,1,23160.8
PAY0000358,APP0000358,2027-01-03,2027-11-04,59992.11,305,1,37054.11
PAY0000359,APP0000359,2026-12-10,2026-12-10,26629.01,0,0,0.0
PAY0000360,APP0000360,2024-06-07,2024-06-07,53132.9,0,0,0.0
PAY0000361,APP0000361,2025-12-10,2026-06-16,28638.39,188,1,10739.66
PAY0000362,APP0000362,2024-10-08,2024-10-08,99233.2,0,0,0.0
PAY0000363,APP0000363,2025-08-02,2025-08-02,10441.7,0,0,0.0
PAY0000364,APP0000364,2024-05-12,2024-07-17,17098.76,66,1,11070.55
PAY0000365,APP0000365,2027-08-13,2028-06-24,411862.84,316,1,100661.87
PAY0000366,APP0000366,2027-06-10,2028-06-25,13637.75,381,1,3282.42
PAY0000367,APP0000367,2024-03-01,2024-12-04,32585.21,278,1,23719.07
PAY0000368,APP0000368,2029-05-10,2029-11-06,36979.28,180,1,14107.25
PAY0000369,APP0000369,2026-10-03,2027-04-10,12250.4,189,1,4237.59
PAY0000370,APP0000370,2029-07-09,2029-07-09,25694.37,0,0,0.0
PAY0000371,APP0000371,2026-11-15,2027-08-18,8196.85,276,1,2853.48
PAY0000372,APP0000372,2023-07-29,2023-07-29,38409.54,0,0,0.0
PAY0000373,APP0000373,2025-02-02,2025-02-02,19113.59,0,0,0.0
PAY0000374,APP0000374,2026-09-30,2027-07-24,29320.44,297,1,8273.41
PAY0000375,APP0000375,2025-05-26,2025-05-26,299241.91,0,0,0.0
PAY0000376,APP0000376,2027-08-02,2028-04-25,12639.79,267,1,2646.17
PAY0000377,APP0000377,2027-09-09,2027-09-09,42525.29,0,0,0.0
PAY0000378,APP0000378,2027-05-06,2027-09-25,34897.81,142,1,21456.11
PAY0000379,APP0000379,2025-02-23,2026-02-01,38511.65,343,1,32386.24
PAY0000380,APP0000380,2028-02-27,2028-05-21,39081.44,84,1,19128.09
PAY0000381,APP0000381,2028-03-11,2028-03-11,14640.69,0,0,0.0
PAY0000382,APP0000382,2028-02-04,2028-03-12,56165.88,37,1,39300.47
PAY0000383,APP0000383,2027-09-21,2028-08-16,27301.29,330,1,6876.73
PAY0000384,APP0000384,2028-10-12,2029-03-16,49235.4,155,1,33001.48
PAY0000385,APP0000385,2023-09-19,2023-09-19,50390.45,0,0,0.0
PAY0000386,APP0000386,2025-01-25,2025-01-25,5120.45,0,0,0.0
PAY0000387,APP0000387,2025-02-15,2025-02-15,27516.45,0,0,0.0
PAY0000388,APP0000388,2028-02-22,2028-10-30,21155.05,251,1,5473.36
PAY0000389,APP0000389,2026-07-15,2026-12-15,113287.13,153,1,65718.89
PAY0000390,APP0000390,2025-09-05,2026-09-08,18773.74,368,1,5390.23
PAY0000391,APP0000391,2025-08-18,2025-08-18,35067.2,0,0,0.0
PAY0000392,APP0000392,2026-04-09,2026-04-09,20177.05,0,0,0.0
PAY0000393,APP0000393,2024-03-02,2024-03-02,152281.08,0,0,0.0
PAY0000394,APP0000394,2025-04-13,2025-05-18,29774.52,35,1,11065.35
PAY0000395,APP0000395,2027-09-08,2028-05-28,30009.12,263,1,8265.67
PAY0000396,APP0000396,2027-03-22,2027-03-22,47370.89,0,0,0.0
PAY0000397,APP0000397,2027-09-26,2028-01-23,23373.76,119,1,12357.16
PAY0000398,APP0000398,2027-10-05,2027-10-05,38310.59,0,0,0.0
PAY0000399,APP0000399,2028-08-19,2028-09-29,71506.23,41,1,44131.66
PAY0000400,APP0000400,2027-05-05,2027-05-05,25902.53,0,0,0.0
PAY0000401,APP0000401,2027-06-11,2027-06-11,50276.85,0,0,0.0
PAY0000402,APP0000402,2027-06-24,2027-06-24,92238.6,0,0,0.0
PAY0000403,APP0000403,2026-07-15,2026-07-15,20141.31,0,0,0.0
PAY0000404,APP0000404,2026-03-02,2026-03-02,24318.48,0,0,0.0
PAY0000405,APP0000405,2029-03-17,2029-09-02,63769.26,169,1,28141.4
PAY0000406,APP0000406,2026-11-15,2026-11-15,16418.6,0,0,0.0
PAY0000407,APP0000407,2027-07-13,2027-07-13,39886.55,0,0,0.0
PAY0000408,APP0000408,2023-12-25,2023-12-25,161174.8,0,0,0.0
PAY0000409,APP0000409,2024-03-03,2024-06-18,18330.24,107,1,10173.3
PAY0000410,APP0000410,2026-11-18,2027-07-07,45349.95,231,1,35401.11
PAY0000411,APP0000411,2025-10-20,2025-10-20,50353.03,0,0,0.0
PAY0000412,APP0000412,2024-05-24,2024-07-07,32140.92,44,1,23110.75
PAY0000413,APP0000413,2023-09-15,2024-07-18,43210.74,307,1,31476.78
PAY0000414,APP0000414,2028-02-21,2028-08-31,40570.37,192,1,31060.28
PAY0000415,APP0000415,2028-02-21,2028-02-21,31479.1,0,0,0.0
PAY0000416,APP0000416,2026-02-19,2026-02-19,84233.21,0,0,0.0
PAY0000417,APP0000417,2027-03-31,2027-03-31,5418.29,0,0,0.0
PAY0000418,APP0000418,2024-05-31,2024-05-31,25741.48,0,0,0.0
PAY0000419,APP0000419,2023-12-31,2023-12-31,30504.88,0,0,0.0
PAY0000420,APP0000420,2027-08-06,2028-01-22,25374.25,169,1,20710.77
PAY0000421,APP0000421,2028-02-13,2028-08-25,68465.9,194,1,56197.06
PAY0000422,APP0000422,2024-12-05,2024-12-05,90419.49,0,0,0.0
PAY0000423,APP0000423,2027-08-23,2027-08-23,52472.04,0,0,0.0
PAY0000424,APP0000424,2024-01-10,2024-01-10,36329.14,0,0,0.0
PAY0000425,APP0000425,2026-02-25,2026-10-15,5642.47,232,1,3358.14
PAY0000426,APP0000426,2027-08-30,2027-10-20,19609.38,51,1,10348.07
PAY0000427,APP0000427,2023-08-24,2024-01-04,30644.33,133,1,20938.11
PAY0000428,APP0000428,2027-10-27,2027-10-27,22315.04,0,0,0.0
PAY0000429,APP0000429,2027-11-08,2027-12-20,41144.16,42,1,23730.69
PAY0000430,APP0000430,2027-10-14,2027-10-14,79322.53,0,0,0.0
PAY0000431,APP0000431,2029-02-12,2029-02-12,146254.2,0,0,0.0
PAY0000432,APP0000432,2027-12-30,2027-12-30,66891.75,0,0,0.0
PAY0000433,APP0000433,2023-12-10,2023-12-10,30961.67,0,0,0.0
PAY0000434,APP0000434,2026-05-01,2026-05-01,18365.84,0,0,0.0
PAY0000435,APP0000435,2027-11-22,2028-10-11,78422.62,324,1,64765.66
PAY0000436,APP0000436,2024-03-23,2024-03-23,94488.59,0,0,0.0
PAY0000437,APP0000437,2027-04-06,2027-04-06,14031.31,0,0,0.0
PAY0000438,APP0000438,2027-05-02,2027-08-12,28712.38,102,1,18924.93
PAY0000439,APP0000439,2026-01-04,2026-01-04,20877.19,0,0,0.0
PAY0000440,APP0000440,2023-05-01,2024-05-18,102638.88,383,1,42194.34
PAY0000441,APP0000441,2026-02-06,2026-02-06,45852.43,0,0,0.0
PAY0000442,APP0000442,2023-07-30,2023-07-30,39963.24,0,0,0.0
PAY0000443,APP0000443,2029-05-14,2029-05-14,47496.11,0,0,0.0
PAY0000444,APP0000444,2023-03-01,2023-06-05,7999.09,96,1,4519.59
PAY0000445,APP0000445,2025-01-23,2025-01-23,43798.73,0,0,0.0
PAY0000446,APP0000446,2023-07-18,2023-07-18,36120.25,0,0,0.0
PAY0000447,APP0000447,2025-02-15,2025-09-30,26247.15,227,1,19328.17
PAY0000448,APP0000448,2023-02-16,2023-02-16,20534.39,0,0,0.0
PAY0000449,APP0000449,2024-10-18,2025-10-26,38445.81,373,1,31497.27
PAY0000450,APP0000450,2026-07-06,2026-07-06,181331.46,0,0,0.0
PAY0000451,APP0000451,2028-04-11,2029-04-16,86378.57,370,1,26239.08
PAY0000452,APP0000452,2022-10-31,2022-10-31,48974.9,0,0,0.0
PAY0000453,APP0000453,2025-10-17,2025-10-17,25537.9,0,0,0.0
PAY0000454,APP0000454,2024-08-04,2024-08-04,17640.78,0,0,0.0
PAY0000455,APP0000455,2024-06-29,2024-06-29,7651.7,0,0,0.0
PAY0000456,APP0000456,2029-04-03,2029-04-03,7573.18,0,0,0.0
PAY0000457,APP0000457,2026-05-10,2026-05-10,22648.65,0,0,0.0
PAY0000458,APP0000458,2029-01-06,2029-01-06,10549.04,0,0,0.0
PAY0000459,APP0000459,2024-12-07,2024-12-07,17066.13,0,0,0.0
PAY0000460,APP0000460,2025-08-15,2026-05-27,49076.15,285,1,14353.81
PAY0000461,APP0000461,2025-04-03,2025-09-22,13633.39,172,1,3014.1
PAY0000462,APP0000462,2022-07-27,2023-07-26,34923.33,364,1,19578.17
PAY0000463,APP0000463,2024-03-24,2024-03-24,55847.33,0,0,0.0
PAY0000464,APP0000464,2027-04-25,2027-04-25,16431.75,0,0,0.0
PAY0000465,APP0000465,2024-01-10,2024-02-21,43974.01,42,1,22301.7
PAY0000466,APP0000466,2024-11-26,2025-10-29,46450.87,337,1,32250.57
PAY0000467,APP0000467,2027-12-25,2028-12-05,23804.47,346,1,12032.88
PAY0000468,APP0000468,2025-09-07,2026-07-09,193352.86,305,1,63550.75
PAY0000469,APP0000469,2024-05-23,2024-05-23,118075.09,0,0,0.0
PAY0000470,APP0000470,2029-05-10,2029-09-17,7865.39,130,1,5654.91
PAY0000471,APP0000471,2023-09-29,2023-09-29,18945.48,0,0,0.0
PAY0000472,APP0000472,2028-05-25,2029-06-09,81311.46,380,1,52341.44
PAY0000473,APP0000473,2027-05-29,2027-08-13,43757.08,76,1,17905.62
PAY0000474,APP0000474,2027-09-09,2027-09-09,30251.39,0,0,0.0
PAY0000475,APP0000475,2025-07-09,2025-07-09,89413.41,0,0,0.0
PAY0000476,APP0000476,2026-06-18,2026-07-31,38847.01,43,1,8027.43
PAY0000477,APP0000477,2026-08-20,2026-11-10,21176.97,82,1,9305.07
PAY0000478,APP0000478,2027-01-27,2027-06-25,34500.77,149,1,21874.71
PAY0000479,APP0000479,2023-10-19,2023-10-19,27255.51,0,0,0.0
PAY0000480,APP0000480,2025-10-13,2025-10-13,22672.99,0,0,0.0
PAY0000481,APP0000481,2027-10-14,2027-10-14,91745.93,0,0,0.0
PAY0000482,APP0000482,2025-07-22,2025-07-22,83644.96,0,0,0.0
PAY0000483,APP0000483,2025-10-29,2026-02-19,15303.85,113,1,5319.68
PAY0000484,APP0000484,2023-08-02,2023-08-02,25848.66,0,0,0.0
PAY0000485,APP0000485,2022-09-13,2023-04-17,25624.0,216,1,11525.12
PAY0000486,APP0000486,2024-06-18,2024-12-28,71189.84,193,1,28439.07
PAY0000487,APP0000487,2025-04-02,2026-04-29,43675.16,392,1,21766.05
PAY0000488,APP0000488,2025-08-18,2025-08-18,8842.95,0,0,0.0
PAY0000489,APP0000489,2025-10-14,2025-10-14,70502.47,0,0,0.0
PAY0000490,APP0000490,2024-09-25,2024-09-25,29365.87,0,0,0.0
PAY0000491,APP0000491,2024-02-26,2024-02-26,28751.71,0,0,0.0
PAY0000492,APP0000492,2026-07-17,2027-05-08,36692.54,295,1,29245.41
PAY0000493,APP0000493,2026-10-18,2026-12-01,48970.49,44,1,31671.55
PAY0000494,APP0000494,2027-08-31,2027-08-31,42910.49,0,0,0.0
PAY0000495,APP0000495,2026-10-27,2026-10-27,84995.98,0,0,0.0
PAY0000496,APP0000496,2027-04-07,2027-04-07,28016.37,0,0,0.0
PAY0000497,APP0000497,2023-05-21,2023-05-21,33035.47,0,0,0.0
PAY0000498,APP0000498,2025-08-29,2025-12-27,18659.03,120,1,15177.26
PAY0000499,APP0000499,2023-04-27,2023-04-27,35333.18,0,0,0.0
PAY0000500,APP0000500,2027-05-17,2027-08-14,13037.93,89,1,5056.34
PAY0000501,APP0000501,2027-09-06,2028-07-29,43059.78,327,1,8832.05
PAY0000502,APP0000502,2025-10-09,2025-10-09,65908.95,0,0,0.0
PAY0000503,APP0000503,2024-07-04,2024-07-04,17695.08,0,0,0.0
PAY0000504,APP0000504,2026-01-31,2026-06-17,25930.76,137,1,8300.11
PAY0000505,APP0000505,2028-02-29,2028-06-20,33667.68,112,1,19058.63
PAY0000506,APP0000506,2028-05-11,2029-04-22,15187.08,346,1,10229.15
PAY0000507,APP0000507,2029-07-17,2030-04-26,97686.62,283,1,30978.24
PAY0000508,APP0000508,2023-05-23,2023-05-23,28664.57,0,0,0.0
PAY0000509,APP0000509,2028-08-17,2029-06-27,30806.56,314,1,19067.38
PAY0000510,APP0000510,2026-12-14,2027-06-17,10039.17,185,1,7333.03
PAY0000511,APP0000511,2028-03-02,2029-03-08,35938.68,371,1,23887.16
PAY0000512,APP0000512,2023-07-26,2023-07-26,63987.53,0,0,0.0
PAY0000513,APP0000513,2027-05-05,2028-03-30,68672.27,330,1,23785.39
PAY0000514,APP0000514,2023-11-13,2024-01-03,28071.98,51,1,8423.75
PAY0000515,APP0000515,2026-02-24,2026-02-24,68795.82,0,0,0.0
PAY0000516,APP0000516,2024-01-31,2024-01-31,15770.63,0,0,0.0
PAY0000517,APP0000517,2026-11-19,2026-11-19,102100.07,0,0,0.0
PAY0000518,APP0000518,2028-04-11,2028-07-13,32818.35,93,1,9258.44
PAY0000519,APP0000519,2027-05-30,2027-05-30,23540.0,0,0,0.0
PAY0000520,APP0000520,2027-05-26,2027-05-26,54071.54,0,0,0.0
PAY0000521,APP0000521,2023-11-26,2024-10-26,34979.11,335,1,24613.68
PAY0000522,APP0000522,2025-06-23,2025-10-24,56725.8,123,1,25928.8
PAY0000523,APP0000523,2026-12-05,2027-09-04,17725.1,273,1,7214.58
PAY0000524,APP0000524,2024-05-25,2024-05-25,7614.17,0,0,0.0
PAY0000525,APP0000525,2029-06-29,2029-11-04,40778.37,128,1,12561.37
PAY0000526,APP0000526,2024-01-27,2024-01-27,78095.38,0,0,0.0
PAY0000527,APP0000527,2025-10-03,2025-10-03,47762.41,0,0,0.0
PAY0000528,APP0000528,2024-12-10,2025-09-23,6152.0,287,1,3410.77
PAY0000529,APP0000529,2027-06-14,2027-07-18,117765.29,34,1,46709.51
PAY0000530,APP0000530,2026-09-25,2027-01-21,10503.18,118,1,6121.18
PAY0000531,APP0000531,2028-02-02,2028-10-11,32656.89,252,1,12367.46
PAY0000532,APP0000532,2026-05-24,2026-05-24,22923.61,0,0,0.0
PAY0000533,APP0000533,2028-04-25,2028-12-15,23449.01,234,1,12040.26
PAY0000534,APP0000534,2025-07-06,2025-07-06,25811.84,0,0,0.0
PAY0000535,APP0000535,2026-08-05,2026-11-30,20472.14,117,1,14166.85
PAY0000536,APP0000536,2027-06-19,2027-06-19,16911.11,0,0,0.0
PAY0000537,APP0000537,2028-04-02,2029-03-09,22461.47,341,1,14743.88
PAY0000538,APP0000538,2026-04-25,2026-06-21,15370.04,57,1,12693.62
PAY0000539,APP0000539,2024-11-27,2025-10-18,134082.12,325,1,45955.83
PAY0000540,APP0000540,2025-01-24,2025-01-24,79425.59,0,0,0.0
PAY0000541,APP0000541,2025-10-24,2026-05-07,57578.74,195,1,26485.26
PAY0000542,APP0000542,2025-07-31,2025-12-25,29985.58,147,1,15021.84
PAY0000543,APP0000543,2025-02-03,2025-02-03,25723.26,0,0,0.0
PAY0000544,APP0000544,2029-10-27,2029-10-27,8258.6,0,0,0.0
PAY0000545,APP0000545,2024-04-01,2024-04-01,29429.43,0,0,0.0
PAY0000546,APP0000546,2027-08-31,2027-08-31,113171.08,0,0,0.0
PAY0000547,APP0000547,2029-10-09,2030-06-16,127847.33,250,1,92785.69
PAY0000548,APP0000548,2027-08-12,2028-07-25,25382.41,348,1,15231.28
PAY0000549,APP0000549,2023-07-21,2024-01-04,8222.92,167,1,5768.15
PAY0000550,APP0000550,2027-10-16,2028-09-04,36074.45,324,1,13206.62
PAY0000551,APP0000551,2025-11-19,2025-11-19,27611.93,0,0,0.0
PAY0000552,APP0000552,2027-02-09,2027-02-09,41333.62,0,0,0.0
PAY0000553,APP0000553,2023-11-01,2023-11-01,36380.22,0,0,0.0
PAY0000554,APP0000554,2029-01-11,2029-10-13,23205.87,275,1,12690.36
PAY0000555,APP0000555,2025-06-10,2025-06-10,46555.57,0,0,0.0
PAY0000556,APP0000556,2026-01-13,2026-01-13,39190.4,0,0,0.0
PAY0000557,APP0000557,2023-12-10,2023-12-10,40362.09,0,0,0.0
PAY0000558,APP0000558,2026-04-21,2026-04-21,6340.08,0,0,0.0
PAY0000559,APP0000559,2027-01-27,2027-01-27,38619.66,0,0,0.0
PAY0000560,APP0000560,2022-07-22,2022-07-22,62916.16,0,0,0.0
PAY0000561,APP0000561,2025-08-07,2025-08-07,101389.73,0,0,0.0
PAY0000562,APP0000562,2024-06-25,2024-06-25,146668.9,0,0,0.0
PAY0000563,APP0000563,2022-08-14,2022-08-14,82745.01,0,0,0.0
PAY0000564,APP0000564,2027-04-05,2027-04-05,100170.05,0,0,0.0
PAY0000565,APP0000565,2025-11-01,2025-11-01,51772.18,0,0,0.0
PAY0000566,APP0000566,2025-08-17,2025-08-17,81425.44,0,0,0.0
PAY0000567,APP0000567,2024-09-25,2024-12-25,112633.4,91,1,73369.97
PAY0000568,APP0000568,2022-10-28,2022-10-28,25480.53,0,0,0.0
PAY0000569,APP0000569,2024-10-10,2025-07-10,30200.8,273,1,9802.5
PAY0000570,APP0000570,2028-04-09,2028-04-09,35254.98,0,0,0.0
PAY0000571,APP0000571,2026-01-29,2026-01-29,125833.53,0,0,0.0
PAY0000572,APP0000572,2024-02-22,2024-02-22,75510.68,0,0,0.0
PAY0000573,APP0000573,2028-10-23,2029-09-25,14483.54,337,1,4587.82
PAY0000574,APP0000574,2026-06-12,2026-11-29,22561.77,170,1,7914.67
PAY0000575,APP0000575,2025-11-10,2025-11-10,57579.19,0,0,0.0
PAY0000576,APP0000576,2029-01-08,2029-01-08,39769.72,0,0,0.0
PAY0000577,APP0000577,2028-09-04,2028-09-04,23602.46,0,0,0.0
PAY0000578,APP0000578,2025-07-14,2025-07-14,11989.35,0,0,0.0
PAY0000579,APP0000579,2024-05-02,2024-05-02,55588.95,0,0,0.0
PAY0000580,APP0000580,2027-06-17,2027-06-17,69881.29,0,0,0.0
PAY0000581,APP0000581,2025-11-07,2025-11-07,27308.5,0,0,0.0
PAY0000582,APP0000582,2027-03-01,2028-01-15,20287.11,320,1,6481.79
PAY0000583,APP0000583,2026-02-13,2026-02-13,34109.79,0,0,0.0
PAY0000584,APP0000584,2026-07-11,2027-05-23,132841.65,316,1,29425.87
PAY0000585,APP0000585,2027-09-13,2028-03-05,30803.2,174,1,11553.06
PAY0000586,APP0000586,2024-10-24,2024-11-27,71145.25,34,1,17985.16
PAY0000587,APP0000587,2027-02-10,2027-02-10,216299.06,0,0,0.0
PAY0000588,APP0000588,2026-04-09,2026-12-03,115598.26,238,1,84952.79
PAY0000589,APP0000589,2025-05-16,2025-05-16,55843.6,0,0,0.0
PAY0000590,APP0000590,2023-09-25,2023-09-25,24200.22,0,0,0.0
PAY0000591,APP0000591,2027-05-28,2028-01-18,39351.97,235,1,29025.81
PAY0000592,APP0000592,2026-06-26,2026-06-26,39060.57,0,0,0.0
PAY0000593,APP0000593,2025-04-16,2025-04-16,20035.38,0,0,0.0
PAY0000594,APP0000594,2026-05-17,2026-05-17,26761.19,0,0,0.0
PAY0000595,APP0000595,2023-09-29,2023-09-29,14673.83,0,0,0.0
PAY0000596,APP0000596,2026-02-15,2026-02-15,32115.45,0,0,0.0
PAY0000597,APP0000597,2027-01-27,2027-01-27,52529.58,0,0,0.0
PAY0000598,APP0000598,2025-03-07,2025-03-07,20940.25,0,0,0.0
PAY0000599,APP0000599,2026-07-02,2026-07-02,46279.64,0,0,0.0
PAY0000600,APP0000600,2027-11-22,2027-11-22,18145.82,0,0,0.0
PAY0000601,APP0000601,2026-03-25,2026-03-25,15570.16,0,0,0.0
PAY0000602,APP0000602,2027-06-06,2027-06-06,16825.85,0,0,0.0
PAY0000603,APP0000603,2026-08-23,2026-08-23,18800.37,0,0,0.0
PAY0000604,APP0000604,2024-09-18,2024-09-18,31791.44,0,0,0.0
PAY0000605,APP0000605,2023-01-19,2023-09-25,45092.94,249,1,21566.58
PAY0000606,APP0000606,2027-06-23,2027-06-23,44902.42,0,0,0.0
PAY0000607,APP0000607,2028-08-06,2029-01-09,105087.32,156,1,63910.53
PAY0000608,APP0000608,2027-06-22,2027-06-22,47508.65,0,0,0.0
PAY0000609,APP0000609,2024-09-21,2024-09-21,35795.21,0,0,0.0
PAY0000610,APP0000610,2028-09-27,2029-04-25,31809.72,210,1,7646.15
PAY0000611,APP0000611,2025-05-03,2026-04-01,9525.56,333,1,3132.76
PAY0000612,APP0000612,2025-09-13,2026-03-03,16668.14,171,1,12506.25
PAY0000613,APP0000613,2027-01-21,2027-01-21,71591.28,0,0,0.0
PAY0000614,APP0000614,2027-05-08,2027-05-08,18807.42,0,0,0.0
PAY0000615,APP0000615,2027-04-11,2027-06-26,12071.51,76,1,6206.67
PAY0000616,APP0000616,2027-03-02,2027-04-20,13476.76,49,1,7995.25
PAY0000617,APP0000617,2022-11-27,2023-06-10,41107.9,195,1,32141.38
PAY0000618,APP0000618,2025-06-07,2025-06-07,7511.88,0,0,0.0
PAY0000619,APP0000619,2022-10-04,2023-11-06,111940.78,398,1,45052.08
PAY0000620,APP0000620,2024-03-29,2024-03-29,17573.09,0,0,0.0
PAY0000621,APP0000621,2023-12-26,2024-05-27,10427.58,153,1,5567.62
PAY0000622,APP0000622,2026-10-28,2026-10-28,30797.34,0,0,0.0
PAY0000623,APP0000623,2027-02-06,2027-05-15,21363.8,98,1,7051.27
PAY0000624,APP0000624,2024-07-17,2024-07-17,47611.69,0,0,0.0
PAY0000625,APP0000625,2026-10-07,2026-10-07,69498.26,0,0,0.0
PAY0000626,APP0000626,2025-03-10,2025-03-10,51780.11,0,0,0.0
PAY0000627,APP0000627,2027-11-03,2028-09-12,23870.71,314,1,10026.35
PAY0000628,APP0000628,2024-11-28,2024-11-28,16814.95,0,0,0.0
PAY0000629,APP0000629,2025-07-15,2025-07-15,126856.16,0,0,0.0
PAY0000630,APP0000630,2027-04-13,2027-04-13,12328.32,0,0,0.0
PAY0000631,APP0000631,2026-01-31,2026-01-31,58931.75,0,0,0.0
PAY0000632,APP0000632,2029-11-14,2030-02-23,30670.0,101,1,21066.49
PAY0000633,APP0000633,2023-05-26,2023-05-26,58167.88,0,0,0.0
PAY0000634,APP0000634,2023-09-15,2024-05-05,115369.17,233,1,52755.59
PAY0000635,APP0000635,2025-06-02,2025-11-16,74482.63,167,1,55439.12
PAY0000636,APP0000636,2025-01-07,2025-01-07,119835.16,0,0,0.0
PAY0000637,APP0000637,2024-04-13,2024-04-13,30033.6,0,0,0.0
PAY0000638,APP0000638,2026-03-05,2026-03-05,32505.5,0,0,0.0
PAY0000639,APP0000639,2024-03-16,2024-03-16,32525.94,0,0,0.0
PAY0000640,APP0000640,2028-08-31,2029-09-21,9926.25,386,1,3826.11
PAY0000641,APP0000641,2023-10-04,2023-10-04,37109.22,0,0,0.0
PAY0000642,APP0000642,2025-06-06,2025-06-06,52940.84,0,0,0.0
PAY0000643,APP0000643,2025-10-03,2026-10-27,20622.27,389,1,9585.45
PAY0000644,APP0000644,2025-04-15,2025-04-15,107922.15,0,0,0.0
PAY0000645,APP0000645,2025-08-19,2025-10-21,29882.89,63,1,13085.18
PAY0000646,APP0000646,2023-02-20,2023-05-10,47398.03,79,1,19216.19
PAY0000647,APP0000647,2022-10-18,2023-03-23,24950.99,156,1,14570.75
PAY0000648,APP0000648,2025-09-11,2026-09-25,32606.91,379,1,23723.9
PAY0000649,APP0000649,2028-03-25,2029-04-27,7224.73,398,1,3345.05
PAY0000650,APP0000650,2023-09-12,2024-02-25,31015.09,166,1,18847.28
PAY0000651,APP0000651,2025-08-18,2026-09-08,32171.93,386,1,16435.82
PAY0000652,APP0000652,2026-02-19,2026-02-19,57167.66,0,0,0.0
PAY0000653,APP0000653,2023-02-17,2023-02-17,46640.4,0,0,0.0
PAY0000654,APP0000654,2026-02-24,2026-02-24,57129.39,0,0,0.0
PAY0000655,APP0000655,2025-10-11,2025-10-11,23703.04,0,0,0.0
PAY0000656,APP0000656,2024-06-07,2025-06-06,15181.14,364,1,4424.53
PAY0000657,APP0000657,2024-04-28,2025-02-06,6078.18,284,1,3822.55
PAY0000658,APP0000658,2028-05-07,2028-07-20,42057.84,74,1,17385.29
PAY0000659,APP0000659,2026-05-13,2026-09-24,5000,134,1,2791.12
PAY0000660,APP0000660,2024-03-23,2024-03-23,28358.28,0,0,0.0
PAY0000661,APP0000661,2026-02-06,2026-02-06,101619.07,0,0,0.0
PAY0000662,APP0000662,2023-02-22,2023-09-12,103605.96,202,1,62094.75
PAY0000663,APP0000663,2023-12-09,2023-12-09,83632.43,0,0,0.0
PAY0000664,APP0000664,2027-06-04,2028-03-03,103726.02,273,1,73435.51
PAY0000665,APP0000665,2026-01-11,2026-05-03,36872.14,112,1,7705.01
PAY0000666,APP0000666,2026-05-01,2026-05-01,51556.15,0,0,0.0
PAY0000667,APP0000667,2026-04-13,2026-04-13,56276.24,0,0,0.0
PAY0000668,APP0000668,2025-07-17,2025-07-17,37791.92,0,0,0.0
PAY0000669,APP0000669,2029-09-05,2030-08-07,36631.0,336,1,24045.69
PAY0000670,APP0000670,2023-10-15,2023-10-15,32493.83,0,0,0.0
PAY0000671,APP0000671,2025-07-11,2025-07-11,19908.65,0,0,0.0
PAY0000672,APP0000672,2025-04-29,2025-04-29,52236.39,0,0,0.0
PAY0000673,APP0000673,2025-06-08,2025-06-08,66023.32,0,0,0.0
PAY0000674,APP0000674,2025-10-11,2025-10-11,7460.57,0,0,0.0
PAY0000675,APP0000675,2023-05-07,2023-05-07,54038.57,0,0,0.0
PAY0000676,APP0000676,2023-10-21,2024-03-02,21694.91,133,1,14180.66
PAY0000677,APP0000677,2027-03-14,2027-03-14,50324.21,0,0,0.0
PAY0000678,APP0000678,2027-02-25,2027-02-25,38835.22,0,0,0.0
PAY0000679,APP0000679,2022-07-07,2022-07-07,33027.65,0,0,0.0
PAY0000680,APP0000680,2022-12-18,2024-01-03,30236.49,381,1,16003.23
PAY0000681,APP0000681,2026-07-07,2026-07-07,18119.02,0,0,0.0
PAY0000682,APP0000682,2026-03-31,2026-03-31,15531.38,0,0,0.0
PAY0000683,APP0000683,2027-11-18,2028-07-18,71180.83,243,1,31938.8
PAY0000684,APP0000684,2025-04-20,2025-04-20,18869.76,0,0,0.0
PAY0000685,APP0000685,2025-08-19,2026-02-28,64391.2,193,1,47223.12
PAY0000686,APP0000686,2028-11-01,2028-11-01,19871.89,0,0,0.0
PAY0000687,APP0000687,2023-08-26,2023-08-26,26177.36,0,0,0.0
PAY0000688,APP0000688,2029-07-29,2030-06-09,52323.15,315,1,19604.02
PAY0000689,APP0000689,2024-07-11,2025-02-20,29486.35,224,1,20306.21
PAY0000690,APP0000690,2025-04-02,2025-04-02,20704.45,0,0,0.0
PAY0000691,APP0000691,2028-10-02,2029-11-04,13417.48,398,1,8064.5
PAY0000692,APP0000692,2026-06-22,2026-06-22,98418.89,0,0,0.0
PAY0000693,APP0000693,2025-12-01,2026-08-30,19611.38,272,1,7564.24
PAY0000694,APP0000694,2025-01-27,2025-01-27,26979.76,0,0,0.0
PAY0000695,APP0000695,2026-05-06,2027-04-30,37684.77,359,1,20274.4
PAY0000696,APP0000696,2025-09-13,2026-01-08,145623.3,117,1,121041.81
PAY0000697,APP0000697,2027-05-14,2027-11-10,59284.73,180,1,47621.03
PAY0000698,APP0000698,2023-01-18,2023-01-18,85937.45,0,0,0.0
PAY0000699,APP0000699,2025-01-25,2025-08-18,10672.06,205,1,6040.73
PAY0000700,APP0000700,2027-06-19,2027-11-09,54610.34,143,1,34128.52
PAY0000701,APP0000701,2025-08-16,2026-08-29,31662.85,378,1,23363.73
PAY0000702,APP0000702,2023-10-18,2023-10-18,68272.82,0,0,0.0
PAY0000703,APP0000703,2024-04-13,2024-04-13,61351.38,0,0,0.0
PAY0000704,APP0000704,2027-04-26,2027-04-26,36054.91,0,0,0.0
PAY0000705,APP0000705,2029-09-07,2029-09-07,33434.74,0,0,0.0
PAY0000706,APP0000706,2028-02-01,2028-11-16,43321.65,289,1,16086.34
PAY0000707,APP0000707,2025-05-13,2025-05-13,32927.47,0,0,0.0
PAY0000708,APP0000708,2023-05-05,2023-05-05,19952.13,0,0,0.0
PAY0000709,APP0000709,2029-02-04,2029-11-23,39183.85,292,1,27372.29
PAY0000710,APP0000710,2028-07-18,2028-07-18,121229.91,0,0,0.0
PAY0000711,APP0000711,2027-11-19,2027-11-19,13900.34,0,0,0.0
PAY0000712,APP0000712,2026-08-01,2026-08-01,43932.5,0,0,0.0
PAY0000713,APP0000713,2027-03-10,2027-03-10,77920.96,0,0,0.0
PAY0000714,APP0000714,2027-10-27,2027-10-27,39903.77,0,0,0.0
PAY0000715,APP0000715,2022-07-27,2022-07-27,76046.85,0,0,0.0
PAY0000716,APP0000716,2025-04-16,2025-04-16,19207.56,0,0,0.0
PAY0000717,APP0000717,2026-06-14,2026-12-21,115442.27,190,1,50675.57
PAY0000718,APP0000718,2025-05-07,2025-05-07,38457.98,0,0,0.0
PAY0000719,APP0000719,2027-02-18,2027-05-18,19593.8,89,1,8049.03
PAY0000720,APP0000720,2029-03-01,2029-03-01,5000,0,0,0.0
PAY0000721,APP0000721,2026-06-14,2026-06-14,33600.56,0,0,0.0
PAY0000722,APP0000722,2025-12-22,2026-08-26,31484.55,247,1,21146.88
PAY0000723,APP0000723,2025-05-20,2025-05-20,16967.97,0,0,0.0
PAY0000724,APP0000724,2028-11-03,2029-11-08,10386.56,370,1,5042.35
PAY0000725,APP0000725,2025-11-03,2025-11-03,26059.87,0,0,0.0
PAY0000726,APP0000726,2026-12-10,2027-02-14,67611.89,66,1,37693.2
PAY0000727,APP0000727,2028-06-21,2028-06-21,73782.66,0,0,0.0
PAY0000728,APP0000728,2025-08-27,2025-08-27,22823.57,0,0,0.0
PAY0000729,APP0000729,2027-01-10,2027-01-10,26268.25,0,0,0.0
PAY0000730,APP0000730,2024-11-15,2024-11-15,14134.55,0,0,0.0
PAY0000731,APP0000731,2024-01-13,2024-01-13,7503.23,0,0,0.0
PAY0000732,APP0000732,2026-05-21,2026-05-21,35144.03,0,0,0.0
PAY0000733,APP0000733,2025-12-28,2026-09-02,24630.38,248,1,20323.34
PAY0000734,APP0000734,2027-03-10,2027-12-01,54117.87,266,1,15154.32
PAY0000735,APP0000735,2028-02-27,2028-02-27,27241.56,0,0,0.0
PAY0000736,APP0000736,2023-11-04,2024-04-20,7219.07,168,1,4323.62
PAY0000737,APP0000737,2024-05-18,2024-05-18,72634.02,0,0,0.0
PAY0000738,APP0000738,2027-06-08,2027-06-08,52262.25,0,0,0.0
PAY0000739,APP0000739,2027-01-22,2027-01-22,30263.25,0,0,0.0
PAY0000740,APP0000740,2023-10-31,2023-10-31,24617.2,0,0,0.0
PAY0000741,APP0000741,2023-08-09,2023-08-09,39747.2,0,0,0.0
PAY0000742,APP0000742,2026-06-03,2026-06-03,48288.35,0,0,0.0
PAY0000743,APP0000743,2027-01-17,2027-01-17,8729.56,0,0,0.0
PAY0000744,APP0000744,2023-01-01,2023-01-01,28495.01,0,0,0.0
PAY0000745,APP0000745,2027-10-21,2027-10-21,17264.37,0,0,0.0
PAY0000746,APP0000746,2025-02-14,2025-02-14,11570.53,0,0,0.0
PAY0000747,APP0000747,2025-10-16,2025-10-16,29123.61,0,0,0.0
PAY0000748,APP0000748,2025-03-03,2025-03-03,26300.47,0,0,0.0
PAY0000749,APP0000749,2025-10-20,2025-12-23,61058.95,64,1,22140.64
PAY0000750,APP0000750,2024-12-03,2024-12-03,34769.7,0,0,0.0
PAY0000751,APP0000751,2027-01-18,2027-10-08,34094.81,263,1,25411.45
PAY0000752,APP0000752,2026-08-03,2026-08-03,54478.55,0,0,0.0
PAY0000753,APP0000753,2028-01-06,2028-03-04,58938.76,58,1,18863.12
PAY0000754,APP0000754,2023-10-14,2023-10-14,15238.83,0,0,0.0
PAY0000755,APP0000755,2026-10-09,2026-11-22,8875.36,44,1,4104.1
PAY0000756,APP0000756,2023-03-12,2023-03-12,19898.33,0,0,0.0
PAY0000757,APP0000757,2024-02-21,2024-07-19,98308.74,149,1,75195.33
PAY0000758,APP0000758,2025-10-14,2025-12-22,7997.87,69,1,2191.55
PAY0000759,APP0000759,2024-02-25,2024-02-25,22404.3,0,0,0.0
PAY0000760,APP0000760,2027-11-09,2028-05-28,58902.7,201,1,16613.88
PAY0000761,APP0000761,2025-03-09,2026-02-01,17700.32,329,1,9430.72
PAY0000762,APP0000762,2026-01-15,2026-01-15,10376.05,0,0,0.0
PAY0000763,APP0000763,2026-12-26,2027-03-14,17723.29,78,1,7399.39
PAY0000764,APP0000764,2025-12-14,2025-12-14,17916.34,0,0,0.0
PAY0000765,APP0000765,2025-11-03,2025-11-03,28646.8,0,0,0.0
PAY0000766,APP0000766,2025-08-21,2025-08-21,67201.84,0,0,0.0
PAY0000767,APP0000767,2025-12-15,2025-12-15,94796.95,0,0,0.0
PAY0000768,APP0000768,2023-09-13,2023-09-13,93002.12,0,0,0.0
PAY0000769,APP0000769,2027-04-18,2028-04-03,34857.55,351,1,19366.3
PAY0000770,APP0000770,2024-09-26,2024-09-26,26721.97,0,0,0.0
PAY0000771,APP0000771,2026-03-30,2027-02-26,43554.64,333,1,26798.95
PAY0000772,APP0000772,2028-05-30,2029-06-09,139466.8,375,1,113682.37
PAY0000773,APP0000773,2023-07-22,2023-12-06,18614.05,137,1,9457.6
PAY0000774,APP0000774,2022-10-28,2022-10-28,34653.29,0,0,0.0
PAY0000775,APP0000775,2026-08-02,2026-08-02,88127.39,0,0,0.0
PAY0000776,APP0000776,2025-09-17,2025-12-30,94357.48,104,1,64788.9
PAY0000777,APP0000777,2028-02-21,2028-02-21,48931.51,0,0,0.0
PAY0000778,APP0000778,2026-01-22,2026-01-22,120929.23,0,0,0.0
PAY0000779,APP0000779,2024-12-27,2025-09-15,69930.05,262,1,58966.66
PAY0000780,APP0000780,2025-04-18,2025-07-13,63304.92,86,1,19648.29
PAY0000781,APP0000781,2025-08-05,2025-12-13,22453.41,130,1,7795.24
PAY0000782,APP0000782,2024-07-05,2024-07-05,29321.46,0,0,0.0
PAY0000783,APP0000783,2023-09-26,2024-07-05,97047.31,283,1,57289.16
PAY0000784,APP0000784,2025-03-03,2025-03-03,16634.22,0,0,0.0
PAY0000785,APP0000785,2023-04-03,2023-04-03,145902.64,0,0,0.0
PAY0000786,APP0000786,2023-02-28,2023-02-28,27213.86,0,0,0.0
PAY0000787,APP0000787,2024-05-14,2024-05-14,26234.7,0,0,0.0
PAY0000788,APP0000788,2025-08-06,2026-06-22,24627.27,320,1,20682.98
PAY0000789,APP0000789,2025-06-30,2025-06-30,26273.72,0,0,0.0
PAY0000790,APP0000790,2026-11-28,2026-11-28,30201.86,0,0,0.0
PAY0000791,APP0000791,2025-10-05,2025-10-05,21956.41,0,0,0.0
PAY0000792,APP0000792,2025-02-06,2025-02-06,49504.77,0,0,0.0
PAY0000793,APP0000793,2026-06-02,2026-11-02,33995.81,153,1,19043.43
PAY0000794,APP0000794,2025-05-28,2025-05-28,51447.58,0,0,0.0
PAY0000795,APP0000795,2024-07-30,2025-02-18,45911.68,203,1,14172.64
PAY0000796,APP0000796,2025-04-16,2025-04-16,9950.93,0,0,0.0
PAY0000797,APP0000797,2026-09-13,2026-09-13,50206.46,0,0,0.0
PAY0000798,APP0000798,2027-02-23,2027-11-02,48569.33,252,1,23965.15
PAY0000799,APP0000799,2027-03-14,2027-11-29,74818.12,260,1,45998.07
PAY0000800,APP0000800,2023-06-21,2024-02-02,32870.89,226,1,25247.38
PAY0000801,APP0000801,2026-08-23,2026-08-23,22566.79,0,0,0.0
PAY0000802,APP0000802,2029-11-15,2029-11-15,111429.26,0,0,0.0
PAY0000803,APP0000803,2024-09-24,2025-09-27,38185.23,368,1,11641.51
PAY0000804,APP0000804,2024-04-09,2024-10-24,20426.7,198,1,15587.89
PAY0000805,APP0000805,2025-06-11,2025-06-11,43382.09,0,0,0.0
PAY0000806,APP0000806,2026-01-06,2026-08-02,42766.41,208,1,27095.04
PAY0000807,APP0000807,2025-01-22,2025-01-22,11732.17,0,0,0.0
PAY0000808,APP0000808,2028-02-09,2028-12-04,16278.8,299,1,5798.05
PAY0000809,APP0000809,2024-03-12,2024-12-29,16878.33,292,1,11723.99
PAY0000810,APP0000810,2027-08-26,2027-08-26,19651.28,0,0,0.0
PAY0000811,APP0000811,2025-12-09,2025-12-09,11359.31,0,0,0.0
PAY0000812,APP0000812,2028-02-04,2029-02-07,49439.88,369,1,29830.41
PAY0000813,APP0000813,2027-01-06,2027-01-06,12041.66,0,0,0.0
PAY0000814,APP0000814,2028-01-17,2028-01-17,25827.94,0,0,0.0
PAY0000815,APP0000815,2027-05-24,2028-04-27,81500.5,339,1,67407.98
PAY0000816,APP0000816,2027-11-03,2028-07-06,41635.37,246,1,20767.87
PAY0000817,APP0000817,2025-01-11,2025-06-05,63520.26,145,1,29973.02
PAY0000818,APP0000818,2028-02-06,2028-06-15,8651.99,130,1,4423.69
PAY0000819,APP0000819,2027-06-05,2027-06-05,56046.79,0,0,0.0
PAY0000820,APP0000820,2027-04-25,2027-10-01,83288.81,159,1,26083.62
PAY0000821,APP0000821,2025-03-03,2025-03-03,39037.96,0,0,0.0
PAY0000822,APP0000822,2025-05-25,2025-05-25,44570.89,0,0,0.0
PAY0000823,APP0000823,2024-12-12,2025-05-14,103723.8,153,1,87946.07
PAY0000824,APP0000824,2024-09-03,2024-11-15,23236.31,73,1,9513.02
PAY0000825,APP0000825,2025-07-05,2026-07-24,30860.83,384,1,18553.65
PAY0000826,APP0000826,2023-12-27,2023-12-27,33275.62,0,0,0.0
PAY0000827,APP0000827,2023-06-23,2024-02-16,27512.35,238,1,12341.83
PAY0000828,APP0000828,2023-09-02,2024-06-15,16394.44,287,1,3760.11
PAY0000829,APP0000829,2025-06-22,2026-06-04,25782.22,347,1,8938.71
PAY0000830,APP0000830,2025-06-07,2025-12-29,46430.53,205,1,20651.02
PAY0000831,APP0000831,2026-07-09,2026-07-09,81620.57,0,0,0.0
PAY0000832,APP0000832,2024-12-21,2025-05-12,76187.49,142,1,22007.95
PAY0000833,APP0000833,2025-04-14,2025-04-14,14313.74,0,0,0.0
PAY0000834,APP0000834,2025-02-05,2025-09-04,12270.03,211,1,4015.71
PAY0000835,APP0000835,2025-12-09,2027-01-08,49286.78,395,1,23569.29
PAY0000836,APP0000836,2024-04-19,2024-04-19,19435.77,0,0,0.0
PAY0000837,APP0000837,2025-03-02,2025-05-07,40528.18,66,1,25891.92
PAY0000838,APP0000838,2026-03-01,2026-03-01,34020.87,0,0,0.0
PAY0000839,APP0000839,2024-02-18,2024-02-18,27960.21,0,0,0.0
PAY0000840,APP0000840,2029-10-30,2029-10-30,37505.99,0,0,0.0
PAY0000841,APP0000841,2027-03-28,2027-08-31,18154.73,156,1,10354.88
PAY0000842,APP0000842,2026-01-01,2026-07-27,48654.2,207,1,28688.21
PAY0000843,APP0000843,2028-06-20,2028-06-20,36493.21,0,0,0.0
PAY0000844,APP0000844,2026-09-22,2026-09-22,47740.83,0,0,0.0
PAY0000845,APP0000845,2025-06-06,2026-01-24,114767.81,232,1,44798.94
PAY0000846,APP0000846,2025-05-27,2025-05-27,25237.6,0,0,0.0
PAY0000847,APP0000847,2024-07-21,2024-07-21,24687.48,0,0,0.0
PAY0000848,APP0000848,2028-03-08,2028-06-28,27036.94,112,1,8301.59
PAY0000849,APP0000849,2027-06-14,2028-05-06,29538.56,327,1,8396.31
PAY0000850,APP0000850,2026-08-30,2026-08-30,30314.31,0,0,0.0
PAY0000851,APP0000851,2028-04-07,2028-04-07,14360.29,0,0,0.0
PAY0000852,APP0000852,2026-12-03,2027-10-24,25208.65,325,1,6848.2
PAY0000853,APP0000853,2027-05-14,2027-05-14,67292.83,0,0,0.0
PAY0000854,APP0000854,2025-01-30,2025-01-30,58745.4,0,0,0.0
PAY0000855,APP0000855,2029-10-08,2029-10-08,82988.08,0,0,0.0
PAY0000856,APP0000856,2023-10-14,2023-10-14,56215.05,0,0,0.0
PAY0000857,APP0000857,2024-01-26,2024-01-26,27385.17,0,0,0.0
PAY0000858,APP0000858,2025-09-30,2025-09-30,33895.3,0,0,0.0
PAY0000859,APP0000859,2026-01-30,2026-01-30,67949.82,0,0,0.0
PAY0000860,APP0000860,2025-02-13,2025-02-13,159120.49,0,0,0.0
PAY0000861,APP0000861,2025-10-13,2025-10-13,84857.45,0,0,0.0
PAY0000862,APP0000862,2025-11-23,2025-11-23,131999.19,0,0,0.0
PAY0000863,APP0000863,2028-05-04,2028-05-04,20328.21,0,0,0.0
PAY0000864,APP0000864,2022-10-10,2022-10-10,78672.02,0,0,0.0
PAY0000865,APP0000865,2027-12-28,2027-12-28,70398.85,0,0,0.0
PAY0000866,APP0000866,2025-01-30,2025-01-30,25325.93,0,0,0.0
PAY0000867,APP0000867,2023-05-31,2024-03-01,169996.1,275,1,68285.95
PAY0000868,APP0000868,2024-04-14,2024-04-14,29336.44,0,0,0.0
PAY0000869,APP0000869,2026-02-10,2026-02-10,25940.97,0,0,0.0
PAY0000870,APP0000870,2026-07-26,2026-07-26,116051.92,0,0,0.0
PAY0000871,APP0000871,2025-03-16,2025-06-12,59326.82,88,1,15150.4
PAY0000872,APP0000872,2029-08-04,2029-08-04,81680.36,0,0,0.0
PAY0000873,APP0000873,2025-10-19,2026-05-20,337032.02,213,1,208405.6
PAY0000874,APP0000874,2024-05-07,2024-10-11,44760.97,157,1,25783.51
PAY0000875,APP0000875,2026-10-22,2027-11-15,77363.14,389,1,39709.38
PAY0000876,APP0000876,2023-11-08,2023-11-08,62336.16,0,0,0.0
PAY0000877,APP0000877,2027-07-22,2027-11-21,69231.12,122,1,35400.88
PAY0000878,APP0000878,2025-05-25,2025-09-17,71133.05,115,1,29019.29
PAY0000879,APP0000879,2028-11-16,2028-11-16,55991.01,0,0,0.0
PAY0000880,APP0000880,2028-07-23,2028-12-15,40570.09,145,1,22764.71
PAY0000881,APP0000881,2026-07-03,2026-10-07,77529.75,96,1,50444.04
PAY0000882,APP0000882,2026-02-25,2026-06-10,36640.0,105,1,9070.93
PAY0000883,APP0000883,2028-02-13,2028-02-13,18044.0,0,0,0.0
PAY0000884,APP0000884,2028-02-12,2028-05-14,153229.98,92,1,98160.08
PAY0000885,APP0000885,2026-09-30,2026-09-30,44421.22,0,0,0.0
PAY0000886,APP0000886,2026-04-02,2026-05-11,17802.94,39,1,3762.7
PAY0000887,APP0000887,2027-06-25,2027-06-25,29194.54,0,0,0.0
PAY0000888,APP0000888,2024-02-01,2024-07-05,101074.71,155,1,84867.21
PAY0000889,APP0000889,2026-12-06,2026-12-06,60379.04,0,0,0.0
PAY0000890,APP0000890,2024-10-30,2025-05-27,12860.05,209,1,7257.46
PAY0000891,APP0000891,2027-03-26,2027-03-26,19619.69,0,0,0.0
PAY0000892,APP0000892,2024-03-22,2024-03-22,21906.18,0,0,0.0
PAY0000893,APP0000893,2026-09-05,2026-09-05,26636.93,0,0,0.0
PAY0000894,APP0000894,2026-07-16,2027-08-05,29265.45,385,1,8491.69
PAY0000895,APP0000895,2028-08-23,2029-09-26,29747.05,399,1,15579.69
PAY0000896,APP0000896,2024-08-12,2025-08-19,96620.91,372,1,66193.43
PAY0000897,APP0000897,2028-05-26,2028-05-26,6528.28,0,0,0.0
PAY0000898,APP0000898,2024-04-20,2024-04-20,23721.02,0,0,0.0
PAY0000899,APP0000899,2028-07-10,2028-07-10,41367.44,0,0,0.0
PAY0000900,APP0000900,2023-12-17,2024-12-01,291801.5,350,1,187894.73
PAY0000901,APP0000901,2022-10-09,2023-07-29,49712.8,293,1,35433.56
PAY0000902,APP0000902,2024-06-07,2024-06-07,20495.29,0,0,0.0
PAY0000903,APP0000903,2026-05-28,2027-06-08,74911.5,376,1,52950.5
PAY0000904,APP0000904,2025-05-05,2025-11-09,36140.54,188,1,10515.27
PAY0000905,APP0000905,2026-05-04,2026-12-28,47945.59,238,1,34903.98
PAY0000906,APP0000906,2027-05-09,2027-05-09,29231.8,0,0,0.0
PAY0000907,APP0000907,2024-10-20,2024-10-20,29863.95,0,0,0.0
PAY0000908,APP0000908,2026-07-20,2026-07-20,16086.41,0,0,0.0
PAY0000909,APP0000909,2026-06-25,2026-06-25,45049.05,0,0,0.0
PAY0000910,APP0000910,2026-01-29,2026-01-29,18258.1,0,0,0.0
PAY0000911,APP0000911,2027-07-26,2028-06-06,17951.37,316,1,7900.08
PAY0000912,APP0000912,2026-08-27,2026-11-21,38743.31,86,1,30210.56
PAY0000913,APP0000913,2029-05-02,2029-05-02,26944.42,0,0,0.0
PAY0000914,APP0000914,2029-10-27,2030-08-23,17756.76,300,1,8497.41
PAY0000915,APP0000915,2027-05-22,2028-03-15,91071.47,298,1,74326.27
PAY0000916,APP0000916,2024-12-11,2025-07-04,59015.32,205,1,36108.7
PAY0000917,APP0000917,2022-11-07,2022-11-07,50219.94,0,0,0.0
PAY0000918,APP0000918,2025-03-28,2025-03-28,63282.02,0,0,0.0
PAY0000919,APP0000919,2028-05-07,2029-04-30,23143.8,358,1,7570.74
PAY0000920,APP0000920,2028-07-11,2029-02-13,24455.65,217,1,8693.78
PAY0000921,APP0000921,2026-12-09,2026-12-09,57109.45,0,0,0.0
PAY0000922,APP0000922,2026-09-01,2026-09-01,23289.57,0,0,0.0
PAY0000923,APP0000923,2025-05-28,2025-05-28,13393.59,0,0,0.0
PAY0000924,APP0000924,2024-09-15,2024-09-15,10680.97,0,0,0.0
PAY0000925,APP0000925,2028-05-18,2028-05-18,38485.51,0,0,0.0
PAY0000926,APP0000926,2028-08-31,2028-08-31,92328.95,0,0,0.0
PAY0000927,APP0000927,2024-09-09,2025-06-09,31304.19,273,1,13686.1
PAY0000928,APP0000928,2023-12-31,2023-12-31,25808.58,0,0,0.0
PAY0000929,APP0000929,2025-03-01,2025-09-11,28672.7,194,1,20638.94
PAY0000930,APP0000930,2025-12-30,2026-06-22,19721.45,174,1,6151.91
PAY0000931,APP0000931,2026-09-29,2026-09-29,43335.23,0,0,0.0
PAY0000932,APP0000932,2028-03-19,2028-05-21,93481.51,63,1,44320.67
PAY0000933,APP0000933,2025-05-11,2025-05-11,41150.75,0,0,0.0
PAY0000934,APP0000934,2025-05-28,2025-05-28,41120.7,0,0,0.0
PAY0000935,APP0000935,2027-04-25,2027-04-25,78414.41,0,0,0.0
PAY0000936,APP0000936,2023-07-20,2023-07-20,20883.48,0,0,0.0
PAY0000937,APP0000937,2028-07-21,2029-05-16,17652.74,299,1,7701.19
PAY0000938,APP0000938,2024-09-24,2024-11-14,39647.87,51,1,28499.73
PAY0000939,APP0000939,2028-08-04,2029-02-11,24206.14,191,1,16732.96
PAY0000940,APP0000940,2025-03-16,2025-03-16,85714.96,0,0,0.0
PAY0000941,APP0000941,2023-08-13,2024-05-13,22873.86,274,1,10143.61
PAY0000942,APP0000942,2025-05-11,2025-06-25,128838.94,45,1,68787.37
PAY0000943,APP0000943,2025-06-10,2025-06-10,51535.71,0,0,0.0
PAY0000944,APP0000944,2022-12-18,2022-12-18,46624.09,0,0,0.0
PAY0000945,APP0000945,2025-12-03,2025-12-03,27766.04,0,0,0.0
PAY0000946,APP0000946,2025-06-16,2025-06-16,5399.3,0,0,0.0
PAY0000947,APP0000947,2024-03-22,2025-02-27,37014.84,342,1,27033.48
PAY0000948,APP0000948,2025-03-26,2025-09-03,27147.12,161,1,7767.73
PAY0000949,APP0000949,2025-12-31,2026-06-29,70013.99,180,1,40874.56
PAY0000950,APP0000950,2027-01-02,2027-02-21,40136.01,50,1,25915.4
PAY0000951,APP0000951,2027-04-17,2027-04-17,35411.3,0,0,0.0
PAY0000952,APP0000952,2027-09-30,2027-09-30,165239.85,0,0,0.0
PAY0000953,APP0000953,2028-10-11,2028-10-11,21535.46,0,0,0.0
PAY0000954,APP0000954,2023-10-11,2023-10-11,61100.35,0,0,0.0
PAY0000955,APP0000955,2026-06-15,2027-03-22,17715.31,280,1,3554.33
PAY0000956,APP0000956,2028-07-25,2028-07-25,5385.34,0,0,0.0
PAY0000957,APP0000957,2024-05-30,2024-05-30,26195.96,0,0,0.0
PAY0000958,APP0000958,2026-08-04,2027-05-19,143212.38,288,1,65855.82
PAY0000959,APP0000959,2026-10-06,2026-10-06,30146.78,0,0,0.0
PAY0000960,APP0000960,2025-01-04,2025-01-04,24182.45,0,0,0.0
PAY0000961,APP0000961,2023-11-03,2023-11-03,86238.18,0,0,0.0
PAY0000962,APP0000962,2024-06-12,2024-06-12,25892.4,0,0,0.0
PAY0000963,APP0000963,2024-12-21,2024-12-21,11092.77,0,0,0.0
PAY0000964,APP0000964,2027-10-25,2028-10-22,59586.78,363,1,48263.36
PAY0000965,APP0000965,2027-08-23,2027-08-23,46982.79,0,0,0.0
PAY0000966,APP0000966,2022-10-02,2022-10-02,13755.27,0,0,0.0
PAY0000967,APP0000967,2023-07-13,2023-10-05,32701.91,84,1,10372.95
PAY0000968,APP0000968,2022-07-13,2023-07-08,37927.57,360,1,15078.33
PAY0000969,APP0000969,2025-06-05,2026-05-09,101647.07,338,1,32622.8
PAY0000970,APP0000970,2026-05-16,2026-05-16,36218.8,0,0,0.0
PAY0000971,APP0000971,2029-03-01,2029-03-01,15413.92,0,0,0.0
PAY0000972,APP0000972,2025-07-17,2025-09-09,28668.29,54,1,8824.6
PAY0000973,APP0000973,2024-04-06,2024-11-18,11789.52,226,1,3705.93
PAY0000974,APP0000974,2025-11-09,2025-11-09,21625.63,0,0,0.0
PAY0000975,APP0000975,2026-11-11,2027-09-10,16505.51,303,1,11209.38
PAY0000976,APP0000976,2027-04-16,2027-04-16,22047.11,0,0,0.0
PAY0000977,APP0000977,2023-02-09,2023-10-03,15258.6,236,1,10281.38
PAY0000978,APP0000978,2029-04-01,2029-04-01,53969.44,0,0,0.0
PAY0000979,APP0000979,2024-05-05,2024-05-05,43801.99,0,0,0.0
PAY0000980,APP0000980,2026-03-26,2026-05-06,10729.2,41,1,2756.1
PAY0000981,APP0000981,2024-08-11,2024-08-11,30432.41,0,0,0.0
PAY0000982,APP0000982,2027-11-27,2028-10-20,75927.67,328,1,45503.09
PAY0000983,APP0000983,2025-04-01,2025-04-01,5000,0,0,0.0
PAY0000984,APP0000984,2025-11-27,2025-11-27,17394.68,0,0,0.0
PAY0000985,APP0000985,2023-12-06,2024-11-12,27368.03,342,1,12776.45
PAY0000986,APP0000986,2026-02-17,2026-10-06,36706.8,231,1,19996.43
PAY0000987,APP0000987,2023-12-03,2024-06-29,49324.64,209,1,15909.24
PAY0000988,APP0000988,2026-10-26,2027-03-29,49183.44,154,1,12294.54
PAY0000989,APP0000989,2028-05-26,2028-10-28,76023.5,155,1,38737.32
PAY0000990,APP0000990,2028-04-30,2028-09-28,27495.73,151,1,17653.73
PAY0000991,APP0000991,2026-04-10,2026-04-10,53679.0,0,0,0.0
PAY0000992,APP0000992,2024-10-16,2025-07-26,8291.77,283,1,6334.66
PAY0000993,APP0000993,2023-12-29,2023-12-29,51074.05,0,0,0.0
PAY0000994,APP0000994,2025-09-12,2026-02-09,44801.66,150,1,11692.36
PAY0000995,APP0000995,2027-02-21,2027-02-21,101424.49,0,0,0.0
PAY0000996,APP0000996,2028-11-09,2029-09-23,51422.16,318,1,43216.54
PAY0000997,APP0000997,2025-12-02,2025-12-02,43279.57,0,0,0.0
PAY0000998,APP0000998,2026-02-21,2026-02-21,28930.69,0,0,0.0
PAY0000999,APP0000999,2025-05-23,2025-05-23,32077.41,0,0,0.0
PAY0001000,APP0001000,2024-09-12,2024-11-13,19757.58,62,1,9239.96
PAY0001001,APP0001001,2024-11-09,2024-11-09,20636.27,0,0,0.0
PAY0001002,APP0001002,2026-08-02,2026-08-02,23115.8,0,0,0.0
PAY0001003,APP0001003,2024-05-12,2025-06-06,51580.56,390,1,40304.51
PAY0001004,APP0001004,2023-12-28,2023-12-28,32567.41,0,0,0.0
PAY0001005,APP0001005,2026-09-09,2027-03-22,36007.8,194,1,14481.62
PAY0001006,APP0001006,2026-08-22,2026-08-22,71129.2,0,0,0.0
PAY0001007,APP0001007,2023-08-19,2023-08-19,48431.4,0,0,0.0
PAY0001008,APP0001008,2027-07-12,2027-07-12,83028.76,0,0,0.0
PAY0001009,APP0001009,2027-05-02,2028-04-17,18069.97,351,1,13277.24
PAY0001010,APP0001010,2026-11-18,2026-11-18,88689.4,0,0,0.0
PAY0001011,APP0001011,2025-01-19,2025-07-07,161539.64,169,1,75369.95
PAY0001012,APP0001012,2026-02-01,2026-09-09,131951.35,220,1,35183.9
PAY0001013,APP0001013,2024-12-09,2025-04-08,76186.27,120,1,29315.05
PAY0001014,APP0001014,2029-01-13,2029-06-30,41694.1,168,1,13872.94
PAY0001015,APP0001015,2028-01-31,2029-01-07,107103.96,342,1,40355.34
PAY0001016,APP0001016,2027-08-25,2028-07-28,19896.02,338,1,5222.35
PAY0001017,APP0001017,2024-10-06,2025-03-26,26419.43,171,1,7625.79
PAY0001018,APP0001018,2027-10-23,2027-10-23,23571.66,0,0,0.0
PAY0001019,APP0001019,2027-05-15,2027-05-15,31291.56,0,0,0.0
PAY0001020,APP0001020,2027-11-25,2028-02-06,140986.02,73,1,35601.2
PAY0001021,APP0001021,2028-06-13,2028-06-13,42568.02,0,0,0.0
PAY0001022,APP0001022,2027-05-20,2028-05-24,22377.44,370,1,8730.45
PAY0001023,APP0001023,2024-08-16,2024-08-16,24986.61,0,0,0.0
PAY0001024,APP0001024,2022-08-07,2022-08-07,10246.34,0,0,0.0
PAY0001025,APP0001025,2025-05-27,2025-05-27,26894.31,0,0,0.0
PAY0001026,APP0001026,2028-02-21,2028-02-21,71393.41,0,0,0.0
PAY0001027,APP0001027,2025-10-28,2026-08-18,105805.73,294,1,89433.95
PAY0001028,APP0001028,2023-05-22,2024-04-03,76157.51,317,1,58208.1
PAY0001029,APP0001029,2023-08-05,2023-08-05,24983.8,0,0,0.0
PAY0001030,APP0001030,2025-12-10,2025-12-10,40481.74,0,0,0.0
PAY0001031,APP0001031,2028-03-24,2028-03-24,64792.98,0,0,0.0
PAY0001032,APP0001032,2023-09-15,2023-09-15,27878.3,0,0,0.0
PAY0001033,APP0001033,2026-02-21,2026-02-21,46092.73,0,0,0.0
PAY0001034,APP0001034,2023-10-19,2023-10-19,20878.17,0,0,0.0
PAY0001035,APP0001035,2025-03-16,2025-03-16,5000,0,0,0.0
PAY0001036,APP0001036,2024-11-07,2024-11-07,108550.19,0,0,0.0
PAY0001037,APP0001037,2028-01-16,2028-01-16,35383.1,0,0,0.0
PAY0001038,APP0001038,2029-08-30,2029-08-30,36498.29,0,0,0.0
PAY0001039,APP0001039,2028-08-08,2028-09-19,76430.32,42,1,62894.01
PAY0001040,APP0001040,2027-04-27,2028-01-24,34582.78,272,1,24147.25
PAY0001041,APP0001041,2026-02-23,2026-10-02,64478.95,221,1,29594.43
PAY0001042,APP0001042,2027-07-20,2027-07-20,36728.26,0,0,0.0
PAY0001043,APP0001043,2027-02-24,2027-02-24,51024.16,0,0,0.0
PAY0001044,APP0001044,2025-11-21,2025-11-21,102876.1,0,0,0.0
PAY0001045,APP0001045,2029-08-19,2030-02-07,27528.06,172,1,12694.99
PAY0001046,APP0001046,2024-05-26,2024-05-26,25032.18,0,0,0.0
PAY0001047,APP0001047,2026-11-02,2026-11-02,112868.34,0,0,0.0
PAY0001048,APP0001048,2026-12-16,2026-12-16,66383.47,0,0,0.0
PAY0001049,APP0001049,2023-07-29,2023-07-29,39987.73,0,0,0.0
PAY0001050,APP0001050,2026-09-13,2026-09-13,63382.04,0,0,0.0
PAY0001051,APP0001051,2026-06-25,2027-04-24,38493.9,303,1,17420.7
PAY0001052,APP0001052,2024-09-18,2025-07-02,34939.78,287,1,14700.2
PAY0001053,APP0001053,2025-07-16,2025-07-16,24464.89,0,0,0.0
PAY0001054,APP0001054,2023-01-30,2023-01-30,16997.39,0,0,0.0
PAY0001055,APP0001055,2026-04-17,2026-11-21,5112.38,218,1,1276.21
PAY0001056,APP0001056,2023-01-13,2023-01-13,13186.8,0,0,0.0
PAY0001057,APP0001057,2027-12-15,2027-12-15,70526.29,0,0,0.0
PAY0001058,APP0001058,2027-09-13,2027-09-13,40250.0,0,0,0.0
PAY0001059,APP0001059,2025-11-30,2026-06-25,27771.32,207,1,19235.36
PAY0001060,APP0001060,2023-09-13,2023-09-13,89976.73,0,0,0.0
PAY0001061,APP0001061,2026-07-20,2026-07-20,21168.05,0,0,0.0
PAY0001062,APP0001062,2025-07-14,2025-07-14,296102.52,0,0,0.0
PAY0001063,APP0001063,2027-09-13,2028-03-13,175790.29,182,1,45519.25
PAY0001064,APP0001064,2024-08-23,2024-08-23,50854.46,0,0,0.0
PAY0001065,APP0001065,2022-11-05,2022-11-05,28112.8,0,0,0.0
PAY0001066,APP0001066,2024-03-28,2024-03-28,151639.06,0,0,0.0
PAY0001067,APP0001067,2026-07-14,2026-10-14,16371.63,92,1,11607.58
PAY0001068,APP0001068,2029-02-12,2029-10-14,14341.08,244,1,5727.98
PAY0001069,APP0001069,2022-12-15,2022-12-15,23698.99,0,0,0.0
PAY0001070,APP0001070,2026-03-21,2026-03-21,6531.19,0,0,0.0
PAY0001071,APP0001071,2024-10-28,2025-10-10,73057.99,347,1,41607.44
PAY0001072,APP0001072,2023-04-25,2023-04-25,17396.95,0,0,0.0
PAY0001073,APP0001073,2027-03-11,2027-03-11,111485.56,0,0,0.0
PAY0001074,APP0001074,2022-10-08,2022-10-08,50594.1,0,0,0.0
PAY0001075,APP0001075,2026-02-13,2026-05-29,23517.74,105,1,14029.25
PAY0001076,APP0001076,2024-02-24,2024-02-24,5000,0,0,0.0
PAY0001077,APP0001077,2027-07-07,2027-12-19,101027.45,165,1,21045.63
PAY0001078,APP0001078,2028-05-12,2028-07-03,27518.72,52,1,18347.04
PAY0001079,APP0001079,2026-05-26,2026-05-26,146080.02,0,0,0.0
PAY0001080,APP0001080,2023-09-05,2023-09-05,14583.31,0,0,0.0
PAY0001081,APP0001081,2026-12-13,2026-12-13,37207.86,0,0,0.0
PAY0001082,APP0001082,2024-02-21,2024-06-30,31852.92,130,1,17882.49
PAY0001083,APP0001083,2025-07-16,2025-07-16,34195.78,0,0,0.0
PAY0001084,APP0001084,2026-05-02,2026-05-02,13508.04,0,0,0.0
PAY0001085,APP0001085,2029-01-18,2029-01-18,23875.09,0,0,0.0
PAY0001086,APP0001086,2026-01-21,2026-01-21,175665.01,0,0,0.0
PAY0001087,APP0001087,2023-07-05,2023-07-05,104996.76,0,0,0.0
PAY0001088,APP0001088,2023-03-15,2023-03-15,51876.42,0,0,0.0
PAY0001089,APP0001089,2027-09-01,2027-09-01,70498.97,0,0,0.0
PAY0001090,APP0001090,2027-11-18,2027-11-18,110886.72,0,0,0.0
PAY0001091,APP0001091,2025-12-10,2026-10-11,21756.65,305,1,14639.41
PAY0001092,APP0001092,2027-10-17,2028-04-07,103831.54,173,1,42629.71
PAY0001093,APP0001093,2026-08-30,2026-11-10,66508.68,72,1,53836.01
PAY0001094,APP0001094,2024-10-17,2025-04-07,74381.51,172,1,19081.88
PAY0001095,APP0001095,2026-12-11,2027-11-22,9033.44,346,1,5440.23
PAY0001096,APP0001096,2025-05-31,2025-05-31,26632.4,0,0,0.0
PAY0001097,APP0001097,2025-09-18,2025-09-18,142301.74,0,0,0.0
PAY0001098,APP0001098,2027-07-10,2027-07-10,24037.07,0,0,0.0
PAY0001099,APP0001099,2024-06-14,2024-06-14,61548.14,0,0,0.0
PAY0001100,APP0001100,2025-12-04,2026-08-02,18841.86,241,1,10544.72
PAY0001101,APP0001101,2027-02-26,2027-08-16,77202.55,171,1,15847.32
PAY0001102,APP0001102,2023-08-06,2023-08-06,128070.46,0,0,0.0
PAY0001103,APP0001103,2026-01-27,2026-01-27,85361.08,0,0,0.0
PAY0001104,APP0001104,2024-07-07,2025-04-12,32338.86,279,1,24456.74
PAY0001105,APP0001105,2027-03-07,2027-10-26,76596.49,233,1,61381.84
PAY0001106,APP0001106,2027-04-11,2027-04-11,105951.6,0,0,0.0
PAY0001107,APP0001107,2024-12-26,2024-12-26,13996.83,0,0,0.0
PAY0001108,APP0001108,2024-10-14,2024-10-14,277714.46,0,0,0.0
PAY0001109,APP0001109,2024-05-26,2025-05-02,113601.41,341,1,50099.05
PAY0001110,APP0001110,2026-08-26,2026-08-26,47318.12,0,0,0.0
PAY0001111,APP0001111,2029-08-12,2029-08-12,19070.77,0,0,0.0
PAY0001112,APP0001112,2025-07-18,2026-06-23,35015.48,340,1,24773.07
PAY0001113,APP0001113,2025-05-19,2025-05-19,23191.34,0,0,0.0
PAY0001114,APP0001114,2027-11-10,2028-05-22,64881.76,194,1,37535.84
PAY0001115,APP0001115,2027-08-28,2027-08-28,13627.39,0,0,0.0
PAY0001116,APP0001116,2028-04-07,2028-04-07,30437.51,0,0,0.0
PAY0001117,APP0001117,2024-04-08,2025-04-29,225175.42,386,1,80307.49
PAY0001118,APP0001118,2025-11-29,2026-06-18,13657.44,201,1,8443.6
PAY0001119,APP0001119,2025-01-16,2025-01-16,44949.03,0,0,0.0
PAY0001120,APP0001120,2024-09-20,2025-03-28,33286.27,189,1,8717.67
PAY0001121,APP0001121,2026-12-19,2027-10-20,18604.66,305,1,8155.67
PAY0001122,APP0001122,2027-01-18,2027-01-18,29429.83,0,0,0.0
PAY0001123,APP0001123,2026-12-27,2026-12-27,31856.89,0,0,0.0
PAY0001124,APP0001124,2025-10-12,2025-10-12,20335.39,0,0,0.0
PAY0001125,APP0001125,2025-09-22,2025-09-22,27775.93,0,0,0.0
PAY0001126,APP0001126,2025-02-09,2025-02-09,16448.43,0,0,0.0
PAY0001127,APP0001127,2024-01-31,2024-01-31,17196.71,0,0,0.0
PAY0001128,APP0001128,2025-07-10,2026-03-22,10700.14,255,1,7354.29
PAY0001129,APP0001129,2025-08-17,2025-08-17,27943.6,0,0,0.0
PAY0001130,APP0001130,2026-12-09,2026-12-09,16260.93,0,0,0.0
PAY0001131,APP0001131,2028-09-07,2029-05-15,50359.0,250,1,26006.63
PAY0001132,APP0001132,2024-10-28,2025-07-18,20841.16,263,1,5903.4
PAY0001133,APP0001133,2024-01-04,2024-02-28,20638.89,55,1,12225.25
PAY0001134,APP0001134,2028-04-14,2028-04-14,21717.71,0,0,0.0
PAY0001135,APP0001135,2026-08-30,2027-06-23,105642.11,297,1,87273.33
PAY0001136,APP0001136,2023-08-05,2023-08-05,246676.9,0,0,0.0
PAY0001137,APP0001137,2027-12-28,2027-12-28,21978.27,0,0,0.0
PAY0001138,APP0001138,2025-12-22,2025-12-22,9578.46,0,0,0.0
PAY0001139,APP0001139,2026-10-24,2026-10-24,103512.61,0,0,0.0
PAY0001140,APP0001140,2024-07-30,2024-07-30,59189.32,0,0,0.0
PAY0001141,APP0001141,2025-07-25,2025-07-25,63484.47,0,0,0.0
PAY0001142,APP0001142,2027-09-24,2027-09-24,69390.59,0,0,0.0
PAY0001143,APP0001143,2024-06-29,2024-06-29,14054.65,0,0,0.0
PAY0001144,APP0001144,2023-06-19,2023-06-19,49030.16,0,0,0.0
PAY0001145,APP0001145,2027-06-14,2027-06-14,192495.64,0,0,0.0
PAY0001146,APP0001146,2023-06-09,2023-06-09,13363.47,0,0,0.0
PAY0001147,APP0001147,2023-08-10,2023-08-10,22442.47,0,0,0.0
PAY0001148,APP0001148,2025-08-30,2025-08-30,32432.37,0,0,0.0
PAY0001149,APP0001149,2024-11-09,2024-11-09,55747.67,0,0,0.0
PAY0001150,APP0001150,2022-07-05,2022-08-26,33970.73,52,1,13019.63
PAY0001151,APP0001151,2025-06-06,2025-07-29,79503.76,53,1,27589.58
PAY0001152,APP0001152,2028-02-12,2028-11-08,53293.15,270,1,20999.2
PAY0001153,APP0001153,2024-09-28,2024-09-28,50487.16,0,0,0.0
PAY0001154,APP0001154,2027-02-05,2027-02-05,14076.06,0,0,0.0
PAY0001155,APP0001155,2027-04-23,2028-03-15,9227.42,327,1,4192.19
PAY0001156,APP0001156,2023-07-17,2023-10-26,34111.57,101,1,24138.14
PAY0001157,APP0001157,2024-05-28,2024-05-28,102529.95,0,0,0.0
PAY0001158,APP0001158,2025-01-16,2025-11-22,83045.71,310,1,29067.14
PAY0001159,APP0001159,2027-10-13,2028-04-28,63351.47,198,1,47724.81
PAY0001160,APP0001160,2026-03-04,2026-03-04,29286.83,0,0,0.0
PAY0001161,APP0001161,2023-04-02,2024-02-16,12712.67,320,1,7320.24
PAY0001162,APP0001162,2025-11-15,2026-06-10,32047.72,207,1,14967.04
PAY0001163,APP0001163,2026-07-04,2027-06-24,26638.68,355,1,16257.0
PAY0001164,APP0001164,2024-08-25,2024-08-25,20282.9,0,0,0.0
PAY0001165,APP0001165,2025-01-21,2026-02-02,31406.74,377,1,19244.94
PAY0001166,APP0001166,2028-09-10,2029-08-04,24390.57,328,1,17422.41
PAY0001167,APP0001167,2025-05-07,2025-05-07,76016.49,0,0,0.0
PAY0001168,APP0001168,2027-04-06,2027-10-30,5000,207,1,2257.8
PAY0001169,APP0001169,2028-10-10,2028-10-10,26707.07,0,0,0.0
PAY0001170,APP0001170,2028-07-22,2029-06-12,97986.59,325,1,49701.42
PAY0001171,APP0001171,2025-12-31,2025-12-31,20332.37,0,0,0.0
PAY0001172,APP0001172,2023-11-02,2023-11-02,8563.21,0,0,0.0
PAY0001173,APP0001173,2028-03-22,2028-11-02,46002.43,225,1,30836.22
PAY0001174,APP0001174,2027-11-03,2028-07-16,30882.76,256,1,24049.67
PAY0001175,APP0001175,2025-06-13,2025-11-05,46546.44,145,1,24346.19
PAY0001176,APP0001176,2027-03-02,2027-03-02,12260.01,0,0,0.0
PAY0001177,APP0001177,2023-12-15,2023-12-15,46752.29,0,0,0.0
PAY0001178,APP0001178,2027-05-28,2027-05-28,10115.46,0,0,0.0
PAY0001179,APP0001179,2026-02-28,2026-02-28,29389.78,0,0,0.0
PAY0001180,APP0001180,2027-05-09,2027-05-09,17849.09,0,0,0.0
PAY0001181,APP0001181,2025-02-21,2025-02-21,18250.44,0,0,0.0
PAY0001182,APP0001182,2026-05-02,2026-05-02,78304.17,0,0,0.0
PAY0001183,APP0001183,2026-12-10,2026-12-10,67066.23,0,0,0.0
PAY0001184,APP0001184,2025-11-03,2025-11-03,80271.19,0,0,0.0
PAY0001185,APP0001185,2028-10-06,2029-07-10,20565.57,277,1,4570.05
PAY0001186,APP0001186,2026-06-21,2026-06-21,370979.93,0,0,0.0
PAY0001187,APP0001187,2023-11-18,2023-11-18,120386.03,0,0,0.0
PAY0001188,APP0001188,2028-06-27,2028-06-27,24112.46,0,0,0.0
PAY0001189,APP0001189,2024-09-21,2024-09-21,22513.64,0,0,0.0
PAY0001190,APP0001190,2026-08-12,2026-11-26,50863.14,106,1,32690.69
PAY0001191,APP0001191,2023-12-10,2023-12-10,66135.77,0,0,0.0
PAY0001192,APP0001192,2027-08-31,2027-08-31,72532.85,0,0,0.0
PAY0001193,APP0001193,2029-05-01,2029-05-01,18654.65,0,0,0.0
PAY0001194,APP0001194,2023-10-16,2023-10-16,27421.74,0,0,0.0
PAY0001195,APP0001195,2024-02-13,2024-10-19,37079.87,249,1,8596.35
PAY0001196,APP0001196,2025-06-14,2026-06-19,77091.92,370,1,42052.97
PAY0001197,APP0001197,2026-10-11,2026-10-11,75927.68,0,0,0.0
PAY0001198,APP0001198,2026-05-27,2027-04-04,46119.26,312,1,30922.26
PAY0001199,APP0001199,2024-12-18,2025-11-08,18707.83,325,1,11614.56
PAY0001200,APP0001200,2026-01-24,2026-01-24,84189.03,0,0,0.0
PAY0001201,APP0001201,2026-10-07,2026-10-07,45182.45,0,0,0.0
PAY0001202,APP0001202,2025-03-05,2025-03-05,49141.8,0,0,0.0
PAY0001203,APP0001203,2026-09-30,2027-01-30,29838.93,122,1,11793.73
PAY0001204,APP0001204,2027-03-13,2027-07-23,23658.41,132,1,14414.64
PAY0001205,APP0001205,2025-11-22,2025-11-22,134458.29,0,0,0.0
PAY0001206,APP0001206,2025-03-01,2025-03-01,16479.16,0,0,0.0
PAY0001207,APP0001207,2025-06-27,2026-08-01,45287.59,400,1,10524.63
PAY0001208,APP0001208,2025-07-31,2026-08-21,61586.34,386,1,43509.75
PAY0001209,APP0001209,2023-03-14,2024-04-15,23087.23,398,1,18985.84
PAY0001210,APP0001210,2027-02-24,2027-11-17,43863.76,266,1,14028.74
PAY0001211,APP0001211,2026-03-12,2026-03-12,27500.21,0,0,0.0
PAY0001212,APP0001212,2023-01-19,2023-12-28,53363.63,343,1,28969.37
PAY0001213,APP0001213,2027-06-22,2027-06-22,59521.97,0,0,0.0
PAY0001214,APP0001214,2027-06-06,2027-11-11,29903.65,158,1,22756.05
PAY0001215,APP0001215,2023-02-05,2023-02-05,58496.9,0,0,0.0
PAY0001216,APP0001216,2022-07-21,2022-07-21,42049.02,0,0,0.0
PAY0001217,APP0001217,2027-03-28,2027-03-28,26839.22,0,0,0.0
PAY0001218,APP0001218,2024-12-08,2024-12-08,45698.07,0,0,0.0
PAY0001219,APP0001219,2028-01-12,2028-01-12,49028.54,0,0,0.0
PAY0001220,APP0001220,2025-12-24,2027-01-11,55317.37,383,1,23531.66
PAY0001221,APP0001221,2026-02-11,2026-02-11,54166.63,0,0,0.0
PAY0001222,APP0001222,2024-11-10,2024-11-10,10187.47,0,0,0.0
PAY0001223,APP0001223,2023-10-06,2023-10-06,20558.84,0,0,0.0
PAY0001224,APP0001224,2025-05-24,2025-05-24,19843.29,0,0,0.0
PAY0001225,APP0001225,2025-03-24,2025-10-28,15912.45,218,1,12979.57
PAY0001226,APP0001226,2026-06-23,2026-06-23,66817.23,0,0,0.0
PAY0001227,APP0001227,2026-11-14,2026-11-14,31017.04,0,0,0.0
PAY0001228,APP0001228,2023-03-26,2023-08-31,21965.16,158,1,16133.24
PAY0001229,APP0001229,2023-08-07,2023-08-07,16243.71,0,0,0.0
PAY0001230,APP0001230,2026-12-08,2027-03-11,63063.35,93,1,49264.38
PAY0001231,APP0001231,2027-02-27,2027-04-07,32181.12,39,1,24004.93
PAY0001232,APP0001232,2023-03-03,2023-03-03,53546.11,0,0,0.0
PAY0001233,APP0001233,2023-10-29,2024-08-11,73643.7,287,1,53438.76
PAY0001234,APP0001234,2027-09-19,2027-11-01,60861.14,43,1,48286.47
PAY0001235,APP0001235,2025-04-29,2026-03-01,32044.9,306,1,18779.37
PAY0001236,APP0001236,2024-07-24,2024-07-24,51514.23,0,0,0.0
PAY0001237,APP0001237,2024-06-20,2024-06-20,40928.52,0,0,0.0
PAY0001238,APP0001238,2027-09-05,2028-01-04,43825.9,121,1,23692.44
PAY0001239,APP0001239,2024-01-15,2024-01-15,35105.78,0,0,0.0
PAY0001240,APP0001240,2025-06-30,2026-07-30,20171.73,395,1,14275.42
PAY0001241,APP0001241,2027-12-13,2027-12-13,6978.14,0,0,0.0
PAY0001242,APP0001242,2024-01-22,2024-07-04,48890.49,164,1,22093.29
PAY0001243,APP0001243,2028-02-14,2028-11-22,11751.01,282,1,9172.72
PAY0001244,APP0001244,2022-12-19,2023-05-05,30963.2,137,1,26256.58
PAY0001245,APP0001245,2024-05-19,2025-01-24,29618.99,250,1,12301.65
PAY0001246,APP0001246,2025-04-26,2026-02-04,127037.83,284,1,82178.66
PAY0001247,APP0001247,2026-03-06,2026-06-18,61231.9,104,1,22698.9
PAY0001248,APP0001248,2023-04-09,2023-04-09,23754.55,0,0,0.0
PAY0001249,APP0001249,2027-02-27,2027-05-18,80404.13,80,1,36553.57
PAY0001250,APP0001250,2023-07-22,2023-07-22,5015.32,0,0,0.0
PAY0001251,APP0001251,2026-03-29,2027-01-05,17271.73,282,1,11219.15
PAY0001252,APP0001252,2024-07-26,2024-07-26,29790.98,0,0,0.0
PAY0001253,APP0001253,2026-05-08,2026-05-08,61894.58,0,0,0.0
PAY0001254,APP0001254,2024-11-15,2025-01-04,43985.05,50,1,19440.61
PAY0001255,APP0001255,2026-01-04,2026-01-04,15482.59,0,0,0.0
PAY0001256,APP0001256,2027-11-08,2028-07-16,64688.65,251,1,14764.47
PAY0001257,APP0001257,2027-12-31,2028-11-24,23291.84,329,1,13089.27
PAY0001258,APP0001258,2027-06-21,2027-06-21,22962.8,0,0,0.0
PAY0001259,APP0001259,2025-03-06,2025-03-06,20886.3,0,0,0.0
PAY0001260,APP0001260,2025-01-16,2025-03-25,54565.29,68,1,40620.52
PAY0001261,APP0001261,2027-11-15,2027-11-15,11538.8,0,0,0.0
PAY0001262,APP0001262,2028-05-22,2028-05-22,53827.54,0,0,0.0
PAY0001263,APP0001263,2027-05-23,2027-05-23,36724.63,0,0,0.0
PAY0001264,APP0001264,2028-02-01,2028-02-01,17967.13,0,0,0.0
PAY0001265,APP0001265,2022-09-30,2023-04-08,23948.28,190,1,4940.77
PAY0001266,APP0001266,2023-12-17,2023-12-17,51664.14,0,0,0.0
PAY0001267,APP0001267,2025-03-20,2025-11-03,27760.81,228,1,13730.58
PAY0001268,APP0001268,2026-08-14,2027-04-01,56597.89,230,1,21317.49
PAY0001269,APP0001269,2024-09-03,2025-02-16,69768.94,166,1,25666.34
PAY0001270,APP0001270,2028-06-22,2029-07-20,147641.93,393,1,51481.79
PAY0001271,APP0001271,2026-09-08,2027-04-06,30112.02,210,1,10597.41
PAY0001272,APP0001272,2023-11-05,2023-11-05,68027.77,0,0,0.0
PAY0001273,APP0001273,2022-08-23,2022-10-03,48072.56,41,1,11534.11
PAY0001274,APP0001274,2026-08-03,2026-08-03,101789.33,0,0,0.0
PAY0001275,APP0001275,2025-05-06,2025-05-06,25204.1,0,0,0.0
PAY0001276,APP0001276,2024-04-09,2024-04-09,105134.37,0,0,0.0
PAY0001277,APP0001277,2027-02-23,2027-02-23,34100.52,0,0,0.0
PAY0001278,APP0001278,2025-06-14,2025-11-29,58929.75,168,1,22764.51
PAY0001279,APP0001279,2024-06-15,2024-06-15,20792.66,0,0,0.0
PAY0001280,APP0001280,2027-03-15,2027-03-15,42177.89,0,0,0.0
PAY0001281,APP0001281,2025-09-05,2025-09-05,21640.47,0,0,0.0
PAY0001282,APP0001282,2024-08-25,2024-08-25,19183.46,0,0,0.0
PAY0001283,APP0001283,2026-04-12,2026-04-12,13403.12,0,0,0.0
PAY0001284,APP0001284,2025-10-29,2025-10-29,35482.03,0,0,0.0
PAY0001285,APP0001285,2029-10-07,2029-10-07,18205.96,0,0,0.0
PAY0001286,APP0001286,2026-03-20,2026-03-20,24612.98,0,0,0.0
PAY0001287,APP0001287,2024-11-27,2025-02-26,12506.17,91,1,9661.56
PAY0001288,APP0001288,2027-02-19,2027-02-19,70050.35,0,0,0.0
PAY0001289,APP0001289,2027-03-16,2027-10-17,13610.65,215,1,7021.71
PAY0001290,APP0001290,2027-09-26,2027-09-26,130709.97,0,0,0.0
PAY0001291,APP0001291,2029-01-07,2029-07-25,39856.47,199,1,8589.26
PAY0001292,APP0001292,2024-09-04,2025-05-10,104689.47,248,1,25959.82
PAY0001293,APP0001293,2025-05-09,2025-05-09,87470.62,0,0,0.0
PAY0001294,APP0001294,2023-06-24,2023-06-24,61915.12,0,0,0.0
PAY0001295,APP0001295,2029-08-16,2029-10-23,40357.81,68,1,9681.23
PAY0001296,APP0001296,2026-12-09,2026-12-09,7403.24,0,0,0.0
PAY0001297,APP0001297,2024-10-06,2024-10-06,50593.55,0,0,0.0
PAY0001298,APP0001298,2024-10-03,2024-10-03,29817.32,0,0,0.0
PAY0001299,APP0001299,2023-05-14,2023-11-23,20391.86,193,1,16180.73
PAY0001300,APP0001300,2024-10-24,2024-10-24,84432.28,0,0,0.0
PAY0001301,APP0001301,2028-08-25,2028-08-25,18593.95,0,0,0.0
PAY0001302,APP0001302,2025-07-12,2025-07-12,15448.29,0,0,0.0
PAY0001303,APP0001303,2025-03-27,2025-03-27,11818.61,0,0,0.0
PAY0001304,APP0001304,2029-06-14,2029-06-14,173454.48,0,0,0.0
PAY0001305,APP0001305,2024-03-24,2024-03-24,59865.5,0,0,0.0
PAY0001306,APP0001306,2026-08-18,2026-08-18,36298.19,0,0,0.0
PAY0001307,APP0001307,2027-04-23,2027-04-23,49760.77,0,0,0.0
PAY0001308,APP0001308,2023-12-13,2023-12-13,142992.17,0,0,0.0
PAY0001309,APP0001309,2024-11-30,2025-09-17,19125.96,291,1,7516.92
PAY0001310,APP0001310,2026-06-25,2027-03-22,59458.82,270,1,41633.97
PAY0001311,APP0001311,2029-01-01,2029-01-01,17370.36,0,0,0.0
PAY0001312,APP0001312,2027-04-08,2027-04-08,22374.84,0,0,0.0
PAY0001313,APP0001313,2025-09-03,2025-09-03,116847.09,0,0,0.0
PAY0001314,APP0001314,2028-04-26,2028-04-26,32679.93,0,0,0.0
PAY0001315,APP0001315,2024-02-25,2024-02-25,12812.67,0,0,0.0
PAY0001316,APP0001316,2026-07-05,2026-07-05,14241.49,0,0,0.0
PAY0001317,APP0001317,2027-06-21,2028-01-18,61387.43,211,1,42702.5
PAY0001318,APP0001318,2027-01-10,2027-11-18,28168.51,312,1,11033.67
PAY0001319,APP0001319,2025-07-19,2025-07-19,28511.14,0,0,0.0
PAY0001320,APP0001320,2027-10-02,2027-10-02,152708.91,0,0,0.0
PAY0001321,APP0001321,2023-12-29,2023-12-29,20267.86,0,0,0.0
PAY0001322,APP0001322,2026-11-09,2026-11-09,10669.34,0,0,0.0
PAY0001323,APP0001323,2023-06-30,2023-06-30,51440.11,0,0,0.0
PAY0001324,APP0001324,2025-10-29,2025-10-29,97673.74,0,0,0.0
PAY0001325,APP0001325,2028-10-26,2028-10-26,112535.08,0,0,0.0
PAY0001326,APP0001326,2026-11-29,2027-05-21,25447.53,173,1,20139.76
PAY0001327,APP0001327,2024-05-01,2024-10-27,98285.89,179,1,70048.97
PAY0001328,APP0001328,2025-08-04,2026-08-24,13811.13,385,1,4287.96
PAY0001329,APP0001329,2022-07-07,2023-06-18,42970.36,346,1,24602.45
PAY0001330,APP0001330,2026-12-10,2026-12-10,23628.89,0,0,0.0
PAY0001331,APP0001331,2028-11-14,2028-11-14,23892.16,0,0,0.0
PAY0001332,APP0001332,2025-07-17,2026-04-28,63428.13,285,1,53710.18
PAY0001333,APP0001333,2026-11-12,2027-03-04,103139.23,112,1,75404.72
PAY0001334,APP0001334,2024-10-11,2024-10-11,36897.65,0,0,0.0
PAY0001335,APP0001335,2023-03-19,2023-03-19,17254.39,0,0,0.0
PAY0001336,APP0001336,2028-12-02,2028-12-02,71139.8,0,0,0.0
PAY0001337,APP0001337,2027-08-16,2027-08-16,70950.78,0,0,0.0
PAY0001338,APP0001338,2026-09-10,2027-05-25,79592.4,257,1,32534.5
PAY0001339,APP0001339,2025-11-08,2025-11-08,98585.38,0,0,0.0
PAY0001340,APP0001340,2024-01-28,2024-01-28,118914.59,0,0,0.0
PAY0001341,APP0001341,2027-10-12,2027-10-12,88524.75,0,0,0.0
PAY0001342,APP0001342,2027-06-18,2027-06-18,5134.12,0,0,0.0
PAY0001343,APP0001343,2025-05-17,2025-05-17,16795.96,0,0,0.0
PAY0001344,APP0001344,2026-05-06,2027-03-28,30693.45,326,1,23772.29
PAY0001345,APP0001345,2025-02-09,2025-12-13,24620.05,307,1,19037.54
PAY0001346,APP0001346,2028-10-01,2028-10-01,11161.06,0,0,0.0
PAY0001347,APP0001347,2026-01-18,2027-02-17,60175.87,395,1,47604.47
PAY0001348,APP0001348,2028-07-29,2028-07-29,49607.24,0,0,0.0
PAY0001349,APP0001349,2025-03-26,2025-12-13,21648.8,262,1,10000.55
PAY0001350,APP0001350,2028-08-13,2029-02-12,16510.79,183,1,11550.7
PAY0001351,APP0001351,2028-08-17,2029-07-10,22884.37,327,1,14279.13
PAY0001352,APP0001352,2028-05-20,2028-12-23,58542.26,217,1,30973.72
PAY0001353,APP0001353,2025-09-25,2025-09-25,27470.35,0,0,0.0
PAY0001354,APP0001354,2025-03-02,2026-03-01,20785.71,364,1,13208.29
PAY0001355,APP0001355,2028-06-29,2028-06-29,58678.51,0,0,0.0
PAY0001356,APP0001356,2024-04-07,2024-04-07,66435.89,0,0,0.0
PAY0001357,APP0001357,2025-10-16,2025-10-16,8169.72,0,0,0.0
PAY0001358,APP0001358,2023-03-23,2023-03-23,92416.64,0,0,0.0
PAY0001359,APP0001359,2027-08-05,2027-08-05,54958.41,0,0,0.0
PAY0001360,APP0001360,2027-07-10,2027-12-13,9066.39,156,1,3391.69
PAY0001361,APP0001361,2023-11-25,2023-11-25,9194.06,0,0,0.0
PAY0001362,APP0001362,2024-07-22,2025-04-19,24621.37,271,1,8948.88
PAY0001363,APP0001363,2024-07-27,2024-07-27,30862.25,0,0,0.0
PAY0001364,APP0001364,2027-04-13,2027-04-13,12849.75,0,0,0.0
PAY0001365,APP0001365,2027-10-08,2028-02-02,160882.47,117,1,123082.7
PAY0001366,APP0001366,2025-07-12,2025-12-17,65857.68,158,1,41903.78
PAY0001367,APP0001367,2024-12-01,2024-12-01,27948.54,0,0,0.0
PAY0001368,APP0001368,2028-11-30,2028-11-30,35977.21,0,0,0.0
PAY0001369,APP0001369,2026-03-20,2027-04-10,47243.7,386,1,32229.16
PAY0001370,APP0001370,2024-05-10,2024-05-10,29154.78,0,0,0.0
PAY0001371,APP0001371,2026-05-04,2026-05-04,8097.74,0,0,0.0
PAY0001372,APP0001372,2026-02-06,2026-06-23,111213.12,137,1,64460.47
PAY0001373,APP0001373,2025-05-22,2025-05-22,27704.67,0,0,0.0
PAY0001374,APP0001374,2024-01-04,2024-01-04,72956.99,0,0,0.0
PAY0001375,APP0001375,2026-09-20,2026-11-11,43009.26,52,1,32808.75
PAY0001376,APP0001376,2026-02-14,2026-04-13,19916.81,58,1,8068.53
PAY0001377,APP0001377,2026-09-22,2026-09-22,72784.43,0,0,0.0
PAY0001378,APP0001378,2027-03-15,2027-07-09,22026.06,116,1,10438.2
PAY0001379,APP0001379,2026-09-18,2026-12-28,76450.55,101,1,52095.21
PAY0001380,APP0001380,2026-09-22,2026-09-22,16161.45,0,0,0.0
PAY0001381,APP0001381,2025-12-12,2025-12-12,10206.61,0,0,0.0
PAY0001382,APP0001382,2028-11-08,2028-11-08,18443.75,0,0,0.0
PAY0001383,APP0001383,2024-04-11,2024-04-11,34395.25,0,0,0.0
PAY0001384,APP0001384,2025-10-25,2025-10-25,39117.33,0,0,0.0
PAY0001385,APP0001385,2026-03-22,2026-12-30,47874.71,283,1,11894.27
PAY0001386,APP0001386,2027-11-07,2028-06-18,21004.24,224,1,8373.33
PAY0001387,APP0001387,2027-05-16,2027-09-13,42942.68,120,1,29829.28
PAY0001388,APP0001388,2024-06-16,2024-07-26,7367.34,40,1,1879.27
PAY0001389,APP0001389,2026-11-12,2027-08-11,8232.27,272,1,1652.74
PAY0001390,APP0001390,2026-11-09,2027-08-06,122775.12,270,1,76336.87
PAY0001391,APP0001391,2027-08-08,2027-08-08,18894.42,0,0,0.0
PAY0001392,APP0001392,2026-02-16,2026-04-14,95046.49,57,1,60790.37
PAY0001393,APP0001393,2023-10-07,2023-10-07,85737.04,0,0,0.0
PAY0001394,APP0001394,2026-09-19,2027-09-30,20954.04,376,1,6535.49
PAY0001395,APP0001395,2027-08-06,2027-08-06,22133.24,0,0,0.0
PAY0001396,APP0001396,2027-01-25,2027-01-25,14412.08,0,0,0.0
PAY0001397,APP0001397,2028-08-19,2028-08-19,62708.09,0,0,0.0
PAY0001398,APP0001398,2026-03-31,2026-03-31,45064.6,0,0,0.0
PAY0001399,APP0001399,2027-06-06,2027-06-06,16452.61,0,0,0.0
PAY0001400,APP0001400,2026-02-05,2026-02-05,43463.01,0,0,0.0
PAY0001401,APP0001401,2026-10-03,2026-10-03,245383.91,0,0,0.0
PAY0001402,APP0001402,2025-12-11,2026-04-29,68478.64,139,1,56248.47
PAY0001403,APP0001403,2027-12-13,2027-12-13,25024.69,0,0,0.0
PAY0001404,APP0001404,2024-02-14,2024-02-14,44845.03,0,0,0.0
PAY0001405,APP0001405,2023-04-23,2023-04-23,117075.67,0,0,0.0
PAY0001406,APP0001406,2026-05-01,2026-06-27,22998.15,57,1,16838.72
PAY0001407,APP0001407,2029-01-05,2029-01-05,77986.23,0,0,0.0
PAY0001408,APP0001408,2027-02-28,2027-02-28,70897.63,0,0,0.0
PAY0001409,APP0001409,2025-01-02,2025-01-02,25872.95,0,0,0.0
PAY0001410,APP0001410,2029-05-25,2029-05-25,39083.27,0,0,0.0
PAY0001411,APP0001411,2027-04-23,2028-01-12,10529.24,264,1,8665.22
PAY0001412,APP0001412,2026-09-03,2027-08-18,30399.74,349,1,22523.68
PAY0001413,APP0001413,2024-12-26,2024-12-26,16810.04,0,0,0.0
PAY0001414,APP0001414,2026-10-14,2026-12-19,89644.76,66,1,31657.16
PAY0001415,APP0001415,2023-02-21,2023-02-21,12661.72,0,0,0.0
PAY0001416,APP0001416,2026-09-15,2027-07-13,42160.33,301,1,16279.06
PAY0001417,APP0001417,2025-02-17,2025-10-15,34929.35,240,1,19572.66
PAY0001418,APP0001418,2025-03-29,2025-03-29,20423.14,0,0,0.0
PAY0001419,APP0001419,2028-08-23,2028-10-10,27231.45,48,1,7770.71
PAY0001420,APP0001420,2025-07-04,2025-07-04,47372.64,0,0,0.0
PAY0001421,APP0001421,2028-07-03,2028-07-03,164707.95,0,0,0.0
PAY0001422,APP0001422,2025-07-19,2025-12-04,79896.0,138,1,44209.98
PAY0001423,APP0001423,2025-01-14,2025-01-14,33655.13,0,0,0.0
PAY0001424,APP0001424,2027-04-17,2027-10-31,17472.67,197,1,11542.85
PAY0001425,APP0001425,2025-05-28,2026-06-02,37509.04,370,1,20260.6
PAY0001426,APP0001426,2026-07-05,2026-11-02,24542.29,120,1,13472.66
PAY0001427,APP0001427,2023-05-16,2024-05-26,123114.59,376,1,38031.96
PAY0001428,APP0001428,2023-07-01,2024-02-12,186655.18,226,1,100778.92
PAY0001429,APP0001429,2025-08-13,2025-08-13,14489.73,0,0,0.0
PAY0001430,APP0001430,2025-01-06,2025-09-23,33391.05,260,1,18855.08
PAY0001431,APP0001431,2027-08-25,2027-08-25,14150.29,0,0,0.0
PAY0001432,APP0001432,2024-05-07,2024-05-07,24909.15,0,0,0.0
PAY0001433,APP0001433,2025-04-18,2025-04-18,85002.43,0,0,0.0
PAY0001434,APP0001434,2024-03-18,2024-03-18,29632.61,0,0,0.0
PAY0001435,APP0001435,2023-08-10,2024-02-29,26687.24,203,1,10374.13
PAY0001436,APP0001436,2025-11-28,2025-11-28,71428.42,0,0,0.0
PAY0001437,APP0001437,2027-02-13,2027-02-13,111889.76,0,0,0.0
PAY0001438,APP0001438,2027-03-14,2027-03-14,92907.64,0,0,0.0
PAY0001439,APP0001439,2026-11-22,2026-11-22,14408.87,0,0,0.0
PAY0001440,APP0001440,2028-12-12,2029-04-04,39771.78,113,1,14136.83
PAY0001441,APP0001441,2028-05-28,2028-07-14,22566.83,47,1,11674.35
PAY0001442,APP0001442,2026-01-22,2026-12-13,40612.18,325,1,21628.99
PAY0001443,APP0001443,2023-11-06,2024-06-06,67045.77,213,1,31899.97
PAY0001444,APP0001444,2024-04-16,2024-04-16,119108.2,0,0,0.0
PAY0001445,APP0001445,2024-02-23,2024-12-01,25252.16,282,1,7770.23
PAY0001446,APP0001446,2028-04-09,2028-04-09,91299.31,0,0,0.0
PAY0001447,APP0001447,2027-09-25,2027-09-25,26028.56,0,0,0.0
PAY0001448,APP0001448,2026-08-16,2027-06-06,13872.41,294,1,6061.65
PAY0001449,APP0001449,2027-09-11,2027-09-11,26451.27,0,0,0.0
PAY0001450,APP0001450,2025-10-05,2025-10-05,29906.25,0,0,0.0
PAY0001451,APP0001451,2024-09-14,2025-06-23,45613.76,282,1,17880.94
PAY0001452,APP0001452,2024-08-23,2025-08-07,27908.91,349,1,21576.66
PAY0001453,APP0001453,2023-08-18,2023-08-18,39816.08,0,0,0.0
PAY0001454,APP0001454,2023-12-14,2023-12-14,50901.39,0,0,0.0
PAY0001455,APP0001455,2028-02-07,2028-02-07,70627.73,0,0,0.0
PAY0001456,APP0001456,2025-09-21,2026-04-21,23967.47,212,1,12243.23
PAY0001457,APP0001457,2026-09-30,2026-09-30,50001.63,0,0,0.0
PAY0001458,APP0001458,2023-10-02,2023-12-30,120177.33,89,1,39966.79
PAY0001459,APP0001459,2024-09-06,2024-09-06,123556.86,0,0,0.0
PAY0001460,APP0001460,2025-03-04,2025-03-04,56396.08,0,0,0.0
PAY0001461,APP0001461,2023-06-23,2024-06-05,20597.12,348,1,5274.99
PAY0001462,APP0001462,2025-04-24,2025-04-24,17391.41,0,0,0.0
PAY0001463,APP0001463,2028-06-03,2029-06-15,39675.89,377,1,18564.73
PAY0001464,APP0001464,2025-11-04,2025-11-04,10208.9,0,0,0.0
PAY0001465,APP0001465,2024-10-14,2024-10-14,25942.82,0,0,0.0
PAY0001466,APP0001466,2028-04-25,2028-04-25,50946.81,0,0,0.0
PAY0001467,APP0001467,2023-12-16,2025-01-19,37636.62,400,1,12565.5
PAY0001468,APP0001468,2023-05-21,2023-05-21,21731.49,0,0,0.0
PAY0001469,APP0001469,2028-04-15,2028-08-01,30975.68,108,1,10747.35
PAY0001470,APP0001470,2027-02-14,2027-02-14,18697.5,0,0,0.0
PAY0001471,APP0001471,2027-08-18,2027-08-18,120311.93,0,0,0.0
PAY0001472,APP0001472,2022-10-31,2023-06-22,16405.48,234,1,10600.77
PAY0001473,APP0001473,2024-05-12,2025-05-26,64506.26,379,1,26246.25
PAY0001474,APP0001474,2026-11-16,2027-03-20,10014.31,124,1,3410.19
PAY0001475,APP0001475,2028-09-15,2028-09-15,22501.03,0,0,0.0
PAY0001476,APP0001476,2027-06-20,2027-06-20,67598.59,0,0,0.0
PAY0001477,APP0001477,2025-10-03,2026-03-23,49270.74,171,1,21257.66
PAY0001478,APP0001478,2027-05-17,2027-05-17,8955.14,0,0,0.0
PAY0001479,APP0001479,2027-11-14,2027-11-14,17668.06,0,0,0.0
PAY0001480,APP0001480,2026-02-21,2026-02-21,64853.56,0,0,0.0
PAY0001481,APP0001481,2025-05-27,2025-05-27,30513.49,0,0,0.0
PAY0001482,APP0001482,2023-01-17,2023-08-12,27205.05,207,1,21183.75
PAY0001483,APP0001483,2025-09-19,2025-12-15,31825.36,87,1,21865.39
PAY0001484,APP0001484,2025-06-25,2026-07-20,25130.5,390,1,11220.99
PAY0001485,APP0001485,2022-11-25,2022-11-25,30013.96,0,0,0.0
PAY0001486,APP0001486,2022-12-29,2022-12-29,37309.2,0,0,0.0
PAY0001487,APP0001487,2025-12-09,2025-12-09,71828.49,0,0,0.0
PAY0001488,APP0001488,2027-04-04,2027-04-04,16839.82,0,0,0.0
PAY0001489,APP0001489,2025-07-19,2025-10-05,25864.54,78,1,15276.45
PAY0001490,APP0001490,2026-04-17,2026-04-17,45634.96,0,0,0.0
PAY0001491,APP0001491,2025-06-20,2025-06-20,83206.18,0,0,0.0
PAY0001492,APP0001492,2025-06-29,2025-06-29,15534.32,0,0,0.0
PAY0001493,APP0001493,2025-01-28,2025-01-28,8007.88,0,0,0.0
PAY0001494,APP0001494,2024-02-27,2024-02-27,38727.68,0,0,0.0
PAY0001495,APP0001495,2026-07-02,2026-07-02,116759.93,0,0,0.0
PAY0001496,APP0001496,2024-02-29,2024-02-29,11543.01,0,0,0.0
PAY0001497,APP0001497,2025-03-10,2025-03-10,103994.53,0,0,0.0
PAY0001498,APP0001498,2024-04-03,2024-05-10,70183.99,37,1,19157.41
PAY0001499,APP0001499,2028-02-19,2029-03-12,50075.08,387,1,34467.68
PAY0001500,APP0001500,2025-10-10,2026-06-14,19320.73,247,1,7361.65
PAY0001501,APP0001501,2026-07-10,2027-03-27,31532.2,260,1,14608.02
PAY0001502,APP0001502,2023-11-25,2023-11-25,55762.07,0,0,0.0
PAY0001503,APP0001503,2026-08-13,2027-02-20,13437.31,191,1,8920.51
PAY0001504,APP0001504,2027-04-29,2027-04-29,92899.45,0,0,0.0
PAY0001505,APP0001505,2026-03-09,2026-10-19,6545.45,224,1,2474.49
PAY0001506,APP0001506,2025-01-19,2025-01-19,117240.63,0,0,0.0
PAY0001507,APP0001507,2028-08-28,2028-11-04,598080.35,68,1,482073.08
PAY0001508,APP0001508,2022-07-04,2022-12-13,34888.61,162,1,12750.95
PAY0001509,APP0001509,2024-07-20,2024-07-20,8352.57,0,0,0.0
PAY0001510,APP0001510,2025-03-01,2025-03-01,35789.71,0,0,0.0
PAY0001511,APP0001511,2025-07-22,2025-07-22,39913.76,0,0,0.0
PAY0001512,APP0001512,2025-06-11,2026-02-04,128281.96,238,1,65936.42
PAY0001513,APP0001513,2027-04-04,2028-05-07,13082.02,399,1,9789.69
PAY0001514,APP0001514,2028-08-14,2029-09-16,33041.51,398,1,6633.3
PAY0001515,APP0001515,2025-01-13,2025-10-20,28983.03,280,1,15596.4
PAY0001516,APP0001516,2026-12-06,2026-12-06,75150.4,0,0,0.0
PAY0001517,APP0001517,2022-09-12,2022-09-12,35914.41,0,0,0.0
PAY0001518,APP0001518,2026-10-20,2027-11-05,25053.84,381,1,7876.97
PAY0001519,APP0001519,2025-06-05,2026-02-17,11479.97,257,1,3290.17
PAY0001520,APP0001520,2025-02-18,2026-01-15,23262.37,331,1,8756.89
PAY0001521,APP0001521,2025-08-29,2025-10-28,11803.64,60,1,4023.38
PAY0001522,APP0001522,2028-03-20,2028-08-12,97858.68,145,1,34934.51
PAY0001523,APP0001523,2025-01-30,2025-05-16,250924.54,106,1,155759.52
PAY0001524,APP0001524,2025-02-06,2025-04-09,27889.49,62,1,18632.39
PAY0001525,APP0001525,2025-12-24,2026-05-22,5886.96,149,1,2008.13
PAY0001526,APP0001526,2024-12-04,2024-12-04,12230.84,0,0,0.0
PAY0001527,APP0001527,2023-10-09,2024-03-07,85510.79,150,1,62118.76
PAY0001528,APP0001528,2026-07-08,2026-12-14,30713.66,159,1,24821.05
PAY0001529,APP0001529,2023-09-02,2023-09-02,17466.65,0,0,0.0
PAY0001530,APP0001530,2028-07-02,2028-10-06,169837.9,96,1,73714.88
PAY0001531,APP0001531,2027-01-16,2028-02-02,43262.93,382,1,27705.39
PAY0001532,APP0001532,2026-08-25,2026-08-25,153148.45,0,0,0.0
PAY0001533,APP0001533,2025-02-19,2025-11-27,19749.94,281,1,12495.73
PAY0001534,APP0001534,2026-01-04,2026-12-23,76566.09,353,1,56317.42
PAY0001535,APP0001535,2028-08-03,2029-07-25,29496.68,356,1,21291.08
PAY0001536,APP0001536,2025-03-03,2025-03-03,17942.79,0,0,0.0
PAY0001537,APP0001537,2023-12-06,2023-12-06,11706.51,0,0,0.0
PAY0001538,APP0001538,2026-12-20,2026-12-20,29589.73,0,0,0.0
PAY0001539,APP0001539,2025-09-27,2025-09-27,47020.68,0,0,0.0
PAY0001540,APP0001540,2025-10-03,2026-02-05,41245.57,125,1,16571.34
PAY0001541,APP0001541,2027-04-19,2027-10-18,34543.32,182,1,11531.73
PAY0001542,APP0001542,2024-10-03,2025-04-16,43408.93,195,1,30912.32
PAY0001543,APP0001543,2025-01-30,2025-01-30,29518.31,0,0,0.0
PAY0001544,APP0001544,2024-02-24,2024-02-24,6894.87,0,0,0.0
PAY0001545,APP0001545,2025-12-09,2025-12-09,93255.12,0,0,0.0
PAY0001546,APP0001546,2027-10-16,2027-10-16,31221.61,0,0,0.0
PAY0001547,APP0001547,2026-09-25,2026-09-25,9886.72,0,0,0.0
PAY0001548,APP0001548,2027-09-03,2027-09-03,64552.14,0,0,0.0
PAY0001549,APP0001549,2026-05-12,2026-05-12,26708.66,0,0,0.0
PAY0001550,APP0001550,2027-05-02,2028-04-23,22945.62,357,1,18751.89
PAY0001551,APP0001551,2024-07-29,2025-01-06,13026.64,161,1,10345.87
PAY0001552,APP0001552,2029-05-27,2029-05-27,18902.93,0,0,0.0
PAY0001553,APP0001553,2025-04-21,2025-04-21,24102.17,0,0,0.0
PAY0001554,APP0001554,2029-02-08,2029-07-29,33643.63,171,1,12097.66
PAY0001555,APP0001555,2026-12-12,2027-05-14,37392.13,153,1,8574.06
PAY0001556,APP0001556,2028-10-18,2028-10-18,46049.26,0,0,0.0
PAY0001557,APP0001557,2024-06-22,2024-06-22,84248.34,0,0,0.0
PAY0001558,APP0001558,2025-01-07,2025-01-07,147246.01,0,0,0.0
PAY0001559,APP0001559,2026-02-18,2026-02-18,25898.32,0,0,0.0
PAY0001560,APP0001560,2026-08-24,2027-04-30,28571.25,249,1,7219.71
PAY0001561,APP0001561,2023-12-25,2023-12-25,16373.94,0,0,0.0
PAY0001562,APP0001562,2025-08-01,2025-11-02,142457.21,93,1,57553.62
PAY0001563,APP0001563,2026-05-13,2026-06-13,22297.93,31,1,5915.0
PAY0001564,APP0001564,2023-09-30,2023-09-30,37471.46,0,0,0.0
PAY0001565,APP0001565,2026-12-03,2026-12-03,37370.65,0,0,0.0
PAY0001566,APP0001566,2023-01-09,2023-01-09,30278.27,0,0,0.0
PAY0001567,APP0001567,2024-09-28,2025-08-20,67776.41,326,1,31696.3
PAY0001568,APP0001568,2026-06-06,2027-05-15,13184.6,343,1,10760.59
PAY0001569,APP0001569,2027-06-12,2027-06-12,150919.28,0,0,0.0
PAY0001570,APP0001570,2023-06-16,2023-10-08,11361.54,114,1,9374.61
PAY0001571,APP0001571,2026-08-20,2027-04-06,35903.44,229,1,16502.2
PAY0001572,APP0001572,2026-11-10,2026-11-10,17205.33,0,0,0.0
PAY0001573,APP0001573,2022-11-27,2022-11-27,30021.56,0,0,0.0
PAY0001574,APP0001574,2027-12-31,2028-07-15,134910.35,197,1,58303.56
PAY0001575,APP0001575,2029-11-11,2030-04-04,156173.08,144,1,42910.8
PAY0001576,APP0001576,2029-07-14,2029-08-24,63478.09,41,1,49065.87
PAY0001577,APP0001577,2027-12-02,2028-06-26,30517.07,207,1,9342.2
PAY0001578,APP0001578,2025-04-28,2025-04-28,18549.04,0,0,0.0
PAY0001579,APP0001579,2023-12-04,2023-12-04,211077.57,0,0,0.0
PAY0001580,APP0001580,2025-07-13,2025-07-13,6582.71,0,0,0.0
PAY0001581,APP0001581,2025-07-18,2025-07-18,41770.78,0,0,0.0
PAY0001582,APP0001582,2026-04-17,2026-04-17,156632.88,0,0,0.0
PAY0001583,APP0001583,2026-03-11,2026-09-06,54814.64,179,1,33063.85
PAY0001584,APP0001584,2026-01-10,2026-01-10,31654.91,0,0,0.0
PAY0001585,APP0001585,2025-01-15,2025-09-03,29403.2,231,1,23810.73
PAY0001586,APP0001586,2026-04-04,2026-04-04,28100.66,0,0,0.0
PAY0001587,APP0001587,2024-09-22,2024-09-22,24467.34,0,0,0.0
PAY0001588,APP0001588,2024-09-27,2024-09-27,80984.02,0,0,0.0
PAY0001589,APP0001589,2028-07-02,2028-10-21,51625.48,111,1,38485.33
PAY0001590,APP0001590,2026-09-04,2026-09-04,34935.01,0,0,0.0
PAY0001591,APP0001591,2023-09-23,2023-09-23,8748.28,0,0,0.0
PAY0001592,APP0001592,2024-05-29,2024-05-29,75951.73,0,0,0.0
PAY0001593,APP0001593,2026-05-09,2026-06-13,30935.73,35,1,18773.64
PAY0001594,APP0001594,2024-05-06,2024-05-06,23098.87,0,0,0.0
PAY0001595,APP0001595,2026-06-03,2026-09-17,25801.5,106,1,20612.35
PAY0001596,APP0001596,2023-12-10,2023-12-10,72413.07,0,0,0.0
PAY0001597,APP0001597,2026-07-14,2026-07-14,46629.49,0,0,0.0
PAY0001598,APP0001598,2027-10-16,2027-10-16,87588.28,0,0,0.0
PAY0001599,APP0001599,2027-03-24,2027-03-24,29338.97,0,0,0.0
PAY0001600,APP0001600,2027-02-21,2027-02-21,54321.06,0,0,0.0
PAY0001601,APP0001601,2027-10-13,2027-10-13,22847.13,0,0,0.0
PAY0001602,APP0001602,2027-04-19,2028-04-04,9681.64,351,1,2874.58
PAY0001603,APP0001603,2025-02-19,2025-02-19,53648.35,0,0,0.0
PAY0001604,APP0001604,2026-02-02,2026-05-25,21633.1,112,1,4426.67
PAY0001605,APP0001605,2025-06-10,2025-06-10,31175.76,0,0,0.0
PAY0001606,APP0001606,2025-10-09,2026-04-18,188696.46,191,1,63202.87
PAY0001607,APP0001607,2027-10-22,2028-06-11,66041.67,233,1,18719.94
PAY0001608,APP0001608,2027-02-28,2027-07-21,54680.71,143,1,11070.94
PAY0001609,APP0001609,2023-07-26,2023-07-26,57307.84,0,0,0.0
PAY0001610,APP0001610,2024-12-17,2024-12-17,54968.01,0,0,0.0
PAY0001611,APP0001611,2024-01-09,2024-01-09,139762.56,0,0,0.0
PAY0001612,APP0001612,2024-11-23,2025-11-13,104992.29,355,1,41645.61
PAY0001613,APP0001613,2026-08-25,2026-08-25,47658.7,0,0,0.0
PAY0001614,APP0001614,2028-02-01,2028-05-01,39550.94,90,1,17328.51
PAY0001615,APP0001615,2026-04-19,2027-01-26,10826.61,282,1,8520.16
PAY0001616,APP0001616,2024-03-02,2024-11-12,22771.27,255,1,4758.22
PAY0001617,APP0001617,2025-02-17,2025-02-17,108301.01,0,0,0.0
PAY0001618,APP0001618,2024-11-29,2024-11-29,28946.58,0,0,0.0
PAY0001619,APP0001619,2027-01-03,2027-10-18,39362.36,288,1,18499.12
PAY0001620,APP0001620,2026-06-29,2027-06-01,12907.22,337,1,4309.64
PAY0001621,APP0001621,2026-08-21,2027-04-14,58454.67,236,1,26922.84
PAY0001622,APP0001622,2023-03-03,2023-03-03,116278.55,0,0,0.0
PAY0001623,APP0001623,2026-02-10,2026-02-10,76019.6,0,0,0.0
PAY0001624,APP0001624,2026-12-05,2026-12-05,29747.27,0,0,0.0
PAY0001625,APP0001625,2028-02-04,2028-02-04,61763.92,0,0,0.0
PAY0001626,APP0001626,2027-08-14,2027-08-14,47773.12,0,0,0.0
PAY0001627,APP0001627,2024-01-24,2024-01-24,9372.88,0,0,0.0
PAY0001628,APP0001628,2027-11-15,2027-11-15,35580.23,0,0,0.0
PAY0001629,APP0001629,2025-06-16,2025-06-16,14821.29,0,0,0.0
PAY0001630,APP0001630,2023-12-28,2024-08-22,30256.41,238,1,8312.58
PAY0001631,APP0001631,2028-05-02,2028-09-11,8348.44,132,1,3909.19
PAY0001632,APP0001632,2026-04-12,2026-07-01,71131.1,80,1,51224.93
PAY0001633,APP0001633,2027-02-11,2027-02-11,19235.82,0,0,0.0
PAY0001634,APP0001634,2026-11-17,2026-11-17,129713.42,0,0,0.0
PAY0001635,APP0001635,2026-03-25,2026-08-02,18520.19,130,1,9218.33
PAY0001636,APP0001636,2024-12-01,2024-12-01,15991.66,0,0,0.0
PAY0001637,APP0001637,2024-05-14,2024-05-14,49577.81,0,0,0.0
PAY0001638,APP0001638,2026-10-20,2026-10-20,95715.23,0,0,0.0
PAY0001639,APP0001639,2026-10-11,2027-07-29,36200.94,291,1,15248.4
PAY0001640,APP0001640,2027-10-23,2027-10-23,42332.1,0,0,0.0
PAY0001641,APP0001641,2027-04-04,2027-08-21,43484.08,139,1,35516.94
PAY0001642,APP0001642,2024-07-27,2025-05-04,114446.68,281,1,52319.15
PAY0001643,APP0001643,2027-03-03,2027-03-03,21492.85,0,0,0.0
PAY0001644,APP0001644,2026-11-17,2026-11-17,27042.62,0,0,0.0
PAY0001645,APP0001645,2027-02-28,2028-02-25,14834.24,362,1,3314.73
PAY0001646,APP0001646,2026-07-26,2026-07-26,26015.15,0,0,0.0
PAY0001647,APP0001647,2023-10-07,2023-10-07,47207.45,0,0,0.0
PAY0001648,APP0001648,2027-10-24,2027-10-24,140317.35,0,0,0.0
PAY0001649,APP0001649,2027-03-21,2028-04-11,41587.43,387,1,33154.42
PAY0001650,APP0001650,2026-02-21,2026-02-21,22395.5,0,0,0.0
PAY0001651,APP0001651,2029-07-03,2030-02-21,27937.9,233,1,14073.2
PAY0001652,APP0001652,2027-08-09,2028-05-14,26245.86,279,1,8602.55
PAY0001653,APP0001653,2023-12-23,2023-12-23,9745.28,0,0,0.0
PAY0001654,APP0001654,2024-04-09,2024-04-09,49626.62,0,0,0.0
PAY0001655,APP0001655,2023-08-19,2023-08-19,33163.5,0,0,0.0
PAY0001656,APP0001656,2025-11-15,2026-09-12,17034.29,301,1,9939.97
PAY0001657,APP0001657,2023-02-11,2023-02-11,98731.2,0,0,0.0
PAY0001658,APP0001658,2028-10-18,2028-10-18,38461.61,0,0,0.0
PAY0001659,APP0001659,2024-11-13,2024-11-13,43471.72,0,0,0.0
PAY0001660,APP0001660,2027-09-19,2027-09-19,33436.66,0,0,0.0
PAY0001661,APP0001661,2025-05-13,2025-05-13,34979.4,0,0,0.0
PAY0001662,APP0001662,2026-09-22,2027-07-03,72944.01,284,1,16286.81
PAY0001663,APP0001663,2026-01-11,2026-01-11,42589.24,0,0,0.0
PAY0001664,APP0001664,2027-07-03,2027-07-03,74779.69,0,0,0.0
PAY0001665,APP0001665,2027-11-08,2027-11-08,24618.78,0,0,0.0
PAY0001666,APP0001666,2029-10-26,2029-10-26,21879.79,0,0,0.0
PAY0001667,APP0001667,2029-02-07,2029-02-07,106455.47,0,0,0.0
PAY0001668,APP0001668,2026-06-16,2026-06-16,119112.43,0,0,0.0
PAY0001669,APP0001669,2023-07-16,2023-10-18,47857.06,94,1,32690.73
PAY0001670,APP0001670,2023-05-21,2023-12-21,30733.24,214,1,23120.49
PAY0001671,APP0001671,2026-12-08,2026-12-08,19427.46,0,0,0.0
PAY0001672,APP0001672,2027-07-01,2027-07-01,16031.42,0,0,0.0
PAY0001673,APP0001673,2023-09-13,2024-03-14,5000,183,1,2724.73
PAY0001674,APP0001674,2027-06-15,2027-06-15,15722.79,0,0,0.0
PAY0001675,APP0001675,2024-12-30,2025-10-31,71508.88,305,1,21590.61
PAY0001676,APP0001676,2025-10-09,2026-09-05,66673.98,331,1,28721.37
PAY0001677,APP0001677,2026-04-23,2026-04-23,6871.35,0,0,0.0
PAY0001678,APP0001678,2026-11-09,2026-11-09,42894.0,0,0,0.0
PAY0001679,APP0001679,2028-09-16,2028-09-16,12770.28,0,0,0.0
PAY0001680,APP0001680,2025-05-14,2025-05-14,43478.11,0,0,0.0
PAY0001681,APP0001681,2024-08-08,2024-08-08,30349.62,0,0,0.0
PAY0001682,APP0001682,2026-10-26,2026-10-26,89668.26,0,0,0.0
PAY0001683,APP0001683,2027-04-28,2027-04-28,22708.72,0,0,0.0
PAY0001684,APP0001684,2028-04-28,2028-12-04,23799.5,220,1,9151.31
PAY0001685,APP0001685,2027-12-11,2028-09-14,18576.72,278,1,10913.6
PAY0001686,APP0001686,2026-12-06,2027-10-13,10401.56,311,1,7706.34
PAY0001687,APP0001687,2026-09-02,2026-12-09,56490.21,98,1,18549.16
PAY0001688,APP0001688,2026-11-30,2027-03-27,18129.95,117,1,12776.9
PAY0001689,APP0001689,2024-11-28,2025-09-06,29899.77,282,1,8847.09
PAY0001690,APP0001690,2025-03-14,2025-03-14,30467.0,0,0,0.0
PAY0001691,APP0001691,2023-01-27,2023-01-27,33901.81,0,0,0.0
PAY0001692,APP0001692,2027-11-29,2028-03-01,23208.4,93,1,11037.35
PAY0001693,APP0001693,2027-02-07,2027-12-21,5022.61,317,1,3682.79
PAY0001694,APP0001694,2029-03-18,2029-12-16,52490.47,273,1,13527.65
PAY0001695,APP0001695,2024-11-01,2024-11-01,63697.66,0,0,0.0
PAY0001696,APP0001696,2023-09-29,2023-09-29,28486.79,0,0,0.0
PAY0001697,APP0001697,2025-02-27,2025-02-27,75193.88,0,0,0.0
PAY0001698,APP0001698,2025-06-14,2025-10-11,13103.58,119,1,2993.01
PAY0001699,APP0001699,2025-04-06,2025-04-06,90196.93,0,0,0.0
PAY0001700,APP0001700,2028-04-02,2029-02-13,284188.17,317,1,155164.54
PAY0001701,APP0001701,2026-12-07,2027-03-17,33640.88,100,1,22890.81
PAY0001702,APP0001702,2025-07-17,2025-07-17,17105.63,0,0,0.0
PAY0001703,APP0001703,2026-09-01,2026-09-01,11856.38,0,0,0.0
PAY0001704,APP0001704,2028-04-08,2029-01-29,49183.93,296,1,12807.54
PAY0001705,APP0001705,2027-05-14,2027-05-14,41048.64,0,0,0.0
PAY0001706,APP0001706,2026-09-03,2026-09-03,80717.66,0,0,0.0
PAY0001707,APP0001707,2024-06-27,2024-08-02,68599.03,36,1,55702.85
PAY0001708,APP0001708,2026-01-03,2026-01-03,16206.86,0,0,0.0
PAY0001709,APP0001709,2024-09-06,2024-09-06,69143.57,0,0,0.0
PAY0001710,APP0001710,2024-05-07,2024-09-30,69342.98,146,1,34949.68
PAY0001711,APP0001711,2024-10-08,2024-10-08,34767.49,0,0,0.0
PAY0001712,APP0001712,2027-11-05,2027-11-05,8271.53,0,0,0.0
PAY0001713,APP0001713,2025-04-26,2026-01-17,52483.1,266,1,27636.04
PAY0001714,APP0001714,2026-08-18,2027-08-10,46949.01,357,1,32235.05
PAY0001715,APP0001715,2028-08-11,2028-08-11,27235.55,0,0,0.0
PAY0001716,APP0001716,2024-03-05,2024-03-05,29628.84,0,0,0.0
PAY0001717,APP0001717,2024-03-17,2024-03-17,139610.63,0,0,0.0
PAY0001718,APP0001718,2025-03-29,2025-10-20,24965.59,205,1,11627.75
PAY0001719,APP0001719,2028-06-22,2028-10-26,17944.09,126,1,13304.13
PAY0001720,APP0001720,2027-05-01,2027-09-13,15607.7,135,1,8680.67
PAY0001721,APP0001721,2024-12-19,2024-12-19,6771.43,0,0,0.0
PAY0001722,APP0001722,2022-09-16,2022-09-16,29308.67,0,0,0.0
PAY0001723,APP0001723,2028-03-18,2029-04-13,78226.43,391,1,24807.46
PAY0001724,APP0001724,2024-01-06,2024-01-06,36551.18,0,0,0.0
PAY0001725,APP0001725,2023-03-09,2023-03-09,18583.7,0,0,0.0
PAY0001726,APP0001726,2024-02-02,2024-02-02,26160.06,0,0,0.0
PAY0001727,APP0001727,2025-07-22,2026-03-20,14861.16,241,1,6366.57
PAY0001728,APP0001728,2024-12-15,2025-05-23,19178.14,159,1,9491.22
PAY0001729,APP0001729,2024-11-18,2024-11-18,14988.1,0,0,0.0
PAY0001730,APP0001730,2027-09-02,2027-09-02,11922.4,0,0,0.0
PAY0001731,APP0001731,2025-07-30,2025-07-30,35239.65,0,0,0.0
PAY0001732,APP0001732,2027-11-20,2027-11-20,44599.96,0,0,0.0
PAY0001733,APP0001733,2027-06-21,2027-12-08,94235.8,170,1,51294.56
PAY0001734,APP0001734,2026-08-11,2026-08-11,42914.05,0,0,0.0
PAY0001735,APP0001735,2024-12-21,2025-08-11,41694.11,233,1,26859.87
PAY0001736,APP0001736,2027-09-07,2028-03-11,38499.05,186,1,9422.09
PAY0001737,APP0001737,2027-10-28,2028-10-03,45420.32,341,1,15619.25
PAY0001738,APP0001738,2024-07-31,2024-07-31,28714.79,0,0,0.0
PAY0001739,APP0001739,2025-04-01,2025-07-02,32581.41,92,1,15106.48
PAY0001740,APP0001740,2024-04-17,2024-04-17,32130.21,0,0,0.0
PAY0001741,APP0001741,2027-06-06,2027-06-06,17544.32,0,0,0.0
PAY0001742,APP0001742,2027-05-01,2027-05-01,202791.46,0,0,0.0
PAY0001743,APP0001743,2025-01-14,2025-01-14,26905.17,0,0,0.0
PAY0001744,APP0001744,2022-08-31,2022-08-31,53555.59,0,0,0.0
PAY0001745,APP0001745,2027-05-01,2027-05-01,17631.56,0,0,0.0
PAY0001746,APP0001746,2026-07-27,2027-02-22,44476.61,210,1,29253.81
PAY0001747,APP0001747,2027-12-22,2028-07-28,429640.19,219,1,216368.94
PAY0001748,APP0001748,2027-09-11,2027-10-18,34251.45,37,1,17291.26
PAY0001749,APP0001749,2026-08-15,2026-08-15,27197.1,0,0,0.0
PAY0001750,APP0001750,2026-10-03,2026-10-03,48663.83,0,0,0.0
PAY0001751,APP0001751,2022-08-23,2022-08-23,73180.92,0,0,0.0
PAY0001752,APP0001752,2026-08-26,2027-06-23,34644.25,301,1,7472.07
PAY0001753,APP0001753,2027-07-26,2027-07-26,55667.05,0,0,0.0
PAY0001754,APP0001754,2025-07-19,2026-04-06,42245.17,261,1,14003.52
PAY0001755,APP0001755,2026-09-28,2026-09-28,98058.8,0,0,0.0
PAY0001756,APP0001756,2022-09-13,2023-03-07,12234.76,175,1,8257.17
PAY0001757,APP0001757,2024-06-19,2024-06-19,10516.68,0,0,0.0
PAY0001758,APP0001758,2026-01-28,2026-01-28,34254.32,0,0,0.0
PAY0001759,APP0001759,2026-05-03,2026-05-03,36204.78,0,0,0.0
PAY0001760,APP0001760,2026-08-28,2026-08-28,39642.64,0,0,0.0
PAY0001761,APP0001761,2023-06-28,2023-06-28,14721.54,0,0,0.0
PAY0001762,APP0001762,2027-07-25,2027-12-10,41177.0,138,1,18126.72
PAY0001763,APP0001763,2028-10-05,2029-07-26,16553.12,294,1,11895.03
PAY0001764,APP0001764,2027-01-17,2027-03-16,67520.91,58,1,19462.12
PAY0001765,APP0001765,2027-10-05,2028-05-29,18414.5,237,1,10755.52
PAY0001766,APP0001766,2024-08-12,2024-10-24,53350.49,73,1,25945.55
PAY0001767,APP0001767,2025-01-27,2025-01-27,37125.87,0,0,0.0
PAY0001768,APP0001768,2028-03-03,2028-03-03,99421.84,0,0,0.0
PAY0001769,APP0001769,2027-05-14,2027-05-14,27024.52,0,0,0.0
PAY0001770,APP0001770,2026-12-02,2027-09-22,36056.7,294,1,8023.18
PAY0001771,APP0001771,2026-02-08,2026-06-19,86176.05,131,1,28408.26
PAY0001772,APP0001772,2024-07-14,2024-07-14,29578.46,0,0,0.0
PAY0001773,APP0001773,2027-03-14,2027-03-14,41646.55,0,0,0.0
PAY0001774,APP0001774,2025-01-17,2025-04-16,5239.69,89,1,4184.07
PAY0001775,APP0001775,2025-07-22,2025-07-22,38374.12,0,0,0.0
PAY0001776,APP0001776,2024-05-08,2024-05-08,43815.71,0,0,0.0
PAY0001777,APP0001777,2023-01-22,2023-01-22,33016.17,0,0,0.0
PAY0001778,APP0001778,2024-01-14,2024-08-06,79459.37,205,1,52513.24
PAY0001779,APP0001779,2027-06-08,2027-08-20,21546.53,73,1,14823.73
PAY0001780,APP0001780,2025-05-09,2025-05-09,48837.01,0,0,0.0
PAY0001781,APP0001781,2027-03-02,2028-01-19,110014.43,323,1,59580.31
PAY0001782,APP0001782,2023-10-08,2023-10-08,26336.3,0,0,0.0
PAY0001783,APP0001783,2022-06-30,2022-06-30,71580.61,0,0,0.0
PAY0001784,APP0001784,2025-11-24,2026-04-02,26937.94,129,1,9210.51
PAY0001785,APP0001785,2024-12-06,2024-12-06,20945.84,0,0,0.0
PAY0001786,APP0001786,2025-10-25,2026-09-01,116038.04,311,1,36062.65
PAY0001787,APP0001787,2027-06-05,2027-06-05,14856.78,0,0,0.0
PAY0001788,APP0001788,2028-08-09,2028-10-22,18163.37,74,1,6187.52
PAY0001789,APP0001789,2027-05-15,2027-09-06,47346.77,114,1,34729.52
PAY0001790,APP0001790,2022-08-31,2022-08-31,16804.74,0,0,0.0
PAY0001791,APP0001791,2028-11-22,2029-09-27,18158.9,309,1,4506.44
PAY0001792,APP0001792,2026-07-27,2026-07-27,7906.82,0,0,0.0
PAY0001793,APP0001793,2027-04-17,2028-05-20,25472.76,399,1,6976.77
PAY0001794,APP0001794,2023-01-10,2023-01-10,27040.67,0,0,0.0
PAY0001795,APP0001795,2024-02-13,2024-02-13,20321.46,0,0,0.0
PAY0001796,APP0001796,2024-09-15,2025-03-25,17381.96,191,1,6265.9
PAY0001797,APP0001797,2023-05-21,2024-05-02,19628.69,347,1,15647.3
PAY0001798,APP0001798,2026-01-25,2026-01-25,64216.41,0,0,0.0
PAY0001799,APP0001799,2026-06-19,2026-06-19,27683.31,0,0,0.0
PAY0001800,APP0001800,2028-04-26,2029-05-19,46679.95,388,1,10422.1
PAY0001801,APP0001801,2029-05-24,2029-05-24,29973.7,0,0,0.0
PAY0001802,APP0001802,2027-12-15,2028-08-25,5000,254,1,3421.06
PAY0001803,APP0001803,2027-09-16,2027-09-16,22280.95,0,0,0.0
PAY0001804,APP0001804,2026-06-01,2026-06-01,13741.43,0,0,0.0
PAY0001805,APP0001805,2026-02-09,2026-07-30,79151.35,171,1,25124.19
PAY0001806,APP0001806,2027-05-29,2027-05-29,30627.04,0,0,0.0
PAY0001807,APP0001807,2027-01-20,2028-02-17,28573.63,393,1,14399.01
PAY0001808,APP0001808,2025-11-29,2025-11-29,149150.68,0,0,0.0
PAY0001809,APP0001809,2027-08-31,2028-09-25,47829.77,391,1,39355.51
PAY0001810,APP0001810,2023-03-13,2023-03-13,58908.54,0,0,0.0
PAY0001811,APP0001811,2026-01-31,2026-06-11,22648.35,131,1,16559.02
PAY0001812,APP0001812,2026-06-18,2026-09-13,14048.79,87,1,11217.5
PAY0001813,APP0001813,2027-06-05,2027-06-05,47295.59,0,0,0.0
PAY0001814,APP0001814,2024-09-30,2025-07-09,136365.7,282,1,48311.39
PAY0001815,APP0001815,2024-10-08,2024-10-08,18635.75,0,0,0.0
PAY0001816,APP0001816,2028-12-07,2028-12-07,49639.35,0,0,0.0
PAY0001817,APP0001817,2028-04-21,2029-01-02,22581.03,256,1,15512.78
PAY0001818,APP0001818,2027-03-26,2027-08-26,23505.64,153,1,19835.14
PAY0001819,APP0001819,2023-07-30,2023-07-30,36546.31,0,0,0.0
PAY0001820,APP0001820,2025-02-08,2025-02-08,19842.36,0,0,0.0
PAY0001821,APP0001821,2023-11-10,2024-07-14,36372.87,247,1,8756.5
PAY0001822,APP0001822,2026-07-18,2026-07-18,42082.04,0,0,0.0
PAY0001823,APP0001823,2025-02-23,2025-02-23,15548.73,0,0,0.0
PAY0001824,APP0001824,2022-09-26,2022-09-26,31878.97,0,0,0.0
PAY0001825,APP0001825,2026-07-07,2026-07-07,25438.0,0,0,0.0
PAY0001826,APP0001826,2023-04-02,2023-12-05,128220.54,247,1,88570.05
PAY0001827,APP0001827,2027-11-09,2027-11-09,31476.42,0,0,0.0
PAY0001828,APP0001828,2026-03-26,2026-06-30,24418.26,96,1,17419.79
PAY0001829,APP0001829,2028-05-11,2028-07-02,40492.61,52,1,15408.56
PAY0001830,APP0001830,2025-03-01,2025-03-01,21572.15,0,0,0.0
PAY0001831,APP0001831,2026-10-31,2027-08-13,57667.55,286,1,47587.05
PAY0001832,APP0001832,2027-05-10,2027-05-10,16302.55,0,0,0.0
PAY0001833,APP0001833,2027-07-02,2027-07-02,25045.08,0,0,0.0
PAY0001834,APP0001834,2023-10-31,2023-10-31,80280.33,0,0,0.0
PAY0001835,APP0001835,2026-10-18,2027-03-14,23293.08,147,1,12479.63
PAY0001836,APP0001836,2026-07-13,2027-02-12,14689.64,214,1,9454.06
PAY0001837,APP0001837,2025-06-07,2025-06-07,124310.55,0,0,0.0
PAY0001838,APP0001838,2029-03-19,2029-03-19,126170.12,0,0,0.0
PAY0001839,APP0001839,2026-02-08,2027-02-21,108730.29,378,1,68821.35
PAY0001840,APP0001840,2024-02-04,2024-08-04,95601.22,182,1,44133.93
PAY0001841,APP0001841,2028-10-25,2029-11-15,28748.93,386,1,24166.96
PAY0001842,APP0001842,2028-01-20,2028-04-24,29954.27,95,1,20975.0
PAY0001843,APP0001843,2028-02-05,2028-05-06,123203.41,91,1,64848.42
PAY0001844,APP0001844,2025-08-07,2025-08-07,59703.57,0,0,0.0
PAY0001845,APP0001845,2025-03-25,2025-03-25,21869.7,0,0,0.0
PAY0001846,APP0001846,2026-05-10,2026-05-10,137613.19,0,0,0.0
PAY0001847,APP0001847,2027-11-02,2028-04-26,29869.81,176,1,15043.2
PAY0001848,APP0001848,2024-07-27,2024-07-27,63229.45,0,0,0.0
PAY0001849,APP0001849,2024-03-29,2024-07-23,5630.15,116,1,2823.05
PAY0001850,APP0001850,2026-04-27,2026-11-25,16215.24,212,1,12605.64
PAY0001851,APP0001851,2024-02-26,2024-09-16,22884.55,203,1,8412.19
PAY0001852,APP0001852,2026-01-24,2026-06-30,8451.73,157,1,5739.18
PAY0001853,APP0001853,2026-02-19,2026-08-04,40959.49,166,1,12556.85
PAY0001854,APP0001854,2027-11-01,2028-11-08,8595.83,373,1,2479.54
PAY0001855,APP0001855,2024-02-25,2024-02-25,15147.81,0,0,0.0
PAY0001856,APP0001856,2024-01-04,2024-01-04,62848.67,0,0,0.0
PAY0001857,APP0001857,2027-06-02,2027-07-19,31103.27,47,1,9919.83
PAY0001858,APP0001858,2024-07-21,2024-07-21,16805.5,0,0,0.0
PAY0001859,APP0001859,2027-05-28,2028-03-08,54394.19,285,1,36196.42
PAY0001860,APP0001860,2026-05-01,2027-02-08,70392.91,283,1,36437.27
PAY0001861,APP0001861,2026-05-18,2026-07-12,41036.48,55,1,19803.99
PAY0001862,APP0001862,2026-03-04,2026-10-07,39736.34,217,1,28771.01
PAY0001863,APP0001863,2027-06-27,2027-06-27,17222.28,0,0,0.0
PAY0001864,APP0001864,2027-08-20,2027-08-20,73879.94,0,0,0.0
PAY0001865,APP0001865,2026-08-05,2026-08-05,17441.71,0,0,0.0
PAY0001866,APP0001866,2027-03-21,2027-03-21,46300.28,0,0,0.0
PAY0001867,APP0001867,2026-03-29,2026-05-29,54352.76,61,1,33802.26
PAY0001868,APP0001868,2029-02-28,2029-02-28,81247.78,0,0,0.0
PAY0001869,APP0001869,2026-06-16,2026-06-16,110482.38,0,0,0.0
PAY0001870,APP0001870,2026-10-18,2026-10-18,134504.89,0,0,0.0
PAY0001871,APP0001871,2028-12-11,2028-12-11,106391.69,0,0,0.0
PAY0001872,APP0001872,2025-10-01,2026-10-16,54394.42,380,1,20773.7
PAY0001873,APP0001873,2023-02-13,2023-05-07,11374.35,83,1,5688.15
PAY0001874,APP0001874,2027-12-16,2028-05-13,90197.67,149,1,47625.87
PAY0001875,APP0001875,2023-09-04,2023-09-04,96931.78,0,0,0.0
PAY0001876,APP0001876,2023-09-10,2023-09-10,33162.55,0,0,0.0
PAY0001877,APP0001877,2028-05-06,2028-05-06,100755.07,0,0,0.0
PAY0001878,APP0001878,2027-11-22,2027-11-22,12982.3,0,0,0.0
PAY0001879,APP0001879,2026-05-25,2026-09-03,23338.6,101,1,10422.58
PAY0001880,APP0001880,2026-03-23,2027-02-08,32959.94,322,1,20870.69
PAY0001881,APP0001881,2028-05-27,2028-05-27,88536.6,0,0,0.0
PAY0001882,APP0001882,2025-02-07,2025-02-07,40762.43,0,0,0.0
PAY0001883,APP0001883,2023-04-11,2023-04-11,34851.98,0,0,0.0
PAY0001884,APP0001884,2023-03-23,2024-04-07,75864.36,381,1,49214.25
PAY0001885,APP0001885,2025-11-23,2026-10-31,223606.36,342,1,53266.37
PAY0001886,APP0001886,2024-10-25,2024-10-25,13064.88,0,0,0.0
PAY0001887,APP0001887,2025-06-05,2025-08-13,12238.33,69,1,8913.9
PAY0001888,APP0001888,2026-12-04,2027-08-14,15888.81,253,1,12098.07
PAY0001889,APP0001889,2026-11-15,2026-11-15,26391.54,0,0,0.0
PAY0001890,APP0001890,2025-03-18,2025-03-18,37798.98,0,0,0.0
PAY0001891,APP0001891,2024-05-27,2024-07-19,53048.44,53,1,20839.52
PAY0001892,APP0001892,2025-12-11,2026-07-03,89679.89,204,1,24020.72
PAY0001893,APP0001893,2023-03-12,2024-03-16,14217.0,370,1,5837.06
PAY0001894,APP0001894,2024-03-25,2024-09-23,81022.33,182,1,48054.6
PAY0001895,APP0001895,2023-08-16,2023-08-16,95158.49,0,0,0.0
PAY0001896,APP0001896,2025-06-25,2026-03-17,25622.22,265,1,15801.71
PAY0001897,APP0001897,2026-05-18,2026-05-18,26429.99,0,0,0.0
PAY0001898,APP0001898,2024-03-14,2024-03-14,34000.25,0,0,0.0
PAY0001899,APP0001899,2024-12-25,2025-10-31,66144.5,310,1,13856.18
PAY0001900,APP0001900,2025-12-12,2026-11-04,45265.19,327,1,14303.0
PAY0001901,APP0001901,2025-11-25,2026-03-15,55818.58,110,1,42099.08
PAY0001902,APP0001902,2025-02-09,2025-02-09,40519.68,0,0,0.0
PAY0001903,APP0001903,2024-10-07,2024-10-07,51269.97,0,0,0.0
PAY0001904,APP0001904,2029-11-12,2030-01-19,62479.17,68,1,45844.08
PAY0001905,APP0001905,2027-08-06,2028-07-17,48238.79,346,1,37554.69
PAY0001906,APP0001906,2025-11-14,2026-08-27,62356.75,286,1,23510.44
PAY0001907,APP0001907,2023-01-19,2023-07-27,19448.07,189,1,15162.28
PAY0001908,APP0001908,2024-02-01,2024-02-01,14118.07,0,0,0.0
PAY0001909,APP0001909,2025-04-23,2025-04-23,36946.55,0,0,0.0
PAY0001910,APP0001910,2026-06-18,2027-02-23,35594.9,250,1,9940.25
PAY0001911,APP0001911,2025-02-08,2025-02-08,132780.44,0,0,0.0
PAY0001912,APP0001912,2027-06-29,2027-09-10,69310.67,73,1,42379.69
PAY0001913,APP0001913,2026-02-08,2026-02-08,72569.02,0,0,0.0
PAY0001914,APP0001914,2023-03-08,2023-03-08,11051.4,0,0,0.0
PAY0001915,APP0001915,2025-08-05,2025-10-31,8022.37,87,1,5432.41
PAY0001916,APP0001916,2027-02-15,2027-02-15,56432.04,0,0,0.0
PAY0001917,APP0001917,2024-01-13,2024-01-13,17270.95,0,0,0.0
PAY0001918,APP0001918,2028-03-09,2028-03-09,170860.31,0,0,0.0
PAY0001919,APP0001919,2027-02-15,2027-02-15,63457.45,0,0,0.0
PAY0001920,APP0001920,2026-12-30,2026-12-30,8879.94,0,0,0.0
PAY0001921,APP0001921,2024-04-14,2025-05-04,34111.2,385,1,7722.26
PAY0001922,APP0001922,2028-05-12,2029-02-12,31586.52,276,1,9185.37
PAY0001923,APP0001923,2027-04-14,2027-04-14,86816.92,0,0,0.0
PAY0001924,APP0001924,2023-04-19,2023-06-29,14458.0,71,1,3911.2
PAY0001925,APP0001925,2023-02-14,2023-02-14,84126.94,0,0,0.0
PAY0001926,APP0001926,2025-04-09,2025-08-16,20312.81,129,1,9503.23
PAY0001927,APP0001927,2027-07-10,2027-07-10,90799.82,0,0,0.0
PAY0001928,APP0001928,2026-02-20,2026-02-20,36606.48,0,0,0.0
PAY0001929,APP0001929,2026-06-13,2026-06-13,17034.27,0,0,0.0
PAY0001930,APP0001930,2028-09-06,2028-09-06,19163.59,0,0,0.0
PAY0001931,APP0001931,2028-11-03,2028-11-03,9469.76,0,0,0.0
PAY0001932,APP0001932,2025-09-06,2025-09-06,20671.38,0,0,0.0
PAY0001933,APP0001933,2026-04-22,2026-04-22,62632.97,0,0,0.0
PAY0001934,APP0001934,2026-01-11,2026-01-11,29504.69,0,0,0.0
PAY0001935,APP0001935,2025-09-10,2025-09-10,42425.31,0,0,0.0
PAY0001936,APP0001936,2027-09-05,2027-09-05,47179.83,0,0,0.0
PAY0001937,APP0001937,2026-09-08,2026-09-08,15262.78,0,0,0.0
PAY0001938,APP0001938,2026-11-06,2026-12-25,27975.29,49,1,15085.69
PAY0001939,APP0001939,2024-08-07,2024-09-14,22202.25,38,1,7832.1
PAY0001940,APP0001940,2028-07-25,2028-11-14,35919.61,112,1,8614.87
PAY0001941,APP0001941,2025-01-24,2025-06-30,38157.79,157,1,30987.16
PAY0001942,APP0001942,2029-10-01,2029-11-03,251618.58,33,1,99762.22
PAY0001943,APP0001943,2025-06-10,2025-06-10,34596.07,0,0,0.0
PAY0001944,APP0001944,2023-09-17,2023-11-20,72317.6,64,1,35032.18
PAY0001945,APP0001945,2025-06-25,2025-10-26,34792.55,123,1,27518.8
PAY0001946,APP0001946,2025-04-07,2025-04-07,31268.17,0,0,0.0
PAY0001947,APP0001947,2025-11-24,2026-04-10,19989.87,137,1,15493.28
PAY0001948,APP0001948,2029-08-12,2029-08-12,138262.2,0,0,0.0
PAY0001949,APP0001949,2024-08-07,2025-07-12,81934.98,339,1,62447.92
PAY0001950,APP0001950,2027-05-05,2027-05-05,11623.73,0,0,0.0
PAY0001951,APP0001951,2027-02-25,2027-05-10,55481.23,74,1,39577.59
PAY0001952,APP0001952,2023-06-28,2023-06-28,26104.56,0,0,0.0
PAY0001953,APP0001953,2023-03-30,2024-02-12,20685.17,319,1,15005.78
PAY0001954,APP0001954,2027-04-09,2027-04-09,78672.56,0,0,0.0
PAY0001955,APP0001955,2025-03-21,2026-01-25,53786.83,310,1,21931.31
PAY0001956,APP0001956,2025-09-09,2025-11-01,9360.42,53,1,5449.65
PAY0001957,APP0001957,2023-04-28,2024-01-12,48451.22,259,1,37552.64
PAY0001958,APP0001958,2026-03-25,2026-03-25,26774.4,0,0,0.0
PAY0001959,APP0001959,2024-05-04,2024-05-04,8340.88,0,0,0.0
PAY0001960,APP0001960,2027-08-11,2027-08-11,190479.86,0,0,0.0
PAY0001961,APP0001961,2025-02-21,2025-02-21,131473.47,0,0,0.0
PAY0001962,APP0001962,2028-07-22,2028-07-22,104822.05,0,0,0.0
PAY0001963,APP0001963,2025-09-29,2025-09-29,20008.79,0,0,0.0
PAY0001964,APP0001964,2027-06-20,2027-06-20,53932.98,0,0,0.0
PAY0001965,APP0001965,2023-12-22,2023-12-22,16960.89,0,0,0.0
PAY0001966,APP0001966,2027-07-27,2028-01-31,13573.08,188,1,4602.66
PAY0001967,APP0001967,2025-12-29,2025-12-29,49453.46,0,0,0.0
PAY0001968,APP0001968,2024-02-29,2024-02-29,16618.18,0,0,0.0
PAY0001969,APP0001969,2026-11-19,2026-11-19,44169.51,0,0,0.0
PAY0001970,APP0001970,2029-06-22,2030-04-24,27947.26,306,1,22553.18
PAY0001971,APP0001971,2028-08-27,2029-03-05,36207.85,190,1,14383.26
PAY0001972,APP0001972,2025-11-23,2025-11-23,104724.04,0,0,0.0
PAY0001973,APP0001973,2026-10-19,2026-10-19,18545.79,0,0,0.0
PAY0001974,APP0001974,2025-11-07,2026-09-23,42762.77,320,1,29421.12
PAY0001975,APP0001975,2023-10-22,2024-08-24,14941.64,307,1,10952.59
PAY0001976,APP0001976,2025-11-21,2026-04-30,63049.0,160,1,38757.6
PAY0001977,APP0001977,2024-10-29,2024-10-29,31348.4,0,0,0.0
PAY0001978,APP0001978,2025-06-12,2025-06-12,84180.89,0,0,0.0
PAY0001979,APP0001979,2026-12-07,2026-12-07,87564.72,0,0,0.0
PAY0001980,APP0001980,2026-04-23,2026-04-23,68844.43,0,0,0.0
PAY0001981,APP0001981,2026-03-31,2026-03-31,49796.97,0,0,0.0
PAY0001982,APP0001982,2026-01-15,2027-01-11,12437.07,361,1,9218.06
PAY0001983,APP0001983,2024-02-16,2024-02-16,35725.57,0,0,0.0
PAY0001984,APP0001984,2024-05-17,2024-12-20,30524.75,217,1,9118.86
PAY0001985,APP0001985,2024-05-19,2024-05-19,78875.91,0,0,0.0
PAY0001986,APP0001986,2027-04-20,2028-01-23,39320.12,278,1,12650.99
PAY0001987,APP0001987,2024-01-05,2024-01-05,55531.97,0,0,0.0
PAY0001988,APP0001988,2028-03-08,2028-10-17,87767.15,223,1,67118.41
PAY0001989,APP0001989,2028-03-16,2028-03-16,100806.58,0,0,0.0
PAY0001990,APP0001990,2024-02-12,2024-02-12,30079.95,0,0,0.0
PAY0001991,APP0001991,2025-02-06,2025-02-06,70328.43,0,0,0.0
PAY0001992,APP0001992,2025-04-04,2025-04-04,16058.5,0,0,0.0
PAY0001993,APP0001993,2024-01-30,2024-03-13,54376.68,43,1,24117.56
PAY0001994,APP0001994,2026-11-05,2027-03-11,69381.98,126,1,45959.27
PAY0001995,APP0001995,2023-05-24,2024-02-18,20867.95,270,1,11823.77
PAY0001996,APP0001996,2027-01-20,2027-01-20,19698.72,0,0,0.0
PAY0001997,APP0001997,2029-02-27,2029-02-27,65498.17,0,0,0.0
PAY0001998,APP0001998,2027-06-11,2027-10-16,96399.34,127,1,51060.87
PAY0001999,APP0001999,2026-09-21,2026-09-21,16090.37,0,0,0.0
PAY0002000,APP0002000,2025-03-15,2025-03-15,19559.4,0,0,0.0
PAY0002001,APP0002001,2022-12-05,2022-12-05,44658.12,0,0,0.0
PAY0002002,APP0002002,2027-12-01,2028-09-11,22350.09,285,1,11794.92
PAY0002003,APP0002003,2025-01-10,2025-01-10,42565.07,0,0,0.0
PAY0002004,APP0002004,2024-09-11,2024-09-11,23338.95,0,0,0.0
PAY0002005,APP0002005,2023-06-17,2023-06-17,36169.87,0,0,0.0
PAY0002006,APP0002006,2026-01-23,2026-03-27,103866.26,63,1,76567.2
PAY0002007,APP0002007,2024-02-16,2024-02-16,32073.27,0,0,0.0
PAY0002008,APP0002008,2026-01-05,2026-10-06,14381.64,274,1,10373.22
PAY0002009,APP0002009,2028-01-02,2028-12-20,26366.79,353,1,16539.53
PAY0002010,APP0002010,2026-11-24,2026-11-24,29415.19,0,0,0.0
PAY0002011,APP0002011,2025-07-14,2026-08-06,125032.04,388,1,58073.42
PAY0002012,APP0002012,2027-07-25,2027-07-25,15434.96,0,0,0.0
PAY0002013,APP0002013,2023-01-13,2023-10-09,34508.04,269,1,23912.3
PAY0002014,APP0002014,2023-03-19,2023-03-19,19911.6,0,0,0.0
PAY0002015,APP0002015,2025-09-07,2025-09-07,21558.79,0,0,0.0
PAY0002016,APP0002016,2026-06-13,2027-01-14,175301.77,215,1,115820.09
PAY0002017,APP0002017,2023-12-19,2023-12-19,136742.9,0,0,0.0
PAY0002018,APP0002018,2025-11-15,2025-11-15,52494.04,0,0,0.0
PAY0002019,APP0002019,2027-12-23,2028-05-29,49502.97,158,1,28741.35
PAY0002020,APP0002020,2024-10-13,2025-10-17,12973.63,369,1,6423.02
PAY0002021,APP0002021,2027-11-26,2027-11-26,123982.33,0,0,0.0
PAY0002022,APP0002022,2022-07-06,2023-02-25,31632.02,234,1,20507.47
PAY0002023,APP0002023,2026-11-07,2027-03-17,69606.71,130,1,30410.07
PAY0002024,APP0002024,2023-08-29,2023-08-29,24213.13,0,0,0.0
PAY0002025,APP0002025,2024-02-16,2024-08-15,23314.64,181,1,19690.55
PAY0002026,APP0002026,2025-03-05,2025-10-15,45849.56,224,1,16252.02
PAY0002027,APP0002027,2024-08-02,2024-08-02,44095.6,0,0,0.0
PAY0002028,APP0002028,2028-08-29,2029-01-11,30091.13,135,1,12339.94
PAY0002029,APP0002029,2024-08-05,2024-11-05,84507.47,92,1,31243.16
PAY0002030,APP0002030,2027-02-17,2027-02-17,10534.26,0,0,0.0
PAY0002031,APP0002031,2025-03-25,2025-05-08,24055.7,44,1,16135.16
PAY0002032,APP0002032,2023-12-29,2023-12-29,15851.91,0,0,0.0
PAY0002033,APP0002033,2025-09-13,2025-09-13,21089.74,0,0,0.0
PAY0002034,APP0002034,2026-02-02,2026-05-19,103460.25,106,1,74422.76
